encoded_length	23456789ABCDEFGHJKLMNPQRSTUVWXYZabcdefghijkmnopqrstuvwxyz	16		22
encoded_length	23456789ABCDEFGHJKLMNPQRSTUVWXYZabcdefghijkmnopqrstuvwxyz	8		11
encoded_length	23456789ABCDEFGHJKLMNPQRSTUVWXYZabcdefghijkmnopqrstuvwxyz	4		6
encoded_length	23456789ABCDEFGHJKLMNPQRSTUVWXYZabcdefghijkmnopqrstuvwxyz	32		44
encode	23456789ABCDEFGHJKLMNPQRSTUVWXYZabcdefghijkmnopqrstuvwxyz	1469208d-6867-9c28-5c26-ea10cdc85a5b		5dzhqvcnTcejJJiJhvWyL7
decode	23456789ABCDEFGHJKLMNPQRSTUVWXYZabcdefghijkmnopqrstuvwxyz	5dzhqvcnTcejJJiJhvWyL7	0	1469208d-6867-9c28-5c26-ea10cdc85a5b
encode	23456789ABCDEFGHJKLMNPQRSTUVWXYZabcdefghijkmnopqrstuvwxyz	5119773a-2535-8567-990c-24e1df67fda7		GSUqB4fB8B2KTYncXwUepn
decode	23456789ABCDEFGHJKLMNPQRSTUVWXYZabcdefghijkmnopqrstuvwxyz	GSUqB4fB8B2KTYncXwUepn	0	5119773a-2535-8567-990c-24e1df67fda7
encode	23456789ABCDEFGHJKLMNPQRSTUVWXYZabcdefghijkmnopqrstuvwxyz	0d7bac94-8a44-ad2b-1803-c69c8ab72aa9		4Qk8oREzRRiGAJPMrbveiE
decode	23456789ABCDEFGHJKLMNPQRSTUVWXYZabcdefghijkmnopqrstuvwxyz	4Qk8oREzRRiGAJPMrbveiE	0	0d7bac94-8a44-ad2b-1803-c69c8ab72aa9
encode	23456789ABCDEFGHJKLMNPQRSTUVWXYZabcdefghijkmnopqrstuvwxyz	4cc3a9ea-7b68-4ca5-c4a2-f61eea5f5468		FfWpcLkhhJYUKReKbRxCh6
decode	23456789ABCDEFGHJKLMNPQRSTUVWXYZabcdefghijkmnopqrstuvwxyz	FfWpcLkhhJYUKReKbRxCh6	0	4cc3a9ea-7b68-4ca5-c4a2-f61eea5f5468
encode	23456789ABCDEFGHJKLMNPQRSTUVWXYZabcdefghijkmnopqrstuvwxyz	2019031d-2bda-ebbe-5dad-a76e81ec5433		7iXbDXPKW8pKGULR6Dx2xo
decode	23456789ABCDEFGHJKLMNPQRSTUVWXYZabcdefghijkmnopqrstuvwxyz	7iXbDXPKW8pKGULR6Dx2xo	0	2019031d-2bda-ebbe-5dad-a76e81ec5433
encode	23456789ABCDEFGHJKLMNPQRSTUVWXYZabcdefghijkmnopqrstuvwxyz	b67fc376-d9d5-6a3f-0868-3876ad0f75c4		aUpUK4NDwg2zWwpYePiE43
decode	23456789ABCDEFGHJKLMNPQRSTUVWXYZabcdefghijkmnopqrstuvwxyz	aUpUK4NDwg2zWwpYePiE43	0	b67fc376-d9d5-6a3f-0868-3876ad0f75c4
encode	23456789ABCDEFGHJKLMNPQRSTUVWXYZabcdefghijkmnopqrstuvwxyz	6a6e4f00-c659-6a79-a298-8af4992163e6		LwP4wkXyYaheyi3Sbqf9nW
decode	23456789ABCDEFGHJKLMNPQRSTUVWXYZabcdefghijkmnopqrstuvwxyz	LwP4wkXyYaheyi3Sbqf9nW	0	6a6e4f00-c659-6a79-a298-8af4992163e6
encode	23456789ABCDEFGHJKLMNPQRSTUVWXYZabcdefghijkmnopqrstuvwxyz	cc4e21da-372a-69ac-034a-afc77bd01bf4		eMxqgnAcK76MpzzBu4o9CF
decode	23456789ABCDEFGHJKLMNPQRSTUVWXYZabcdefghijkmnopqrstuvwxyz	eMxqgnAcK76MpzzBu4o9CF	0	cc4e21da-372a-69ac-034a-afc77bd01bf4
encode	23456789ABCDEFGHJKLMNPQRSTUVWXYZabcdefghijkmnopqrstuvwxyz	6ba50cf8-feae-64bc-0c34-da13224baa54		MAgjYgb4S6xVuvdod6dyk6
decode	23456789ABCDEFGHJKLMNPQRSTUVWXYZabcdefghijkmnopqrstuvwxyz	MAgjYgb4S6xVuvdod6dyk6	0	6ba50cf8-feae-64bc-0c34-da13224baa54
encode	23456789ABCDEFGHJKLMNPQRSTUVWXYZabcdefghijkmnopqrstuvwxyz	d880c99d-3cf6-9ca9-dd4e-a56e1a033dca		gXg2VTvZQYS4sPeeT5Kcn5
decode	23456789ABCDEFGHJKLMNPQRSTUVWXYZabcdefghijkmnopqrstuvwxyz	gXg2VTvZQYS4sPeeT5Kcn5	0	d880c99d-3cf6-9ca9-dd4e-a56e1a033dca
encode	23456789ABCDEFGHJKLMNPQRSTUVWXYZabcdefghijkmnopqrstuvwxyz	ab8503e0-c883-b38d-e337-e797ff1462e0		YXUc3KCNzuKjV3NCBv4KHM
decode	23456789ABCDEFGHJKLMNPQRSTUVWXYZabcdefghijkmnopqrstuvwxyz	YXUc3KCNzuKjV3NCBv4KHM	0	ab8503e0-c883-b38d-e337-e797ff1462e0
encode	23456789ABCDEFGHJKLMNPQRSTUVWXYZabcdefghijkmnopqrstuvwxyz	53276202-4370-1fab-da97-37fe1ed8f0dd		GoKPvcjCbdJ6BV6cB8aCiz
decode	23456789ABCDEFGHJKLMNPQRSTUVWXYZabcdefghijkmnopqrstuvwxyz	GoKPvcjCbdJ6BV6cB8aCiz	0	53276202-4370-1fab-da97-37fe1ed8f0dd
encode	23456789ABCDEFGHJKLMNPQRSTUVWXYZabcdefghijkmnopqrstuvwxyz	d72d9e56-52bb-56e3-4f82-b1b656c5af4a		gJFA4unyxBgrtbSWHajMsq
decode	23456789ABCDEFGHJKLMNPQRSTUVWXYZabcdefghijkmnopqrstuvwxyz	gJFA4unyxBgrtbSWHajMsq	0	d72d9e56-52bb-56e3-4f82-b1b656c5af4a
encode	23456789ABCDEFGHJKLMNPQRSTUVWXYZabcdefghijkmnopqrstuvwxyz	ddc944ac-3aee-661b-4b6e-0d789f093c59		hUG2DTeEahJQVJWya7rzNL
decode	23456789ABCDEFGHJKLMNPQRSTUVWXYZabcdefghijkmnopqrstuvwxyz	hUG2DTeEahJQVJWya7rzNL	0	ddc944ac-3aee-661b-4b6e-0d789f093c59
encode	23456789ABCDEFGHJKLMNPQRSTUVWXYZabcdefghijkmnopqrstuvwxyz	c7c6d325-77de-d658-9d55-51a0f318ebe6		dZ44Hy8RfUvb8JuT5U676f
decode	23456789ABCDEFGHJKLMNPQRSTUVWXYZabcdefghijkmnopqrstuvwxyz	dZ44Hy8RfUvb8JuT5U676f	0	c7c6d325-77de-d658-9d55-51a0f318ebe6
encode	23456789ABCDEFGHJKLMNPQRSTUVWXYZabcdefghijkmnopqrstuvwxyz	c8c87658-fb11-4c6c-e7c8-da96ca877363		djFoo2wuQWaeiPFF4p9vpt
decode	23456789ABCDEFGHJKLMNPQRSTUVWXYZabcdefghijkmnopqrstuvwxyz	djFoo2wuQWaeiPFF4p9vpt	0	c8c87658-fb11-4c6c-e7c8-da96ca877363
encode	23456789ABCDEFGHJKLMNPQRSTUVWXYZabcdefghijkmnopqrstuvwxyz	93e10d93-7284-0f00-9edb-1498968a0ea4		UKirJzJUh3ao7aQdUKaoDK
decode	23456789ABCDEFGHJKLMNPQRSTUVWXYZabcdefghijkmnopqrstuvwxyz	UKirJzJUh3ao7aQdUKaoDK	0	93e10d93-7284-0f00-9edb-1498968a0ea4
encode	23456789ABCDEFGHJKLMNPQRSTUVWXYZabcdefghijkmnopqrstuvwxyz	271131c3-263a-8835-af91-804682215be3		8xDQDVTJNz78J4HUvZrxgY
decode	23456789ABCDEFGHJKLMNPQRSTUVWXYZabcdefghijkmnopqrstuvwxyz	8xDQDVTJNz78J4HUvZrxgY	0	271131c3-263a-8835-af91-804682215be3
encode	23456789ABCDEFGHJKLMNPQRSTUVWXYZabcdefghijkmnopqrstuvwxyz	577ab348-4f4a-92fe-4e73-d6f98caa1b21		HaBnhim3kmPwWjiZimAoXt
decode	23456789ABCDEFGHJKLMNPQRSTUVWXYZabcdefghijkmnopqrstuvwxyz	HaBnhim3kmPwWjiZimAoXt	0	577ab348-4f4a-92fe-4e73-d6f98caa1b21
encode	23456789ABCDEFGHJKLMNPQRSTUVWXYZabcdefghijkmnopqrstuvwxyz	81f628b6-6914-114a-0989-accfdbc8f0f3		R92LRaqFCMGWhd7ADt4m2z
decode	23456789ABCDEFGHJKLMNPQRSTUVWXYZabcdefghijkmnopqrstuvwxyz	R92LRaqFCMGWhd7ADt4m2z	0	81f628b6-6914-114a-0989-accfdbc8f0f3
encode	23456789ABCDEFGHJKLMNPQRSTUVWXYZabcdefghijkmnopqrstuvwxyz	45eebbd4-cafd-2fcb-6f1d-8a9b6e55dbc9		ETEcuygZMzCTMTPgdAJTfj
decode	23456789ABCDEFGHJKLMNPQRSTUVWXYZabcdefghijkmnopqrstuvwxyz	ETEcuygZMzCTMTPgdAJTfj	0	45eebbd4-cafd-2fcb-6f1d-8a9b6e55dbc9
encode	23456789ABCDEFGHJKLMNPQRSTUVWXYZabcdefghijkmnopqrstuvwxyz	814215b6-8631-4c26-7e69-190db84a86fc		Qzsi63XbzLkpk7hYs8dv4e
decode	23456789ABCDEFGHJKLMNPQRSTUVWXYZabcdefghijkmnopqrstuvwxyz	Qzsi63XbzLkpk7hYs8dv4e	0	814215b6-8631-4c26-7e69-190db84a86fc
encode	23456789ABCDEFGHJKLMNPQRSTUVWXYZabcdefghijkmnopqrstuvwxyz	060bffb4-9fc1-3222-0b35-9a4e36a9c523		36LVrUa9oCHF9bKBU8aSZv
decode	23456789ABCDEFGHJKLMNPQRSTUVWXYZabcdefghijkmnopqrstuvwxyz	36LVrUa9oCHF9bKBU8aSZv	0	060bffb4-9fc1-3222-0b35-9a4e36a9c523
encode	23456789ABCDEFGHJKLMNPQRSTUVWXYZabcdefghijkmnopqrstuvwxyz	7bda8284-6c9e-17d7-c8ec-ef75fec808d9		Q45WDqNprWHpSpTw2zbdAF
decode	23456789ABCDEFGHJKLMNPQRSTUVWXYZabcdefghijkmnopqrstuvwxyz	Q45WDqNprWHpSpTw2zbdAF	0	7bda8284-6c9e-17d7-c8ec-ef75fec808d9
encode	23456789ABCDEFGHJKLMNPQRSTUVWXYZabcdefghijkmnopqrstuvwxyz	2e19f785-1e79-bb99-729b-92b1135d237c		ADYfYS5q8TRpAo4yh9mPbw
decode	23456789ABCDEFGHJKLMNPQRSTUVWXYZabcdefghijkmnopqrstuvwxyz	ADYfYS5q8TRpAo4yh9mPbw	0	2e19f785-1e79-bb99-729b-92b1135d237c
encode	23456789ABCDEFGHJKLMNPQRSTUVWXYZabcdefghijkmnopqrstuvwxyz	3283cc0a-cc2a-fae6-0722-ab5809e5cc60		AzJtv9ay2ZPbr8rD7yWSTP
decode	23456789ABCDEFGHJKLMNPQRSTUVWXYZabcdefghijkmnopqrstuvwxyz	AzJtv9ay2ZPbr8rD7yWSTP	0	3283cc0a-cc2a-fae6-0722-ab5809e5cc60
encode	23456789ABCDEFGHJKLMNPQRSTUVWXYZabcdefghijkmnopqrstuvwxyz	a30dd716-f8e7-5f13-15ac-fd3cf9c5e466		X2cy4naw2ueapPRoQvrj6z
decode	23456789ABCDEFGHJKLMNPQRSTUVWXYZabcdefghijkmnopqrstuvwxyz	X2cy4naw2ueapPRoQvrj6z	0	a30dd716-f8e7-5f13-15ac-fd3cf9c5e466
encode	23456789ABCDEFGHJKLMNPQRSTUVWXYZabcdefghijkmnopqrstuvwxyz	0b40b1bf-134f-0ad6-d66b-d9b325503e63		428p2ozj36rdtnPM7DjPvq
decode	23456789ABCDEFGHJKLMNPQRSTUVWXYZabcdefghijkmnopqrstuvwxyz	428p2ozj36rdtnPM7DjPvq	0	0b40b1bf-134f-0ad6-d66b-d9b325503e63
encode	23456789ABCDEFGHJKLMNPQRSTUVWXYZabcdefghijkmnopqrstuvwxyz	a3882c89-85bc-a089-b1d6-bc4a7941e703		X7UDdXMdYyCTHkzsoMTRNA
decode	23456789ABCDEFGHJKLMNPQRSTUVWXYZabcdefghijkmnopqrstuvwxyz	X7UDdXMdYyCTHkzsoMTRNA	0	a3882c89-85bc-a089-b1d6-bc4a7941e703
encode	23456789ABCDEFGHJKLMNPQRSTUVWXYZabcdefghijkmnopqrstuvwxyz	ac5d622d-c62b-1ea5-c27a-5cac177f5183		Yg4Bnf3KsLScLCuByruwMC
decode	23456789ABCDEFGHJKLMNPQRSTUVWXYZabcdefghijkmnopqrstuvwxyz	Yg4Bnf3KsLScLCuByruwMC	0	ac5d622d-c62b-1ea5-c27a-5cac177f5183
encode	23456789ABCDEFGHJKLMNPQRSTUVWXYZabcdefghijkmnopqrstuvwxyz	7815e17d-6516-16c8-f819-a347634ee57b		PNrJrv6BJXfsM9HRzbDFtu
decode	23456789ABCDEFGHJKLMNPQRSTUVWXYZabcdefghijkmnopqrstuvwxyz	PNrJrv6BJXfsM9HRzbDFtu	0	7815e17d-6516-16c8-f819-a347634ee57b
encode	23456789ABCDEFGHJKLMNPQRSTUVWXYZabcdefghijkmnopqrstuvwxyz	629979d7-7d32-67c8-9a84-ccadd2fca4a9		KYx247pPFKdPmdQEVTq9jB
decode	23456789ABCDEFGHJKLMNPQRSTUVWXYZabcdefghijkmnopqrstuvwxyz	KYx247pPFKdPmdQEVTq9jB	0	629979d7-7d32-67c8-9a84-ccadd2fca4a9
encode	23456789ABCDEFGHJKLMNPQRSTUVWXYZabcdefghijkmnopqrstuvwxyz	cee4415a-8e99-e68c-075c-81a4b2036e7b		epCxWhQBa5ZtJ4tPSrBaN7
decode	23456789ABCDEFGHJKLMNPQRSTUVWXYZabcdefghijkmnopqrstuvwxyz	epCxWhQBa5ZtJ4tPSrBaN7	0	cee4415a-8e99-e68c-075c-81a4b2036e7b
encode	23456789ABCDEFGHJKLMNPQRSTUVWXYZabcdefghijkmnopqrstuvwxyz	fc7e9d39-e420-39a2-7b9e-1ba1ab5ef790		nvgUdFxXCwzWGip2YDWvDL
decode	23456789ABCDEFGHJKLMNPQRSTUVWXYZabcdefghijkmnopqrstuvwxyz	nvgUdFxXCwzWGip2YDWvDL	0	fc7e9d39-e420-39a2-7b9e-1ba1ab5ef790
encode	23456789ABCDEFGHJKLMNPQRSTUVWXYZabcdefghijkmnopqrstuvwxyz	aeefc1e8-d0fb-d072-c92d-76e0ae4134b6		Z98q5Q2HL8GZnVvZwWPjGy
decode	23456789ABCDEFGHJKLMNPQRSTUVWXYZabcdefghijkmnopqrstuvwxyz	Z98q5Q2HL8GZnVvZwWPjGy	0	aeefc1e8-d0fb-d072-c92d-76e0ae4134b6
encode	23456789ABCDEFGHJKLMNPQRSTUVWXYZabcdefghijkmnopqrstuvwxyz	d86d3eb4-b9cd-6cb2-07b8-99152ad171de		gWttAk8qSyGBSFvyeeUqMZ
decode	23456789ABCDEFGHJKLMNPQRSTUVWXYZabcdefghijkmnopqrstuvwxyz	gWttAk8qSyGBSFvyeeUqMZ	0	d86d3eb4-b9cd-6cb2-07b8-99152ad171de
encode	23456789ABCDEFGHJKLMNPQRSTUVWXYZabcdefghijkmnopqrstuvwxyz	abc3bb11-1a81-1d95-4ca4-5a0d73d8c244		YZxEA7FCMWyHvBBy2tN34x
decode	23456789ABCDEFGHJKLMNPQRSTUVWXYZabcdefghijkmnopqrstuvwxyz	YZxEA7FCMWyHvBBy2tN34x	0	abc3bb11-1a81-1d95-4ca4-5a0d73d8c244
encode	23456789ABCDEFGHJKLMNPQRSTUVWXYZabcdefghijkmnopqrstuvwxyz	fd628649-b585-387a-9134-0b539eca06f2		o6i7xNCaPB9bcRiPht9Vdg
decode	23456789ABCDEFGHJKLMNPQRSTUVWXYZabcdefghijkmnopqrstuvwxyz	o6i7xNCaPB9bcRiPht9Vdg	0	fd628649-b585-387a-9134-0b539eca06f2
encode	23456789ABCDEFGHJKLMNPQRSTUVWXYZabcdefghijkmnopqrstuvwxyz	523f100b-d06d-fdb7-1077-ccdcd9f56127		Ge7o2PLGpA9jQYqguRzph2
decode	23456789ABCDEFGHJKLMNPQRSTUVWXYZabcdefghijkmnopqrstuvwxyz	Ge7o2PLGpA9jQYqguRzph2	0	523f100b-d06d-fdb7-1077-ccdcd9f56127
encode	23456789ABCDEFGHJKLMNPQRSTUVWXYZabcdefghijkmnopqrstuvwxyz	a9eaefb1-55b8-2ee4-ee39-2033e08fff0f		YFEcoNcTUDKfzCB9Tic2np
decode	23456789ABCDEFGHJKLMNPQRSTUVWXYZabcdefghijkmnopqrstuvwxyz	YFEcoNcTUDKfzCB9Tic2np	0	a9eaefb1-55b8-2ee4-ee39-2033e08fff0f
encode	23456789ABCDEFGHJKLMNPQRSTUVWXYZabcdefghijkmnopqrstuvwxyz	26866f84-26ce-4c91-6de5-b223994cd27e		8ri5aL8c9Ew4eYeN4PPPvc
decode	23456789ABCDEFGHJKLMNPQRSTUVWXYZabcdefghijkmnopqrstuvwxyz	8ri5aL8c9Ew4eYeN4PPPvc	0	26866f84-26ce-4c91-6de5-b223994cd27e
encode	23456789ABCDEFGHJKLMNPQRSTUVWXYZabcdefghijkmnopqrstuvwxyz	75f6be76-700d-7825-1dfd-d042d2cab97f		NzLrkXwporiTqjHh6GYdSJ
decode	23456789ABCDEFGHJKLMNPQRSTUVWXYZabcdefghijkmnopqrstuvwxyz	NzLrkXwporiTqjHh6GYdSJ	0	75f6be76-700d-7825-1dfd-d042d2cab97f
encode	23456789ABCDEFGHJKLMNPQRSTUVWXYZabcdefghijkmnopqrstuvwxyz	c9e3087f-1459-64c7-ef7c-a02f19387a63		dvSsV4yhpLRfefn9XN5qb6
decode	23456789ABCDEFGHJKLMNPQRSTUVWXYZabcdefghijkmnopqrstuvwxyz	dvSsV4yhpLRfefn9XN5qb6	0	c9e3087f-1459-64c7-ef7c-a02f19387a63
encode	23456789ABCDEFGHJKLMNPQRSTUVWXYZabcdefghijkmnopqrstuvwxyz	9734a460-fa94-4b3e-01a9-f8f2115ac67b		UuToJ8hXFzy7UUt47ZvDQ6
decode	23456789ABCDEFGHJKLMNPQRSTUVWXYZabcdefghijkmnopqrstuvwxyz	UuToJ8hXFzy7UUt47ZvDQ6	0	9734a460-fa94-4b3e-01a9-f8f2115ac67b
encode	23456789ABCDEFGHJKLMNPQRSTUVWXYZabcdefghijkmnopqrstuvwxyz	7467c2c8-f053-5802-87b3-b43fd060205b		NiXvf5cpkHyE6R22Pxpm8P
decode	23456789ABCDEFGHJKLMNPQRSTUVWXYZabcdefghijkmnopqrstuvwxyz	NiXvf5cpkHyE6R22Pxpm8P	0	7467c2c8-f053-5802-87b3-b43fd060205b
encode	23456789ABCDEFGHJKLMNPQRSTUVWXYZabcdefghijkmnopqrstuvwxyz	5c39fbee-7b1a-8cfa-aadf-299c33855642		JRKyp7Ng5uHULjEn8RXyqE
decode	23456789ABCDEFGHJKLMNPQRSTUVWXYZabcdefghijkmnopqrstuvwxyz	JRKyp7Ng5uHULjEn8RXyqE	0	5c39fbee-7b1a-8cfa-aadf-299c33855642
encode	23456789ABCDEFGHJKLMNPQRSTUVWXYZabcdefghijkmnopqrstuvwxyz	8ee0c29a-d52a-b89f-99ad-9eedc68e64da		TRzrsiQHV9eEUsNXaEanV5
decode	23456789ABCDEFGHJKLMNPQRSTUVWXYZabcdefghijkmnopqrstuvwxyz	TRzrsiQHV9eEUsNXaEanV5	0	8ee0c29a-d52a-b89f-99ad-9eedc68e64da
encode	23456789ABCDEFGHJKLMNPQRSTUVWXYZabcdefghijkmnopqrstuvwxyz	a4604457-2caf-eb46-e02c-b60b726dd9b6		XG3AwYwFnNXzVyEgjBbZAk
decode	23456789ABCDEFGHJKLMNPQRSTUVWXYZabcdefghijkmnopqrstuvwxyz	XG3AwYwFnNXzVyEgjBbZAk	0	a4604457-2caf-eb46-e02c-b60b726dd9b6
encode	23456789ABCDEFGHJKLMNPQRSTUVWXYZabcdefghijkmnopqrstuvwxyz	79b94241-86e1-a174-4c91-80ed14f887d1		PfUHyijd2yhSPv49dFTR9e
decode	23456789ABCDEFGHJKLMNPQRSTUVWXYZabcdefghijkmnopqrstuvwxyz	PfUHyijd2yhSPv49dFTR9e	0	79b94241-86e1-a174-4c91-80ed14f887d1
encode	23456789ABCDEFGHJKLMNPQRSTUVWXYZabcdefghijkmnopqrstuvwxyz	acfb0b5d-4134-879d-1367-5d03cfb8aa4e		YnJCKWM5zBJbfLpvGgMQzR
decode	23456789ABCDEFGHJKLMNPQRSTUVWXYZabcdefghijkmnopqrstuvwxyz	YnJCKWM5zBJbfLpvGgMQzR	0	acfb0b5d-4134-879d-1367-5d03cfb8aa4e
encode	23456789ABCDEFGHJKLMNPQRSTUVWXYZabcdefghijkmnopqrstuvwxyz	5c1f3b8e-c058-a123-3e69-d1fc195007ce		JQGadtV8Wk7cwdrEMyxRT5
decode	23456789ABCDEFGHJKLMNPQRSTUVWXYZabcdefghijkmnopqrstuvwxyz	JQGadtV8Wk7cwdrEMyxRT5	0	5c1f3b8e-c058-a123-3e69-d1fc195007ce
encode	23456789ABCDEFGHJKLMNPQRSTUVWXYZabcdefghijkmnopqrstuvwxyz	0f0e09aa-83ac-a908-8902-0cc8e29b129e		4gggzoZfwu6xfgjTgXi4rP
decode	23456789ABCDEFGHJKLMNPQRSTUVWXYZabcdefghijkmnopqrstuvwxyz	4gggzoZfwu6xfgjTgXi4rP	0	0f0e09aa-83ac-a908-8902-0cc8e29b129e
encode	23456789ABCDEFGHJKLMNPQRSTUVWXYZabcdefghijkmnopqrstuvwxyz	00b8024e-22a1-b111-1282-66e7ef6ca75d		29JWnzRK7aYgKnxxDAYPSp
decode	23456789ABCDEFGHJKLMNPQRSTUVWXYZabcdefghijkmnopqrstuvwxyz	29JWnzRK7aYgKnxxDAYPSp	0	00b8024e-22a1-b111-1282-66e7ef6ca75d
encode	23456789ABCDEFGHJKLMNPQRSTUVWXYZabcdefghijkmnopqrstuvwxyz	704429e3-e802-79cb-f4b7-37554b3d0ca2		MyZHwraQSTkTHCyG9N5jUN
decode	23456789ABCDEFGHJKLMNPQRSTUVWXYZabcdefghijkmnopqrstuvwxyz	MyZHwraQSTkTHCyG9N5jUN	0	704429e3-e802-79cb-f4b7-37554b3d0ca2
encode	23456789ABCDEFGHJKLMNPQRSTUVWXYZabcdefghijkmnopqrstuvwxyz	cafdd146-dcb1-6187-5af4-9ee7f08aad40		e8eRdjGE54yuyXKVr4YxdF
decode	23456789ABCDEFGHJKLMNPQRSTUVWXYZabcdefghijkmnopqrstuvwxyz	e8eRdjGE54yuyXKVr4YxdF	0	cafdd146-dcb1-6187-5af4-9ee7f08aad40
encode	23456789ABCDEFGHJKLMNPQRSTUVWXYZabcdefghijkmnopqrstuvwxyz	535418b1-efa2-a56d-d0ee-a89d1e87f348		Gq6N2bkmfWCZSmSTgJxw3X
decode	23456789ABCDEFGHJKLMNPQRSTUVWXYZabcdefghijkmnopqrstuvwxyz	Gq6N2bkmfWCZSmSTgJxw3X	0	535418b1-efa2-a56d-d0ee-a89d1e87f348
encode	23456789ABCDEFGHJKLMNPQRSTUVWXYZabcdefghijkmnopqrstuvwxyz	288fb209-ea35-b994-5221-e0526f8ef55c		9EN7u3bfdkjNKxfaCSbTN2
decode	23456789ABCDEFGHJKLMNPQRSTUVWXYZabcdefghijkmnopqrstuvwxyz	9EN7u3bfdkjNKxfaCSbTN2	0	288fb209-ea35-b994-5221-e0526f8ef55c
encode	23456789ABCDEFGHJKLMNPQRSTUVWXYZabcdefghijkmnopqrstuvwxyz	463a39c6-c854-1e0f-c936-7492f8ffc6b8		EWE6VMxdDSkUbofpwUuadN
decode	23456789ABCDEFGHJKLMNPQRSTUVWXYZabcdefghijkmnopqrstuvwxyz	EWE6VMxdDSkUbofpwUuadN	0	463a39c6-c854-1e0f-c936-7492f8ffc6b8
encode	23456789ABCDEFGHJKLMNPQRSTUVWXYZabcdefghijkmnopqrstuvwxyz	990f3301-da21-ad23-eec5-19dfbd1ec2c4		VFGPWvrxj4Fto9N9JWn8DB
decode	23456789ABCDEFGHJKLMNPQRSTUVWXYZabcdefghijkmnopqrstuvwxyz	VFGPWvrxj4Fto9N9JWn8DB	0	990f3301-da21-ad23-eec5-19dfbd1ec2c4
encode	23456789ABCDEFGHJKLMNPQRSTUVWXYZabcdefghijkmnopqrstuvwxyz	96c82f84-85e1-d8d7-6aa6-ee52d7752113		UqAtrfzkwVrwTQeiNLLBJA
decode	23456789ABCDEFGHJKLMNPQRSTUVWXYZabcdefghijkmnopqrstuvwxyz	UqAtrfzkwVrwTQeiNLLBJA	0	96c82f84-85e1-d8d7-6aa6-ee52d7752113
encode	23456789ABCDEFGHJKLMNPQRSTUVWXYZabcdefghijkmnopqrstuvwxyz	47908105-5ddd-6303-6c98-190de6565fce		Ejmy7o6H7Lo2SvAb2LWteP
decode	23456789ABCDEFGHJKLMNPQRSTUVWXYZabcdefghijkmnopqrstuvwxyz	Ejmy7o6H7Lo2SvAb2LWteP	0	47908105-5ddd-6303-6c98-190de6565fce
encode	23456789ABCDEFGHJKLMNPQRSTUVWXYZabcdefghijkmnopqrstuvwxyz	b88f7cb6-2252-abbd-f13f-0bb115f3d99e		aqj7ayYJ2MXNnXDLeKjioR
decode	23456789ABCDEFGHJKLMNPQRSTUVWXYZabcdefghijkmnopqrstuvwxyz	aqj7ayYJ2MXNnXDLeKjioR	0	b88f7cb6-2252-abbd-f13f-0bb115f3d99e
encode	23456789ABCDEFGHJKLMNPQRSTUVWXYZabcdefghijkmnopqrstuvwxyz	dd7c722b-b386-cb62-77e1-3e216aea4a21		hRDYRPMmckMpj32UYbSSxC
decode	23456789ABCDEFGHJKLMNPQRSTUVWXYZabcdefghijkmnopqrstuvwxyz	hRDYRPMmckMpj32UYbSSxC	0	dd7c722b-b386-cb62-77e1-3e216aea4a21
encode	23456789ABCDEFGHJKLMNPQRSTUVWXYZabcdefghijkmnopqrstuvwxyz	ac35852e-1479-754e-2267-a1a9158e20c2		YeUAz47Ax9h8bENhkKwAbe
decode	23456789ABCDEFGHJKLMNPQRSTUVWXYZabcdefghijkmnopqrstuvwxyz	YeUAz47Ax9h8bENhkKwAbe	0	ac35852e-1479-754e-2267-a1a9158e20c2
encode	23456789ABCDEFGHJKLMNPQRSTUVWXYZabcdefghijkmnopqrstuvwxyz	9ddb745c-8481-3275-6c16-4eec9063c66f		W6usCLA93wNq4epGkaSGZp
decode	23456789ABCDEFGHJKLMNPQRSTUVWXYZabcdefghijkmnopqrstuvwxyz	W6usCLA93wNq4epGkaSGZp	0	9ddb745c-8481-3275-6c16-4eec9063c66f
encode	23456789ABCDEFGHJKLMNPQRSTUVWXYZabcdefghijkmnopqrstuvwxyz	195b3269-4e31-9cba-597b-8d1c64c0c918		6XAacwXvjvivKEyBAPL4k8
decode	23456789ABCDEFGHJKLMNPQRSTUVWXYZabcdefghijkmnopqrstuvwxyz	6XAacwXvjvivKEyBAPL4k8	0	195b3269-4e31-9cba-597b-8d1c64c0c918
encode	23456789ABCDEFGHJKLMNPQRSTUVWXYZabcdefghijkmnopqrstuvwxyz	fb9e489e-1480-fd74-48a8-f7774ceedd2e		nmnv4vLZ3qpoNiaqFh6nyh
decode	23456789ABCDEFGHJKLMNPQRSTUVWXYZabcdefghijkmnopqrstuvwxyz	nmnv4vLZ3qpoNiaqFh6nyh	0	fb9e489e-1480-fd74-48a8-f7774ceedd2e
encode	23456789ABCDEFGHJKLMNPQRSTUVWXYZabcdefghijkmnopqrstuvwxyz	f427c19f-44e9-3cb4-62d9-20659e28e462		mT7pCGbFhW4owRKz9KVdVP
decode	23456789ABCDEFGHJKLMNPQRSTUVWXYZabcdefghijkmnopqrstuvwxyz	mT7pCGbFhW4owRKz9KVdVP	0	f427c19f-44e9-3cb4-62d9-20659e28e462
encode	23456789ABCDEFGHJKLMNPQRSTUVWXYZabcdefghijkmnopqrstuvwxyz	5eb56a5b-eee8-3e13-6234-9677782b7b06		JrVqAHgdP6BKYF7V2Ks4Fo
decode	23456789ABCDEFGHJKLMNPQRSTUVWXYZabcdefghijkmnopqrstuvwxyz	JrVqAHgdP6BKYF7V2Ks4Fo	0	5eb56a5b-eee8-3e13-6234-9677782b7b06
encode	23456789ABCDEFGHJKLMNPQRSTUVWXYZabcdefghijkmnopqrstuvwxyz	e6b7c4c9-1a2c-5068-6d76-bb171c761e30		j4q6ZUDVZH88Mwd8HLXWYS
decode	23456789ABCDEFGHJKLMNPQRSTUVWXYZabcdefghijkmnopqrstuvwxyz	j4q6ZUDVZH88Mwd8HLXWYS	0	e6b7c4c9-1a2c-5068-6d76-bb171c761e30
encode	23456789ABCDEFGHJKLMNPQRSTUVWXYZabcdefghijkmnopqrstuvwxyz	37b4eb4c-b693-5579-a85b-1950415d19c2		BuxAAZ5ZF37iq4gBE5EYRv
decode	23456789ABCDEFGHJKLMNPQRSTUVWXYZabcdefghijkmnopqrstuvwxyz	BuxAAZ5ZF37iq4gBE5EYRv	0	37b4eb4c-b693-5579-a85b-1950415d19c2
encode	23456789ABCDEFGHJKLMNPQRSTUVWXYZabcdefghijkmnopqrstuvwxyz	7259c0c7-7806-dfbd-9e66-b3dfd7aa42d3		NMhBDwrPS49rFMjTVtBTXz
decode	23456789ABCDEFGHJKLMNPQRSTUVWXYZabcdefghijkmnopqrstuvwxyz	NMhBDwrPS49rFMjTVtBTXz	0	7259c0c7-7806-dfbd-9e66-b3dfd7aa42d3
encode	23456789ABCDEFGHJKLMNPQRSTUVWXYZabcdefghijkmnopqrstuvwxyz	dc74a923-147c-891a-fb21-30a640cf28cd		hEktdL7cLACeMssy36y8P9
decode	23456789ABCDEFGHJKLMNPQRSTUVWXYZabcdefghijkmnopqrstuvwxyz	hEktdL7cLACeMssy36y8P9	0	dc74a923-147c-891a-fb21-30a640cf28cd
encode	23456789ABCDEFGHJKLMNPQRSTUVWXYZabcdefghijkmnopqrstuvwxyz	d2bef68a-e159-d78e-bcda-e65c1b9f9a04		fWJ2cfzCoPK2rbddivAo8T
decode	23456789ABCDEFGHJKLMNPQRSTUVWXYZabcdefghijkmnopqrstuvwxyz	fWJ2cfzCoPK2rbddivAo8T	0	d2bef68a-e159-d78e-bcda-e65c1b9f9a04
encode	23456789ABCDEFGHJKLMNPQRSTUVWXYZabcdefghijkmnopqrstuvwxyz	fc70d7bc-41a8-cec6-34ee-ba01433cbc6d		nv9P7Uk5xS2GH7UcZwsrbM
decode	23456789ABCDEFGHJKLMNPQRSTUVWXYZabcdefghijkmnopqrstuvwxyz	nv9P7Uk5xS2GH7UcZwsrbM	0	fc70d7bc-41a8-cec6-34ee-ba01433cbc6d
encode	23456789ABCDEFGHJKLMNPQRSTUVWXYZabcdefghijkmnopqrstuvwxyz	3cb7de47-d014-ea4e-268e-2b8b82396fb2		Con9Ubn3gEDuut25ExPAmY
decode	23456789ABCDEFGHJKLMNPQRSTUVWXYZabcdefghijkmnopqrstuvwxyz	Con9Ubn3gEDuut25ExPAmY	0	3cb7de47-d014-ea4e-268e-2b8b82396fb2
encode	23456789ABCDEFGHJKLMNPQRSTUVWXYZabcdefghijkmnopqrstuvwxyz	df1db76e-a6ff-62fe-894f-229e30121448		hhjmJ2htoCfiLbmFMufpor
decode	23456789ABCDEFGHJKLMNPQRSTUVWXYZabcdefghijkmnopqrstuvwxyz	hhjmJ2htoCfiLbmFMufpor	0	df1db76e-a6ff-62fe-894f-229e30121448
encode	23456789ABCDEFGHJKLMNPQRSTUVWXYZabcdefghijkmnopqrstuvwxyz	b449adcc-df1d-72e3-faf0-90aaf5b46a8a		a6QDasv6uaXCs9Z4Fuunit
decode	23456789ABCDEFGHJKLMNPQRSTUVWXYZabcdefghijkmnopqrstuvwxyz	a6QDasv6uaXCs9Z4Fuunit	0	b449adcc-df1d-72e3-faf0-90aaf5b46a8a
encode	23456789ABCDEFGHJKLMNPQRSTUVWXYZabcdefghijkmnopqrstuvwxyz	f97f4df5-e497-65b9-4c8f-7074c2f24e30		nQHqFULTDSVk6zR24yqTUA
decode	23456789ABCDEFGHJKLMNPQRSTUVWXYZabcdefghijkmnopqrstuvwxyz	nQHqFULTDSVk6zR24yqTUA	0	f97f4df5-e497-65b9-4c8f-7074c2f24e30
encode	23456789ABCDEFGHJKLMNPQRSTUVWXYZabcdefghijkmnopqrstuvwxyz	bc8244c0-3879-f23f-76e4-b2332ada5388		bYmXDPgx9LMi6Vr4Shxk8d
decode	23456789ABCDEFGHJKLMNPQRSTUVWXYZabcdefghijkmnopqrstuvwxyz	bYmXDPgx9LMi6Vr4Shxk8d	0	bc8244c0-3879-f23f-76e4-b2332ada5388
encode	23456789ABCDEFGHJKLMNPQRSTUVWXYZabcdefghijkmnopqrstuvwxyz	03b113c5-019e-1c18-136b-cfbf52eaf167		2fT4qsKiDvPhZSWrYjCXoo
decode	23456789ABCDEFGHJKLMNPQRSTUVWXYZabcdefghijkmnopqrstuvwxyz	2fT4qsKiDvPhZSWrYjCXoo	0	03b113c5-019e-1c18-136b-cfbf52eaf167
encode	23456789ABCDEFGHJKLMNPQRSTUVWXYZabcdefghijkmnopqrstuvwxyz	6dc1abef-0e46-3e54-1f24-770a4437277a		MY7VqPKZP39TgYRHNkSa4P
decode	23456789ABCDEFGHJKLMNPQRSTUVWXYZabcdefghijkmnopqrstuvwxyz	MY7VqPKZP39TgYRHNkSa4P	0	6dc1abef-0e46-3e54-1f24-770a4437277a
encode	23456789ABCDEFGHJKLMNPQRSTUVWXYZabcdefghijkmnopqrstuvwxyz	e93fb0e0-4d7f-e6f0-91d4-23b339c560af		jWW9bWsEXSnqJiNnq7SuKP
decode	23456789ABCDEFGHJKLMNPQRSTUVWXYZabcdefghijkmnopqrstuvwxyz	jWW9bWsEXSnqJiNnq7SuKP	0	e93fb0e0-4d7f-e6f0-91d4-23b339c560af
encode	23456789ABCDEFGHJKLMNPQRSTUVWXYZabcdefghijkmnopqrstuvwxyz	2417c334-b927-fdbd-393a-82a4f4680e20		8S43Mmnw6X2PmcKBEJAj8z
decode	23456789ABCDEFGHJKLMNPQRSTUVWXYZabcdefghijkmnopqrstuvwxyz	8S43Mmnw6X2PmcKBEJAj8z	0	2417c334-b927-fdbd-393a-82a4f4680e20
encode	23456789ABCDEFGHJKLMNPQRSTUVWXYZabcdefghijkmnopqrstuvwxyz	7b0d2266-cd9d-30c6-d7c2-bfa5210b0db7		PtvkMcaTjRFvGgYP6AQYWJ
decode	23456789ABCDEFGHJKLMNPQRSTUVWXYZabcdefghijkmnopqrstuvwxyz	PtvkMcaTjRFvGgYP6AQYWJ	0	7b0d2266-cd9d-30c6-d7c2-bfa5210b0db7
encode	23456789ABCDEFGHJKLMNPQRSTUVWXYZabcdefghijkmnopqrstuvwxyz	4adf9282-7a76-a894-9dbd-9ab16946d210		FLLiEXzfEFqtVLBJhozPGU
decode	23456789ABCDEFGHJKLMNPQRSTUVWXYZabcdefghijkmnopqrstuvwxyz	FLLiEXzfEFqtVLBJhozPGU	0	4adf9282-7a76-a894-9dbd-9ab16946d210
encode	23456789ABCDEFGHJKLMNPQRSTUVWXYZabcdefghijkmnopqrstuvwxyz	3c97832c-d2fb-5488-3693-86dbd2a8a5c3		CnW5wkM9mvFvBaqLoXFGt6
decode	23456789ABCDEFGHJKLMNPQRSTUVWXYZabcdefghijkmnopqrstuvwxyz	CnW5wkM9mvFvBaqLoXFGt6	0	3c97832c-d2fb-5488-3693-86dbd2a8a5c3
encode	23456789ABCDEFGHJKLMNPQRSTUVWXYZabcdefghijkmnopqrstuvwxyz	32312955-8905-ac23-3a6e-693d0bb80900		Aw3JtwbF7zrg3upgtBJDTD
decode	23456789ABCDEFGHJKLMNPQRSTUVWXYZabcdefghijkmnopqrstuvwxyz	Aw3JtwbF7zrg3upgtBJDTD	0	32312955-8905-ac23-3a6e-693d0bb80900
encode	23456789ABCDEFGHJKLMNPQRSTUVWXYZabcdefghijkmnopqrstuvwxyz	c85de5bf-7b55-3632-fa8c-5e0fc6dcda6e		df3BqaTKRL4ZbRaP3boSQq
decode	23456789ABCDEFGHJKLMNPQRSTUVWXYZabcdefghijkmnopqrstuvwxyz	df3BqaTKRL4ZbRaP3boSQq	0	c85de5bf-7b55-3632-fa8c-5e0fc6dcda6e
encode	23456789ABCDEFGHJKLMNPQRSTUVWXYZabcdefghijkmnopqrstuvwxyz	281a0a0c-9bf0-d43e-49ba-8ee4b3e24ce5		99hSP9hUjyCiqJExbnnw9d
decode	23456789ABCDEFGHJKLMNPQRSTUVWXYZabcdefghijkmnopqrstuvwxyz	99hSP9hUjyCiqJExbnnw9d	0	281a0a0c-9bf0-d43e-49ba-8ee4b3e24ce5
encode	23456789ABCDEFGHJKLMNPQRSTUVWXYZabcdefghijkmnopqrstuvwxyz	fd25f837-9448-19fa-38f2-a277d51c555c		o4KNvrwHkEodhNpxsLopJP
decode	23456789ABCDEFGHJKLMNPQRSTUVWXYZabcdefghijkmnopqrstuvwxyz	o4KNvrwHkEodhNpxsLopJP	0	fd25f837-9448-19fa-38f2-a277d51c555c
encode	23456789ABCDEFGHJKLMNPQRSTUVWXYZabcdefghijkmnopqrstuvwxyz	cbc5a95f-cccd-f7ed-177d-0cf598c59d23		eGZgZbggcCchXN9HuCMBv9
decode	23456789ABCDEFGHJKLMNPQRSTUVWXYZabcdefghijkmnopqrstuvwxyz	eGZgZbggcCchXN9HuCMBv9	0	cbc5a95f-cccd-f7ed-177d-0cf598c59d23
encode	23456789ABCDEFGHJKLMNPQRSTUVWXYZabcdefghijkmnopqrstuvwxyz	98f525dd-add7-919d-6854-eeaa09eb7fcb		VEEZTCLeohWPhThUuEyUzC
decode	23456789ABCDEFGHJKLMNPQRSTUVWXYZabcdefghijkmnopqrstuvwxyz	VEEZTCLeohWPhThUuEyUzC	0	98f525dd-add7-919d-6854-eeaa09eb7fcb
encode	23456789ABCDEFGHJKLMNPQRSTUVWXYZabcdefghijkmnopqrstuvwxyz	db7e0578-97ee-4a6e-8fdf-d2cc5c829a45		h4yxh6ukeEMKzvGgMRnVQE
decode	23456789ABCDEFGHJKLMNPQRSTUVWXYZabcdefghijkmnopqrstuvwxyz	h4yxh6ukeEMKzvGgMRnVQE	0	db7e0578-97ee-4a6e-8fdf-d2cc5c829a45
encode	23456789ABCDEFGHJKLMNPQRSTUVWXYZabcdefghijkmnopqrstuvwxyz	9dcdbf85-3524-800f-a2a4-954138f3cf6d		W6Nv3hQAWEWS6PVppyf4LV
decode	23456789ABCDEFGHJKLMNPQRSTUVWXYZabcdefghijkmnopqrstuvwxyz	W6Nv3hQAWEWS6PVppyf4LV	0	9dcdbf85-3524-800f-a2a4-954138f3cf6d
encode	23456789ABCDEFGHJKLMNPQRSTUVWXYZabcdefghijkmnopqrstuvwxyz	03834de0-0791-15b2-5fe7-02738e57e433		2ddhQatKweo3V5aoPYUJuV
decode	23456789ABCDEFGHJKLMNPQRSTUVWXYZabcdefghijkmnopqrstuvwxyz	2ddhQatKweo3V5aoPYUJuV	0	03834de0-0791-15b2-5fe7-02738e57e433
encode	23456789ABCDEFGHJKLMNPQRSTUVWXYZabcdefghijkmnopqrstuvwxyz	c62791d5-a0b4-6fbb-361d-05cb98f706be		dGbNpTo82YGR9ztM3eoJvs
decode	23456789ABCDEFGHJKLMNPQRSTUVWXYZabcdefghijkmnopqrstuvwxyz	dGbNpTo82YGR9ztM3eoJvs	0	c62791d5-a0b4-6fbb-361d-05cb98f706be
encode	23456789ABCDEFGHJKLMNPQRSTUVWXYZabcdefghijkmnopqrstuvwxyz	2d3f49da-f6db-4253-07ba-198e4dd47131		A4ssTjE46q6ztSobNqePU2
decode	23456789ABCDEFGHJKLMNPQRSTUVWXYZabcdefghijkmnopqrstuvwxyz	A4ssTjE46q6ztSobNqePU2	0	2d3f49da-f6db-4253-07ba-198e4dd47131
encode	23456789ABCDEFGHJKLMNPQRSTUVWXYZabcdefghijkmnopqrstuvwxyz	a9a31d93-4727-3b97-8997-6b6c70c7d45a		YCPSkekfvLuXvkUo4JKaMh
decode	23456789ABCDEFGHJKLMNPQRSTUVWXYZabcdefghijkmnopqrstuvwxyz	YCPSkekfvLuXvkUo4JKaMh	0	a9a31d93-4727-3b97-8997-6b6c70c7d45a
encode	23456789ABCDEFGHJKLMNPQRSTUVWXYZabcdefghijkmnopqrstuvwxyz	e2277b57-c3dc-5d76-08d8-645d9c0df232		iFZ2RJJDP3t2Cyz8f3ZRfN
decode	23456789ABCDEFGHJKLMNPQRSTUVWXYZabcdefghijkmnopqrstuvwxyz	iFZ2RJJDP3t2Cyz8f3ZRfN	0	e2277b57-c3dc-5d76-08d8-645d9c0df232
encode	23456789ABCDEFGHJKLMNPQRSTUVWXYZabcdefghijkmnopqrstuvwxyz	ab007218-1455-c24b-256f-3ca751b382c5		YSEG2mt4WLVfs8WNM6hohy
decode	23456789ABCDEFGHJKLMNPQRSTUVWXYZabcdefghijkmnopqrstuvwxyz	YSEG2mt4WLVfs8WNM6hohy	0	ab007218-1455-c24b-256f-3ca751b382c5
encode	23456789ABCDEFGHJKLMNPQRSTUVWXYZabcdefghijkmnopqrstuvwxyz	7fbad285-5ba2-a124-b652-63382429d567		QjPDhqktDU6or4B9qJ5bC3
decode	23456789ABCDEFGHJKLMNPQRSTUVWXYZabcdefghijkmnopqrstuvwxyz	QjPDhqktDU6or4B9qJ5bC3	0	7fbad285-5ba2-a124-b652-63382429d567
encode	23456789ABCDEFGHJKLMNPQRSTUVWXYZabcdefghijkmnopqrstuvwxyz	b37da7bc-aea5-b9f5-640c-f627c1621b61		ZwKWhrNjzduv2sp6kPCStN
decode	23456789ABCDEFGHJKLMNPQRSTUVWXYZabcdefghijkmnopqrstuvwxyz	ZwKWhrNjzduv2sp6kPCStN	0	b37da7bc-aea5-b9f5-640c-f627c1621b61
encode	23456789ABCDEFGHJKLMNPQRSTUVWXYZabcdefghijkmnopqrstuvwxyz	a151197a-a7d4-e3c7-cefe-d1c22f57c6ae		WhziWa5bfL5SKRAenK7dWW
decode	23456789ABCDEFGHJKLMNPQRSTUVWXYZabcdefghijkmnopqrstuvwxyz	WhziWa5bfL5SKRAenK7dWW	0	a151197a-a7d4-e3c7-cefe-d1c22f57c6ae
encode	23456789ABCDEFGHJKLMNPQRSTUVWXYZabcdefghijkmnopqrstuvwxyz	3e620611-371d-b988-84b0-f896666c9b58		D7fRukKVQWMzsNTnni9tbQ
decode	23456789ABCDEFGHJKLMNPQRSTUVWXYZabcdefghijkmnopqrstuvwxyz	D7fRukKVQWMzsNTnni9tbQ	0	3e620611-371d-b988-84b0-f896666c9b58
encode	23456789ABCDEFGHJKLMNPQRSTUVWXYZabcdefghijkmnopqrstuvwxyz	f4c1c019-544d-0942-9c37-87aff8c5661f		mZDYkXgSTsKDtygepqmAgr
decode	23456789ABCDEFGHJKLMNPQRSTUVWXYZabcdefghijkmnopqrstuvwxyz	mZDYkXgSTsKDtygepqmAgr	0	f4c1c019-544d-0942-9c37-87aff8c5661f
encode	23456789ABCDEFGHJKLMNPQRSTUVWXYZabcdefghijkmnopqrstuvwxyz	732d0b7b-c4d5-1297-fff8-677719b1338a		NW5HaNc6qbxV2q35EQ8ZrD
decode	23456789ABCDEFGHJKLMNPQRSTUVWXYZabcdefghijkmnopqrstuvwxyz	NW5HaNc6qbxV2q35EQ8ZrD	0	732d0b7b-c4d5-1297-fff8-677719b1338a
encode	23456789ABCDEFGHJKLMNPQRSTUVWXYZabcdefghijkmnopqrstuvwxyz	931e3afb-a978-7200-8f4f-01ecb0724f75		UBzvhDcxuWhf9BkvTqiWqi
decode	23456789ABCDEFGHJKLMNPQRSTUVWXYZabcdefghijkmnopqrstuvwxyz	UBzvhDcxuWhf9BkvTqiWqi	0	931e3afb-a978-7200-8f4f-01ecb0724f75
encode	23456789ABCDEFGHJKLMNPQRSTUVWXYZabcdefghijkmnopqrstuvwxyz	75524376-62f6-4c45-3ef9-1564e2db5f88		NspTUzRiifqKV6VgZsYyYM
decode	23456789ABCDEFGHJKLMNPQRSTUVWXYZabcdefghijkmnopqrstuvwxyz	NspTUzRiifqKV6VgZsYyYM	0	75524376-62f6-4c45-3ef9-1564e2db5f88
encode	23456789ABCDEFGHJKLMNPQRSTUVWXYZabcdefghijkmnopqrstuvwxyz	3492bea1-8292-a4ee-4f93-8226c63aa240		BNBnKu7ZaQxQUNXLyBhvGx
decode	23456789ABCDEFGHJKLMNPQRSTUVWXYZabcdefghijkmnopqrstuvwxyz	BNBnKu7ZaQxQUNXLyBhvGx	0	3492bea1-8292-a4ee-4f93-8226c63aa240
encode	23456789ABCDEFGHJKLMNPQRSTUVWXYZabcdefghijkmnopqrstuvwxyz	645b11e8-00ea-a686-ec1e-415909d2eb5b		KrmEGfVKfog8627hcxSk8p
decode	23456789ABCDEFGHJKLMNPQRSTUVWXYZabcdefghijkmnopqrstuvwxyz	KrmEGfVKfog8627hcxSk8p	0	645b11e8-00ea-a686-ec1e-415909d2eb5b
encode	23456789ABCDEFGHJKLMNPQRSTUVWXYZabcdefghijkmnopqrstuvwxyz	c1bf689c-c045-051a-ea1a-4c4d846e8bd9		cUtuHME7e2ddvqthCysbyP
decode	23456789ABCDEFGHJKLMNPQRSTUVWXYZabcdefghijkmnopqrstuvwxyz	cUtuHME7e2ddvqthCysbyP	0	c1bf689c-c045-051a-ea1a-4c4d846e8bd9
encode	23456789ABCDEFGHJKLMNPQRSTUVWXYZabcdefghijkmnopqrstuvwxyz	4c7eb396-6b10-41d5-dd6e-aad713cf109d		Fcn7VHmmdfQsmXphUJecF6
decode	23456789ABCDEFGHJKLMNPQRSTUVWXYZabcdefghijkmnopqrstuvwxyz	Fcn7VHmmdfQsmXphUJecF6	0	4c7eb396-6b10-41d5-dd6e-aad713cf109d
encode	23456789ABCDEFGHJKLMNPQRSTUVWXYZabcdefghijkmnopqrstuvwxyz	e9e075f8-da07-e014-8b22-1bc7c5db3326		jcsBHczaYvoDQoxyijmKq4
decode	23456789ABCDEFGHJKLMNPQRSTUVWXYZabcdefghijkmnopqrstuvwxyz	jcsBHczaYvoDQoxyijmKq4	0	e9e075f8-da07-e014-8b22-1bc7c5db3326
encode	23456789ABCDEFGHJKLMNPQRSTUVWXYZabcdefghijkmnopqrstuvwxyz	c440ef4a-46d9-489f-8d8f-73bd926a36f6		cvKX5JLnvDUS6uosB8EKvD
decode	23456789ABCDEFGHJKLMNPQRSTUVWXYZabcdefghijkmnopqrstuvwxyz	cvKX5JLnvDUS6uosB8EKvD	0	c440ef4a-46d9-489f-8d8f-73bd926a36f6
encode	23456789ABCDEFGHJKLMNPQRSTUVWXYZabcdefghijkmnopqrstuvwxyz	582eebd4-9b0f-3935-e5d8-3fd4971ca5eb		HhKjvLtLbLixW45r3efCxP
decode	23456789ABCDEFGHJKLMNPQRSTUVWXYZabcdefghijkmnopqrstuvwxyz	HhKjvLtLbLixW45r3efCxP	0	582eebd4-9b0f-3935-e5d8-3fd4971ca5eb
encode	23456789ABCDEFGHJKLMNPQRSTUVWXYZabcdefghijkmnopqrstuvwxyz	3618025c-9895-9429-a81d-0bdb8dcc7d8c		BdbmYbgitZ55zHFkrSamhJ
decode	23456789ABCDEFGHJKLMNPQRSTUVWXYZabcdefghijkmnopqrstuvwxyz	BdbmYbgitZ55zHFkrSamhJ	0	3618025c-9895-9429-a81d-0bdb8dcc7d8c
encode	23456789ABCDEFGHJKLMNPQRSTUVWXYZabcdefghijkmnopqrstuvwxyz	0e5b2ff8-859d-ae69-5416-97b57a40c979		4ZbqBwyu23eUBFMFd3XFdC
decode	23456789ABCDEFGHJKLMNPQRSTUVWXYZabcdefghijkmnopqrstuvwxyz	4ZbqBwyu23eUBFMFd3XFdC	0	0e5b2ff8-859d-ae69-5416-97b57a40c979
encode	23456789ABCDEFGHJKLMNPQRSTUVWXYZabcdefghijkmnopqrstuvwxyz	6ae513bc-8f88-7e9e-2944-066ec2e46156		M36FdrmXb3iPG8MK3WuT8S
decode	23456789ABCDEFGHJKLMNPQRSTUVWXYZabcdefghijkmnopqrstuvwxyz	M36FdrmXb3iPG8MK3WuT8S	0	6ae513bc-8f88-7e9e-2944-066ec2e46156
encode	23456789ABCDEFGHJKLMNPQRSTUVWXYZabcdefghijkmnopqrstuvwxyz	cce4e253-3260-36d6-8300-b85eda6e57d5		eTwFwisVmCYfsF8nrceGSK
decode	23456789ABCDEFGHJKLMNPQRSTUVWXYZabcdefghijkmnopqrstuvwxyz	eTwFwisVmCYfsF8nrceGSK	0	cce4e253-3260-36d6-8300-b85eda6e57d5
encode	23456789ABCDEFGHJKLMNPQRSTUVWXYZabcdefghijkmnopqrstuvwxyz	9e23285a-d7d7-9ae8-e01c-e9b26ceb1e2b		W9kn6kENXUcHrxhhLuFZ5v
decode	23456789ABCDEFGHJKLMNPQRSTUVWXYZabcdefghijkmnopqrstuvwxyz	W9kn6kENXUcHrxhhLuFZ5v	0	9e23285a-d7d7-9ae8-e01c-e9b26ceb1e2b
encode	23456789ABCDEFGHJKLMNPQRSTUVWXYZabcdefghijkmnopqrstuvwxyz	9b0d9c57-f29a-54b5-1a53-b704c0f84b7a		VbUvYqHA69Xxt2pDNUGAZJ
decode	23456789ABCDEFGHJKLMNPQRSTUVWXYZabcdefghijkmnopqrstuvwxyz	VbUvYqHA69Xxt2pDNUGAZJ	0	9b0d9c57-f29a-54b5-1a53-b704c0f84b7a
encode	23456789ABCDEFGHJKLMNPQRSTUVWXYZabcdefghijkmnopqrstuvwxyz	70fed833-b711-97c1-5aac-d003dccca435		N7wpeAfCDQ89ffSVTRKLzA
decode	23456789ABCDEFGHJKLMNPQRSTUVWXYZabcdefghijkmnopqrstuvwxyz	N7wpeAfCDQ89ffSVTRKLzA	0	70fed833-b711-97c1-5aac-d003dccca435
encode	23456789ABCDEFGHJKLMNPQRSTUVWXYZabcdefghijkmnopqrstuvwxyz	0312514c-628f-b85e-5b1c-56f7ad3d3ba1		2ZAZtuvXZNCGyVuscJaj9c
decode	23456789ABCDEFGHJKLMNPQRSTUVWXYZabcdefghijkmnopqrstuvwxyz	2ZAZtuvXZNCGyVuscJaj9c	0	0312514c-628f-b85e-5b1c-56f7ad3d3ba1
encode	23456789ABCDEFGHJKLMNPQRSTUVWXYZabcdefghijkmnopqrstuvwxyz	2b29be34-08c9-81c3-03fd-1b61cee5375f		9gk6qfSjdkzDD7QTM6Y98x
decode	23456789ABCDEFGHJKLMNPQRSTUVWXYZabcdefghijkmnopqrstuvwxyz	9gk6qfSjdkzDD7QTM6Y98x	0	2b29be34-08c9-81c3-03fd-1b61cee5375f
encode	23456789ABCDEFGHJKLMNPQRSTUVWXYZabcdefghijkmnopqrstuvwxyz	d2c7d085-e610-1088-b4c3-b131fad2a88e		fWdztKPW7fDXvWDM2RxVhR
decode	23456789ABCDEFGHJKLMNPQRSTUVWXYZabcdefghijkmnopqrstuvwxyz	fWdztKPW7fDXvWDM2RxVhR	0	d2c7d085-e610-1088-b4c3-b131fad2a88e
encode	23456789ABCDEFGHJKLMNPQRSTUVWXYZabcdefghijkmnopqrstuvwxyz	2e96b9a0-fe81-8d8c-6562-3bb208cf5513		AJVPB8dRNeaTvw5GXuwazC
decode	23456789ABCDEFGHJKLMNPQRSTUVWXYZabcdefghijkmnopqrstuvwxyz	AJVPB8dRNeaTvw5GXuwazC	0	2e96b9a0-fe81-8d8c-6562-3bb208cf5513
encode	23456789ABCDEFGHJKLMNPQRSTUVWXYZabcdefghijkmnopqrstuvwxyz	dc8d4878-c387-c76a-b37f-6089c6ed342e		hFjVmkpAHTnSoi2SFD8dAT
decode	23456789ABCDEFGHJKLMNPQRSTUVWXYZabcdefghijkmnopqrstuvwxyz	hFjVmkpAHTnSoi2SFD8dAT	0	dc8d4878-c387-c76a-b37f-6089c6ed342e
encode	23456789ABCDEFGHJKLMNPQRSTUVWXYZabcdefghijkmnopqrstuvwxyz	c8d59632-4711-cd92-596e-ec9b860322be		djmT3pNAfYTh8jqdXhjK4q
decode	23456789ABCDEFGHJKLMNPQRSTUVWXYZabcdefghijkmnopqrstuvwxyz	djmT3pNAfYTh8jqdXhjK4q	0	c8d59632-4711-cd92-596e-ec9b860322be
encode	23456789ABCDEFGHJKLMNPQRSTUVWXYZabcdefghijkmnopqrstuvwxyz	d3a60822-1349-0d29-61fb-933bbf5cc539		ffSnTfKXd24UmLKotPCCU2
decode	23456789ABCDEFGHJKLMNPQRSTUVWXYZabcdefghijkmnopqrstuvwxyz	ffSnTfKXd24UmLKotPCCU2	0	d3a60822-1349-0d29-61fb-933bbf5cc539
encode	23456789ABCDEFGHJKLMNPQRSTUVWXYZabcdefghijkmnopqrstuvwxyz	7632d6c6-ecdf-b6dd-35a8-23335c5b1f35		P3iZaMtY843RtaD7w2JxL8
decode	23456789ABCDEFGHJKLMNPQRSTUVWXYZabcdefghijkmnopqrstuvwxyz	P3iZaMtY843RtaD7w2JxL8	0	7632d6c6-ecdf-b6dd-35a8-23335c5b1f35
encode	23456789ABCDEFGHJKLMNPQRSTUVWXYZabcdefghijkmnopqrstuvwxyz	faabfe76-c3e3-10be-0064-5e9e164e445b		ncCoxp2igEXDzQiqcCMRiF
decode	23456789ABCDEFGHJKLMNPQRSTUVWXYZabcdefghijkmnopqrstuvwxyz	ncCoxp2igEXDzQiqcCMRiF	0	faabfe76-c3e3-10be-0064-5e9e164e445b
encode	23456789ABCDEFGHJKLMNPQRSTUVWXYZabcdefghijkmnopqrstuvwxyz	8d544b6a-1bec-c867-1664-d02024461845		TAJcp2pwe3zgAiKjhPCyn5
decode	23456789ABCDEFGHJKLMNPQRSTUVWXYZabcdefghijkmnopqrstuvwxyz	TAJcp2pwe3zgAiKjhPCyn5	0	8d544b6a-1bec-c867-1664-d02024461845
encode	23456789ABCDEFGHJKLMNPQRSTUVWXYZabcdefghijkmnopqrstuvwxyz	567a6788-0c04-bd93-f207-8ba7a8c27f16		HQ34sJLeb6ZrAV43Zyf5sG
decode	23456789ABCDEFGHJKLMNPQRSTUVWXYZabcdefghijkmnopqrstuvwxyz	HQ34sJLeb6ZrAV43Zyf5sG	0	567a6788-0c04-bd93-f207-8ba7a8c27f16
encode	23456789ABCDEFGHJKLMNPQRSTUVWXYZabcdefghijkmnopqrstuvwxyz	65bcf0b2-5442-5ec0-e2df-45cf0405d8e7		L7nHtG8sKw9oGsUq92MXXa
decode	23456789ABCDEFGHJKLMNPQRSTUVWXYZabcdefghijkmnopqrstuvwxyz	L7nHtG8sKw9oGsUq92MXXa	0	65bcf0b2-5442-5ec0-e2df-45cf0405d8e7
encode	23456789ABCDEFGHJKLMNPQRSTUVWXYZabcdefghijkmnopqrstuvwxyz	8a67feb1-a39d-1cf6-2bf5-0b7781ae05f4		SdeuD4HvUYmEcnEGTAFRiQ
decode	23456789ABCDEFGHJKLMNPQRSTUVWXYZabcdefghijkmnopqrstuvwxyz	SdeuD4HvUYmEcnEGTAFRiQ	0	8a67feb1-a39d-1cf6-2bf5-0b7781ae05f4
encode	23456789ABCDEFGHJKLMNPQRSTUVWXYZabcdefghijkmnopqrstuvwxyz	5e13451c-5615-d12e-85c4-c09d19f534a7		Jk5hRAnqnM2WgtC3nEDGr4
decode	23456789ABCDEFGHJKLMNPQRSTUVWXYZabcdefghijkmnopqrstuvwxyz	Jk5hRAnqnM2WgtC3nEDGr4	0	5e13451c-5615-d12e-85c4-c09d19f534a7
encode	23456789ABCDEFGHJKLMNPQRSTUVWXYZabcdefghijkmnopqrstuvwxyz	39b208d3-9739-356f-c852-f12db68c7ed4		CH8mNSMhzYssCbjErAuJtq
decode	23456789ABCDEFGHJKLMNPQRSTUVWXYZabcdefghijkmnopqrstuvwxyz	CH8mNSMhzYssCbjErAuJtq	0	39b208d3-9739-356f-c852-f12db68c7ed4
encode	23456789ABCDEFGHJKLMNPQRSTUVWXYZabcdefghijkmnopqrstuvwxyz	e58a68dd-a380-8388-6697-082d46fffe40		iqtbef8ZV8tuN8hho3AHRY
decode	23456789ABCDEFGHJKLMNPQRSTUVWXYZabcdefghijkmnopqrstuvwxyz	iqtbef8ZV8tuN8hho3AHRY	0	e58a68dd-a380-8388-6697-082d46fffe40
encode	23456789ABCDEFGHJKLMNPQRSTUVWXYZabcdefghijkmnopqrstuvwxyz	53d818ad-787f-430b-5610-76a8b393daa9		GvKRijuhmzWemR6QTH9wbz
decode	23456789ABCDEFGHJKLMNPQRSTUVWXYZabcdefghijkmnopqrstuvwxyz	GvKRijuhmzWemR6QTH9wbz	0	53d818ad-787f-430b-5610-76a8b393daa9
encode	23456789ABCDEFGHJKLMNPQRSTUVWXYZabcdefghijkmnopqrstuvwxyz	bb38cb11-1837-3f2e-ae19-79512da97927		bKiYTWykjJgBMSq37mMywZ
decode	23456789ABCDEFGHJKLMNPQRSTUVWXYZabcdefghijkmnopqrstuvwxyz	bKiYTWykjJgBMSq37mMywZ	0	bb38cb11-1837-3f2e-ae19-79512da97927
encode	23456789ABCDEFGHJKLMNPQRSTUVWXYZabcdefghijkmnopqrstuvwxyz	8dcbb256-cf33-55c0-8eba-0c24c1d4fdde		TF3F4DqfpbMEQvgAEgGjZd
decode	23456789ABCDEFGHJKLMNPQRSTUVWXYZabcdefghijkmnopqrstuvwxyz	TF3F4DqfpbMEQvgAEgGjZd	0	8dcbb256-cf33-55c0-8eba-0c24c1d4fdde
encode	23456789ABCDEFGHJKLMNPQRSTUVWXYZabcdefghijkmnopqrstuvwxyz	292f79e2-3496-c615-18f7-9a15acc71a2d		9LguGTcWKSJ8LMSJjL5FoC
decode	23456789ABCDEFGHJKLMNPQRSTUVWXYZabcdefghijkmnopqrstuvwxyz	9LguGTcWKSJ8LMSJjL5FoC	0	292f79e2-3496-c615-18f7-9a15acc71a2d
encode	23456789ABCDEFGHJKLMNPQRSTUVWXYZabcdefghijkmnopqrstuvwxyz	c09ffb77-d7b2-a4a5-19a1-11ef717d281a		cHWseTa23sRj3PPisf7ZAA
decode	23456789ABCDEFGHJKLMNPQRSTUVWXYZabcdefghijkmnopqrstuvwxyz	cHWseTa23sRj3PPisf7ZAA	0	c09ffb77-d7b2-a4a5-19a1-11ef717d281a
encode	23456789ABCDEFGHJKLMNPQRSTUVWXYZabcdefghijkmnopqrstuvwxyz	12d4e6b3-e611-8e2c-ca81-957fd7008676		5MyvwQjMJdLMEeojfNGNxZ
decode	23456789ABCDEFGHJKLMNPQRSTUVWXYZabcdefghijkmnopqrstuvwxyz	5MyvwQjMJdLMEeojfNGNxZ	0	12d4e6b3-e611-8e2c-ca81-957fd7008676
encode	23456789ABCDEFGHJKLMNPQRSTUVWXYZabcdefghijkmnopqrstuvwxyz	330a6e07-e3ac-cd31-bbf7-dcecc5bcaa18		B6duVzaFe5JbegS4Vfv2D4
decode	23456789ABCDEFGHJKLMNPQRSTUVWXYZabcdefghijkmnopqrstuvwxyz	B6duVzaFe5JbegS4Vfv2D4	0	330a6e07-e3ac-cd31-bbf7-dcecc5bcaa18
encode	23456789ABCDEFGHJKLMNPQRSTUVWXYZabcdefghijkmnopqrstuvwxyz	b64fdb21-bee7-6b96-88b6-c861f4ca77b5		aSvJ8ts84GYqkLCWUHUchq
decode	23456789ABCDEFGHJKLMNPQRSTUVWXYZabcdefghijkmnopqrstuvwxyz	aSvJ8ts84GYqkLCWUHUchq	0	b64fdb21-bee7-6b96-88b6-c861f4ca77b5
encode	23456789ABCDEFGHJKLMNPQRSTUVWXYZabcdefghijkmnopqrstuvwxyz	6b26cf09-ce9b-2260-59fd-0324b8cc07b4		M5gfwvJCiuH29fbDxLyWZn
decode	23456789ABCDEFGHJKLMNPQRSTUVWXYZabcdefghijkmnopqrstuvwxyz	M5gfwvJCiuH29fbDxLyWZn	0	6b26cf09-ce9b-2260-59fd-0324b8cc07b4
encode	23456789ABCDEFGHJKLMNPQRSTUVWXYZabcdefghijkmnopqrstuvwxyz	947127d7-729e-5ad7-b57d-16fd1403d164		URSFjxYHj63ZqsWeAwRF7Z
decode	23456789ABCDEFGHJKLMNPQRSTUVWXYZabcdefghijkmnopqrstuvwxyz	URSFjxYHj63ZqsWeAwRF7Z	0	947127d7-729e-5ad7-b57d-16fd1403d164
encode	23456789ABCDEFGHJKLMNPQRSTUVWXYZabcdefghijkmnopqrstuvwxyz	546b66d3-7379-2d64-14fc-51ddbff7f2cd		H3A4NxyydN8vtFZpNThMEM
decode	23456789ABCDEFGHJKLMNPQRSTUVWXYZabcdefghijkmnopqrstuvwxyz	H3A4NxyydN8vtFZpNThMEM	0	546b66d3-7379-2d64-14fc-51ddbff7f2cd
encode	23456789ABCDEFGHJKLMNPQRSTUVWXYZabcdefghijkmnopqrstuvwxyz	0c2fdad8-8a11-b405-1a96-3fdac633a440		4BbrNGFHU5yET4zJULVjZe
decode	23456789ABCDEFGHJKLMNPQRSTUVWXYZabcdefghijkmnopqrstuvwxyz	4BbrNGFHU5yET4zJULVjZe	0	0c2fdad8-8a11-b405-1a96-3fdac633a440
encode	23456789ABCDEFGHJKLMNPQRSTUVWXYZabcdefghijkmnopqrstuvwxyz	12266bb4-d5ae-74a5-5e69-8b463e43e424		5F5waKKgnDNrHCfW6dnoTx
decode	23456789ABCDEFGHJKLMNPQRSTUVWXYZabcdefghijkmnopqrstuvwxyz	5F5waKKgnDNrHCfW6dnoTx	0	12266bb4-d5ae-74a5-5e69-8b463e43e424
encode	23456789ABCDEFGHJKLMNPQRSTUVWXYZabcdefghijkmnopqrstuvwxyz	4cc190ad-dcbf-2a1e-fb82-7fb7618361f9		FfS6WAx2hQo9FGKw8iLF4S
decode	23456789ABCDEFGHJKLMNPQRSTUVWXYZabcdefghijkmnopqrstuvwxyz	FfS6WAx2hQo9FGKw8iLF4S	0	4cc190ad-dcbf-2a1e-fb82-7fb7618361f9
encode	23456789ABCDEFGHJKLMNPQRSTUVWXYZabcdefghijkmnopqrstuvwxyz	88fdd294-6084-9839-16ca-99966870f387		SPK72mCxW3keDoroH88M96
decode	23456789ABCDEFGHJKLMNPQRSTUVWXYZabcdefghijkmnopqrstuvwxyz	SPK72mCxW3keDoroH88M96	0	88fdd294-6084-9839-16ca-99966870f387
encode	23456789ABCDEFGHJKLMNPQRSTUVWXYZabcdefghijkmnopqrstuvwxyz	28a5d43b-8e85-bb2b-175b-4898376b1f5b		9FF6iFKTxx9ZicUqwks6vC
decode	23456789ABCDEFGHJKLMNPQRSTUVWXYZabcdefghijkmnopqrstuvwxyz	9FF6iFKTxx9ZicUqwks6vC	0	28a5d43b-8e85-bb2b-175b-4898376b1f5b
encode	23456789ABCDEFGHJKLMNPQRSTUVWXYZabcdefghijkmnopqrstuvwxyz	687446b1-e1d8-69af-4c50-d49387c1bbd7		LbLQYN4hN4Xg3PDrDbaqEr
decode	23456789ABCDEFGHJKLMNPQRSTUVWXYZabcdefghijkmnopqrstuvwxyz	LbLQYN4hN4Xg3PDrDbaqEr	0	687446b1-e1d8-69af-4c50-d49387c1bbd7
encode	23456789ABCDEFGHJKLMNPQRSTUVWXYZabcdefghijkmnopqrstuvwxyz	b3f742eb-3ae1-4f24-e25b-ba4f1b6d7a7c		a397daKmgr9GtDyqpCswm3
decode	23456789ABCDEFGHJKLMNPQRSTUVWXYZabcdefghijkmnopqrstuvwxyz	a397daKmgr9GtDyqpCswm3	0	b3f742eb-3ae1-4f24-e25b-ba4f1b6d7a7c
encode	23456789ABCDEFGHJKLMNPQRSTUVWXYZabcdefghijkmnopqrstuvwxyz	1f668bff-7491-a942-7b32-c24ec606f8e5		7bTbwkwVwHBZWYRRXT8mHv
decode	23456789ABCDEFGHJKLMNPQRSTUVWXYZabcdefghijkmnopqrstuvwxyz	7bTbwkwVwHBZWYRRXT8mHv	0	1f668bff-7491-a942-7b32-c24ec606f8e5
encode	23456789ABCDEFGHJKLMNPQRSTUVWXYZabcdefghijkmnopqrstuvwxyz	a7baa868-e54a-8615-c149-798a03495e79		Xr3UQ2mCe5JVuee45GVaJV
decode	23456789ABCDEFGHJKLMNPQRSTUVWXYZabcdefghijkmnopqrstuvwxyz	Xr3UQ2mCe5JVuee45GVaJV	0	a7baa868-e54a-8615-c149-798a03495e79
encode	23456789ABCDEFGHJKLMNPQRSTUVWXYZabcdefghijkmnopqrstuvwxyz	1526375f-eb55-8d12-9a5c-a034b6a0ec97		5mVgWEzjhamn2cZHWT3nde
decode	23456789ABCDEFGHJKLMNPQRSTUVWXYZabcdefghijkmnopqrstuvwxyz	5mVgWEzjhamn2cZHWT3nde	0	1526375f-eb55-8d12-9a5c-a034b6a0ec97
encode	23456789ABCDEFGHJKLMNPQRSTUVWXYZabcdefghijkmnopqrstuvwxyz	4e8feaaa-d10b-e421-2b1e-3518d38efa95		Fyk7joDswp9aVbLatedYsJ
decode	23456789ABCDEFGHJKLMNPQRSTUVWXYZabcdefghijkmnopqrstuvwxyz	Fyk7joDswp9aVbLatedYsJ	0	4e8feaaa-d10b-e421-2b1e-3518d38efa95
encode	23456789ABCDEFGHJKLMNPQRSTUVWXYZabcdefghijkmnopqrstuvwxyz	6da35d58-b4cf-cb8e-d4ad-3fc1168fd82f		MWu53DbYyGjBSP4UAzQo7Z
decode	23456789ABCDEFGHJKLMNPQRSTUVWXYZabcdefghijkmnopqrstuvwxyz	MWu53DbYyGjBSP4UAzQo7Z	0	6da35d58-b4cf-cb8e-d4ad-3fc1168fd82f
encode	23456789ABCDEFGHJKLMNPQRSTUVWXYZabcdefghijkmnopqrstuvwxyz	aace889c-899d-640a-0912-ea220d17e64e		YQFYqjPVne898CTiysMhcf
decode	23456789ABCDEFGHJKLMNPQRSTUVWXYZabcdefghijkmnopqrstuvwxyz	YQFYqjPVne898CTiysMhcf	0	aace889c-899d-640a-0912-ea220d17e64e
encode	23456789ABCDEFGHJKLMNPQRSTUVWXYZabcdefghijkmnopqrstuvwxyz	27868a6b-633d-c312-cf91-3bf57d7da055		93rNqsEwoN3QmKZWjxg42C
decode	23456789ABCDEFGHJKLMNPQRSTUVWXYZabcdefghijkmnopqrstuvwxyz	93rNqsEwoN3QmKZWjxg42C	0	27868a6b-633d-c312-cf91-3bf57d7da055
encode	23456789ABCDEFGHJKLMNPQRSTUVWXYZabcdefghijkmnopqrstuvwxyz	338773b3-1d47-636c-60e0-082dc2bdeed6		BBbE6q2NPeyGBk7zxSGZME
decode	23456789ABCDEFGHJKLMNPQRSTUVWXYZabcdefghijkmnopqrstuvwxyz	BBbE6q2NPeyGBk7zxSGZME	0	338773b3-1d47-636c-60e0-082dc2bdeed6
encode	23456789ABCDEFGHJKLMNPQRSTUVWXYZabcdefghijkmnopqrstuvwxyz	0db3d770-c99a-8b93-1d18-7f7444eb6fbe		4Sxx7rgPhj4BDYXf9dBbFj
decode	23456789ABCDEFGHJKLMNPQRSTUVWXYZabcdefghijkmnopqrstuvwxyz	4Sxx7rgPhj4BDYXf9dBbFj	0	0db3d770-c99a-8b93-1d18-7f7444eb6fbe
encode	23456789ABCDEFGHJKLMNPQRSTUVWXYZabcdefghijkmnopqrstuvwxyz	61d6f22f-cd42-7415-955a-288a3969f1fc		KRFk7twQ6wtSTxrTsbFfjM
decode	23456789ABCDEFGHJKLMNPQRSTUVWXYZabcdefghijkmnopqrstuvwxyz	KRFk7twQ6wtSTxrTsbFfjM	0	61d6f22f-cd42-7415-955a-288a3969f1fc
encode	23456789ABCDEFGHJKLMNPQRSTUVWXYZabcdefghijkmnopqrstuvwxyz	6842716f-cb38-9195-2292-012a15165e3f		LZMsXuNHvytWVPsiYnSqWA
decode	23456789ABCDEFGHJKLMNPQRSTUVWXYZabcdefghijkmnopqrstuvwxyz	LZMsXuNHvytWVPsiYnSqWA	0	6842716f-cb38-9195-2292-012a15165e3f
encode	23456789ABCDEFGHJKLMNPQRSTUVWXYZabcdefghijkmnopqrstuvwxyz	54b21d06-69b9-075a-cc0e-43274f3621ad		H5wig9La6L5c5gzmUodjse
decode	23456789ABCDEFGHJKLMNPQRSTUVWXYZabcdefghijkmnopqrstuvwxyz	H5wig9La6L5c5gzmUodjse	0	54b21d06-69b9-075a-cc0e-43274f3621ad
encode	23456789ABCDEFGHJKLMNPQRSTUVWXYZabcdefghijkmnopqrstuvwxyz	8a670359-d1f7-589b-d45a-a71e5a33cc11		Sdcgq3rMVfGK7RHLth7oaE
decode	23456789ABCDEFGHJKLMNPQRSTUVWXYZabcdefghijkmnopqrstuvwxyz	Sdcgq3rMVfGK7RHLth7oaE	0	8a670359-d1f7-589b-d45a-a71e5a33cc11
encode	23456789ABCDEFGHJKLMNPQRSTUVWXYZabcdefghijkmnopqrstuvwxyz	605e0f53-5d86-1c8b-1033-fe8e6c225174		KAKi7uUSKMbu7fXDMVsRra
decode	23456789ABCDEFGHJKLMNPQRSTUVWXYZabcdefghijkmnopqrstuvwxyz	KAKi7uUSKMbu7fXDMVsRra	0	605e0f53-5d86-1c8b-1033-fe8e6c225174
encode	23456789ABCDEFGHJKLMNPQRSTUVWXYZabcdefghijkmnopqrstuvwxyz	8d0d2225-97eb-145c-48ee-0f0f20cda516		T7UvfDoKnNVCZS6xmJSjnG
decode	23456789ABCDEFGHJKLMNPQRSTUVWXYZabcdefghijkmnopqrstuvwxyz	T7UvfDoKnNVCZS6xmJSjnG	0	8d0d2225-97eb-145c-48ee-0f0f20cda516
encode	23456789ABCDEFGHJKLMNPQRSTUVWXYZabcdefghijkmnopqrstuvwxyz	389695af-1913-c2a7-576d-4bbdefe33804		C5tiZWmMRATqmUvqR7Y8Um
decode	23456789ABCDEFGHJKLMNPQRSTUVWXYZabcdefghijkmnopqrstuvwxyz	C5tiZWmMRATqmUvqR7Y8Um	0	389695af-1913-c2a7-576d-4bbdefe33804
encode	23456789ABCDEFGHJKLMNPQRSTUVWXYZabcdefghijkmnopqrstuvwxyz	b0c7c71d-2ecb-b9ab-b844-900004879dac		ZTpgmxfgjK6i4KJMEnkfWw
decode	23456789ABCDEFGHJKLMNPQRSTUVWXYZabcdefghijkmnopqrstuvwxyz	ZTpgmxfgjK6i4KJMEnkfWw	0	b0c7c71d-2ecb-b9ab-b844-900004879dac
encode	23456789ABCDEFGHJKLMNPQRSTUVWXYZabcdefghijkmnopqrstuvwxyz	e92828e5-6933-40e9-a90e-799219861f23		jVZztqqugWXpyFiTiDk7iK
decode	23456789ABCDEFGHJKLMNPQRSTUVWXYZabcdefghijkmnopqrstuvwxyz	jVZztqqugWXpyFiTiDk7iK	0	e92828e5-6933-40e9-a90e-799219861f23
encode	23456789ABCDEFGHJKLMNPQRSTUVWXYZabcdefghijkmnopqrstuvwxyz	1dee4652-a3fc-355f-1e59-3eadcb1435a5		7LYwyRT8HLAGK5MwQZPkHi
decode	23456789ABCDEFGHJKLMNPQRSTUVWXYZabcdefghijkmnopqrstuvwxyz	7LYwyRT8HLAGK5MwQZPkHi	0	1dee4652-a3fc-355f-1e59-3eadcb1435a5
encode	23456789ABCDEFGHJKLMNPQRSTUVWXYZabcdefghijkmnopqrstuvwxyz	8e8a9e0d-a7d0-a409-ab19-c332daa33398		TNbMT4zPm45sTKmq5rNvf4
decode	23456789ABCDEFGHJKLMNPQRSTUVWXYZabcdefghijkmnopqrstuvwxyz	TNbMT4zPm45sTKmq5rNvf4	0	8e8a9e0d-a7d0-a409-ab19-c332daa33398
encode	23456789ABCDEFGHJKLMNPQRSTUVWXYZabcdefghijkmnopqrstuvwxyz	e32172c1-3a7b-623f-fead-4ee3a1daaa01		iRTTavJ9vpMeRJhzuG4TVZ
decode	23456789ABCDEFGHJKLMNPQRSTUVWXYZabcdefghijkmnopqrstuvwxyz	iRTTavJ9vpMeRJhzuG4TVZ	0	e32172c1-3a7b-623f-fead-4ee3a1daaa01
encode	23456789ABCDEFGHJKLMNPQRSTUVWXYZabcdefghijkmnopqrstuvwxyz	d4f0c54f-7f68-829c-9106-b23b7714b59d		ftYcrEhwfHpZ6xGDQJZDDy
decode	23456789ABCDEFGHJKLMNPQRSTUVWXYZabcdefghijkmnopqrstuvwxyz	ftYcrEhwfHpZ6xGDQJZDDy	0	d4f0c54f-7f68-829c-9106-b23b7714b59d
encode	23456789ABCDEFGHJKLMNPQRSTUVWXYZabcdefghijkmnopqrstuvwxyz	3264122b-94fd-b38a-9be0-a68557a9ec65		Ay4GTvhcTisn58rEH2hfti
decode	23456789ABCDEFGHJKLMNPQRSTUVWXYZabcdefghijkmnopqrstuvwxyz	Ay4GTvhcTisn58rEH2hfti	0	3264122b-94fd-b38a-9be0-a68557a9ec65
encode	23456789ABCDEFGHJKLMNPQRSTUVWXYZabcdefghijkmnopqrstuvwxyz	b7a63f0a-497c-9d16-4a5f-98e067aebb10		agVSAnkSZYXhpDxbdN2yca
decode	23456789ABCDEFGHJKLMNPQRSTUVWXYZabcdefghijkmnopqrstuvwxyz	agVSAnkSZYXhpDxbdN2yca	0	b7a63f0a-497c-9d16-4a5f-98e067aebb10
encode	23456789ABCDEFGHJKLMNPQRSTUVWXYZabcdefghijkmnopqrstuvwxyz	fcc8b48a-cf37-9aaf-425f-8e905bf27c2a		nycmszoRXMSJJvFKFMptF8
decode	23456789ABCDEFGHJKLMNPQRSTUVWXYZabcdefghijkmnopqrstuvwxyz	nycmszoRXMSJJvFKFMptF8	0	fcc8b48a-cf37-9aaf-425f-8e905bf27c2a
encode	23456789ABCDEFGHJKLMNPQRSTUVWXYZabcdefghijkmnopqrstuvwxyz	643a3875-9fc9-bc25-ce24-37d96872cff6		KqU4E88xfKZKcPXevCPJYf
decode	23456789ABCDEFGHJKLMNPQRSTUVWXYZabcdefghijkmnopqrstuvwxyz	KqU4E88xfKZKcPXevCPJYf	0	643a3875-9fc9-bc25-ce24-37d96872cff6
encode	23456789ABCDEFGHJKLMNPQRSTUVWXYZabcdefghijkmnopqrstuvwxyz	21bc50da-5e4f-85e1-1b22-c7ef3c6a26ed		829Qm46shnadHdUEdrEb59
decode	23456789ABCDEFGHJKLMNPQRSTUVWXYZabcdefghijkmnopqrstuvwxyz	829Qm46shnadHdUEdrEb59	0	21bc50da-5e4f-85e1-1b22-c7ef3c6a26ed
encode	23456789ABCDEFGHJKLMNPQRSTUVWXYZabcdefghijkmnopqrstuvwxyz	39be6736-7a86-8e46-8697-3a14bd6106d1		CHchLxjFwQw4GLrASpRSTK
decode	23456789ABCDEFGHJKLMNPQRSTUVWXYZabcdefghijkmnopqrstuvwxyz	CHchLxjFwQw4GLrASpRSTK	0	39be6736-7a86-8e46-8697-3a14bd6106d1
encode	23456789ABCDEFGHJKLMNPQRSTUVWXYZabcdefghijkmnopqrstuvwxyz	cfe61a8a-fda5-7373-0cd7-2134f78dfdba		ezRDAw9PKUKGQRNsQR7rDk
decode	23456789ABCDEFGHJKLMNPQRSTUVWXYZabcdefghijkmnopqrstuvwxyz	ezRDAw9PKUKGQRNsQR7rDk	0	cfe61a8a-fda5-7373-0cd7-2134f78dfdba
encode	23456789ABCDEFGHJKLMNPQRSTUVWXYZabcdefghijkmnopqrstuvwxyz	98d7b6d4-e605-73bf-6ef6-8189b4c51894		VD573cjNnLLgHJmHvPfzYm
decode	23456789ABCDEFGHJKLMNPQRSTUVWXYZabcdefghijkmnopqrstuvwxyz	VD573cjNnLLgHJmHvPfzYm	0	98d7b6d4-e605-73bf-6ef6-8189b4c51894
encode	23456789ABCDEFGHJKLMNPQRSTUVWXYZabcdefghijkmnopqrstuvwxyz	06b3fdd9-0fe5-d102-99ed-b6d3db4eb9c5		3CyqCgyF6Bv6ZbR3tTuYXc
decode	23456789ABCDEFGHJKLMNPQRSTUVWXYZabcdefghijkmnopqrstuvwxyz	3CyqCgyF6Bv6ZbR3tTuYXc	0	06b3fdd9-0fe5-d102-99ed-b6d3db4eb9c5
encode	23456789ABCDEFGHJKLMNPQRSTUVWXYZabcdefghijkmnopqrstuvwxyz	e79de299-b636-19a9-f5d7-b72698b60453		jDwhqKPqvENqcCHJ42UvQM
decode	23456789ABCDEFGHJKLMNPQRSTUVWXYZabcdefghijkmnopqrstuvwxyz	jDwhqKPqvENqcCHJ42UvQM	0	e79de299-b636-19a9-f5d7-b72698b60453
encode	23456789ABCDEFGHJKLMNPQRSTUVWXYZabcdefghijkmnopqrstuvwxyz	4aa1819d-141d-e0e2-801b-130604628782		FHsZiNi4gMrLxbK4VaDXgC
decode	23456789ABCDEFGHJKLMNPQRSTUVWXYZabcdefghijkmnopqrstuvwxyz	FHsZiNi4gMrLxbK4VaDXgC	0	4aa1819d-141d-e0e2-801b-130604628782
encode	23456789ABCDEFGHJKLMNPQRSTUVWXYZabcdefghijkmnopqrstuvwxyz	f537019e-ff74-596b-5d5f-9faa16e91809		mdrKku9mZJwxBT9LEB5Kes
decode	23456789ABCDEFGHJKLMNPQRSTUVWXYZabcdefghijkmnopqrstuvwxyz	mdrKku9mZJwxBT9LEB5Kes	0	f537019e-ff74-596b-5d5f-9faa16e91809
encode	23456789ABCDEFGHJKLMNPQRSTUVWXYZabcdefghijkmnopqrstuvwxyz	179bb6e9-88e1-4672-a90b-05fb87dad97a		6DS9BwymqZr88SEZEfLocf
decode	23456789ABCDEFGHJKLMNPQRSTUVWXYZabcdefghijkmnopqrstuvwxyz	6DS9BwymqZr88SEZEfLocf	0	179bb6e9-88e1-4672-a90b-05fb87dad97a
encode	23456789ABCDEFGHJKLMNPQRSTUVWXYZabcdefghijkmnopqrstuvwxyz	da8f9190-4999-8bb7-89ca-f6b9412ba91b		gtYXTGhXYX4i7eBN5QdesT
decode	23456789ABCDEFGHJKLMNPQRSTUVWXYZabcdefghijkmnopqrstuvwxyz	gtYXTGhXYX4i7eBN5QdesT	0	da8f9190-4999-8bb7-89ca-f6b9412ba91b
encode	23456789ABCDEFGHJKLMNPQRSTUVWXYZabcdefghijkmnopqrstuvwxyz	c8bd4b3c-678b-a6fb-561c-ea285886708b		diobKPrzHhZaypHLBXBs23
decode	23456789ABCDEFGHJKLMNPQRSTUVWXYZabcdefghijkmnopqrstuvwxyz	diobKPrzHhZaypHLBXBs23	0	c8bd4b3c-678b-a6fb-561c-ea285886708b
encode	23456789ABCDEFGHJKLMNPQRSTUVWXYZabcdefghijkmnopqrstuvwxyz	c20975eb-fd8b-4fd6-b093-641a18fb3127		cXq8WLFWxDZYxKChM5X6wk
decode	23456789ABCDEFGHJKLMNPQRSTUVWXYZabcdefghijkmnopqrstuvwxyz	cXq8WLFWxDZYxKChM5X6wk	0	c20975eb-fd8b-4fd6-b093-641a18fb3127
encode	23456789ABCDEFGHJKLMNPQRSTUVWXYZabcdefghijkmnopqrstuvwxyz	f11c995c-3030-badf-b126-fa649f332393		kuFRteHvj6sattLa5dRHba
decode	23456789ABCDEFGHJKLMNPQRSTUVWXYZabcdefghijkmnopqrstuvwxyz	kuFRteHvj6sattLa5dRHba	0	f11c995c-3030-badf-b126-fa649f332393
encode	23456789ABCDEFGHJKLMNPQRSTUVWXYZabcdefghijkmnopqrstuvwxyz	6e4f7e78-e185-fb21-3457-ef595784f6e0		Mdijnr8vnGzWzyhHPETi3f
decode	23456789ABCDEFGHJKLMNPQRSTUVWXYZabcdefghijkmnopqrstuvwxyz	Mdijnr8vnGzWzyhHPETi3f	0	6e4f7e78-e185-fb21-3457-ef595784f6e0
encode	23456789ABCDEFGHJKLMNPQRSTUVWXYZabcdefghijkmnopqrstuvwxyz	974bff2f-3d33-dbd6-7d68-9dea80caf43b		UvPYHBy7K2PBP4VRB6ZiZm
decode	23456789ABCDEFGHJKLMNPQRSTUVWXYZabcdefghijkmnopqrstuvwxyz	UvPYHBy7K2PBP4VRB6ZiZm	0	974bff2f-3d33-dbd6-7d68-9dea80caf43b
encode	23456789ABCDEFGHJKLMNPQRSTUVWXYZabcdefghijkmnopqrstuvwxyz	a1cb5138-487e-eab1-0bb4-5500ef8df0d8		Wnqh9xbKp2vTczaJJA5xyg
decode	23456789ABCDEFGHJKLMNPQRSTUVWXYZabcdefghijkmnopqrstuvwxyz	Wnqh9xbKp2vTczaJJA5xyg	0	a1cb5138-487e-eab1-0bb4-5500ef8df0d8
encode	23456789ABCDEFGHJKLMNPQRSTUVWXYZabcdefghijkmnopqrstuvwxyz	831d2e63-54b4-6f12-25a8-bc57522d50ef		RLhWhzFqDZJp45hQN5ERyf
decode	23456789ABCDEFGHJKLMNPQRSTUVWXYZabcdefghijkmnopqrstuvwxyz	RLhWhzFqDZJp45hQN5ERyf	0	831d2e63-54b4-6f12-25a8-bc57522d50ef
encode_pad	23456789ABCDEFGHJKLMNPQRSTUVWXYZabcdefghijkmnopqrstuvwxyz	b427ee67-8632-5174-dbd1-c57fa6b4a003	1	a54zvSNZCEbueg6YHujJ7b
encode_pad	23456789ABCDEFGHJKLMNPQRSTUVWXYZabcdefghijkmnopqrstuvwxyz	e0e020fa-fdca-1304-5e39-e438ef367547	5	i2appy8ZHsukLhhxMsMLuS
encode_pad	23456789ABCDEFGHJKLMNPQRSTUVWXYZabcdefghijkmnopqrstuvwxyz	6dd5da24-609d-97ba-8e29-10b36f7a140c	22	MYu5GxQE3JLTCcj8DWqqP8
encode_pad	23456789ABCDEFGHJKLMNPQRSTUVWXYZabcdefghijkmnopqrstuvwxyz	c1669420-3eab-6b36-0686-59b1c4154900	40	222222222222222222cRPKxoAV4mVr2mK2rpH3TA
decode	23456789ABCDEFGHJKLMNPQRSTUVWXYZabcdefghijkmnopqrstuvwxyz	c	0	00000000-0000-0000-0000-000000000022
decode	23456789ABCDEFGHJKLMNPQRSTUVWXYZabcdefghijkmnopqrstuvwxyz	cK2	0	00000000-0000-0000-0000-00000001b34b
decode	23456789ABCDEFGHJKLMNPQRSTUVWXYZabcdefghijkmnopqrstuvwxyz	cK2AysZ	0	00000000-0000-0000-0000-0111e18495c2
decode	23456789ABCDEFGHJKLMNPQRSTUVWXYZabcdefghijkmnopqrstuvwxyz	4FtkkFw63PYH2gnZsyA2Kc	1	c0c5c085-41b9-4279-80f2-c09c04b58dd2
get_alphabet	01	0		01
get_alphabet	01	1		01
encoded_length	01	16		128
encoded_length	01	8		64
encoded_length	01	4		32
encoded_length	01	32		256
encode	01	d02b8d77-52dc-be8d-518f-b8b23fb7396b		11010000001010111000110101110111010100101101110010111110100011010101000110001111101110001011001000111111101101110011100101101011
decode	01	11010000001010111000110101110111010100101101110010111110100011010101000110001111101110001011001000111111101101110011100101101011	0	d02b8d77-52dc-be8d-518f-b8b23fb7396b
encode	01	4767c840-df59-0752-a368-3cba84bb837f		01000111011001111100100001000000110111110101100100000111010100101010001101101000001111001011101010000100101110111000001101111111
decode	01	01000111011001111100100001000000110111110101100100000111010100101010001101101000001111001011101010000100101110111000001101111111	0	4767c840-df59-0752-a368-3cba84bb837f
encode	01	37315cf2-0232-e42b-c912-6dbd06ad0f90		00110111001100010101110011110010000000100011001011100100001010111100100100010010011011011011110100000110101011010000111110010000
decode	01	00110111001100010101110011110010000000100011001011100100001010111100100100010010011011011011110100000110101011010000111110010000	0	37315cf2-0232-e42b-c912-6dbd06ad0f90
encode	01	cf06fc2e-5e7a-6193-8467-25027976572b		11001111000001101111110000101110010111100111101001100001100100111000010001100111001001010000001001111001011101100101011100101011
decode	01	11001111000001101111110000101110010111100111101001100001100100111000010001100111001001010000001001111001011101100101011100101011	0	cf06fc2e-5e7a-6193-8467-25027976572b
encode	01	fed5c61f-9797-c001-4546-7d45f2c83190		11111110110101011100011000011111100101111001011111000000000000010100010101000110011111010100010111110010110010000011000110010000
decode	01	11111110110101011100011000011111100101111001011111000000000000010100010101000110011111010100010111110010110010000011000110010000	0	fed5c61f-9797-c001-4546-7d45f2c83190
encode	01	b8b8de9b-e508-b11c-8fa4-0064a0d6e4bc		10111000101110001101111010011011111001010000100010110001000111001000111110100100000000000110010010100000110101101110010010111100
decode	01	10111000101110001101111010011011111001010000100010110001000111001000111110100100000000000110010010100000110101101110010010111100	0	b8b8de9b-e508-b11c-8fa4-0064a0d6e4bc
encode	01	414e25a2-db04-f7e1-1440-06d14360ef0c		01000001010011100010010110100010110110110000010011110111111000010001010001000000000001101101000101000011011000001110111100001100
decode	01	01000001010011100010010110100010110110110000010011110111111000010001010001000000000001101101000101000011011000001110111100001100	0	414e25a2-db04-f7e1-1440-06d14360ef0c
encode	01	7fc99ed6-0946-5f21-8861-0344de93eb87		01111111110010011001111011010110000010010100011001011111001000011000100001100001000000110100010011011110100100111110101110000111
decode	01	01111111110010011001111011010110000010010100011001011111001000011000100001100001000000110100010011011110100100111110101110000111	0	7fc99ed6-0946-5f21-8861-0344de93eb87
encode	01	4cc4391d-2cf7-b446-c585-6270483da679		01001100110001000011100100011101001011001111011110110100010001101100010110000101011000100111000001001000001111011010011001111001
decode	01	01001100110001000011100100011101001011001111011110110100010001101100010110000101011000100111000001001000001111011010011001111001	0	4cc4391d-2cf7-b446-c585-6270483da679
encode	01	e282ddec-3e29-598d-575c-f1eda086a95d		11100010100000101101110111101100001111100010100101011001100011010101011101011100111100011110110110100000100001101010100101011101
decode	01	11100010100000101101110111101100001111100010100101011001100011010101011101011100111100011110110110100000100001101010100101011101	0	e282ddec-3e29-598d-575c-f1eda086a95d
encode	01	4747d703-bf91-a6f9-5fe9-1daa76ce32d6		01000111010001111101011100000011101111111001000110100110111110010101111111101001000111011010101001110110110011100011001011010110
decode	01	01000111010001111101011100000011101111111001000110100110111110010101111111101001000111011010101001110110110011100011001011010110	0	4747d703-bf91-a6f9-5fe9-1daa76ce32d6
encode	01	3a22c346-eaee-589d-3e31-ca3817d77fca		00111010001000101100001101000110111010101110111001011000100111010011111000110001110010100011100000010111110101110111111111001010
decode	01	00111010001000101100001101000110111010101110111001011000100111010011111000110001110010100011100000010111110101110111111111001010	0	3a22c346-eaee-589d-3e31-ca3817d77fca
encode	01	8e9907ee-1575-505e-ff9a-d6515de31b91		10001110100110010000011111101110000101010111010101010000010111101111111110011010110101100101000101011101111000110001101110010001
decode	01	10001110100110010000011111101110000101010111010101010000010111101111111110011010110101100101000101011101111000110001101110010001	0	8e9907ee-1575-505e-ff9a-d6515de31b91
encode	01	7e70a007-9697-c966-40dc-c58bb2e636b6		01111110011100001010000000000111100101101001011111001001011001100100000011011100110001011000101110110010111001100011011010110110
decode	01	01111110011100001010000000000111100101101001011111001001011001100100000011011100110001011000101110110010111001100011011010110110	0	7e70a007-9697-c966-40dc-c58bb2e636b6
encode	01	71a16f99-32ae-5155-3b22-31c4648f69dd		01110001101000010110111110011001001100101010111001010001010101010011101100100010001100011100010001100100100011110110100111011101
decode	01	01110001101000010110111110011001001100101010111001010001010101010011101100100010001100011100010001100100100011110110100111011101	0	71a16f99-32ae-5155-3b22-31c4648f69dd
encode	01	4f7278f8-3424-badf-33f7-fe83952a5fef		01001111011100100111100011111000001101000010010010111010110111110011001111110111111111101000001110010101001010100101111111101111
decode	01	01001111011100100111100011111000001101000010010010111010110111110011001111110111111111101000001110010101001010100101111111101111	0	4f7278f8-3424-badf-33f7-fe83952a5fef
encode	01	18a4efae-a6ff-e132-25a7-3206b5bfa05b		00011000101001001110111110101110101001101111111111100001001100100010010110100111001100100000011010110101101111111010000001011011
decode	01	00011000101001001110111110101110101001101111111111100001001100100010010110100111001100100000011010110101101111111010000001011011	0	18a4efae-a6ff-e132-25a7-3206b5bfa05b
encode	01	65ea2a61-1e6f-01b2-ec72-3e8ab6f68728		01100101111010100010101001100001000111100110111100000001101100101110110001110010001111101000101010110110111101101000011100101000
decode	01	01100101111010100010101001100001000111100110111100000001101100101110110001110010001111101000101010110110111101101000011100101000	0	65ea2a61-1e6f-01b2-ec72-3e8ab6f68728
encode	01	d6929d58-930a-1553-3fd2-6abf63509da1		11010110100100101001110101011000100100110000101000010101010100110011111111010010011010101011111101100011010100001001110110100001
decode	01	11010110100100101001110101011000100100110000101000010101010100110011111111010010011010101011111101100011010100001001110110100001	0	d6929d58-930a-1553-3fd2-6abf63509da1
encode	01	8a09a07d-e57f-915b-67fb-25784ede61c4		10001010000010011010000001111101111001010111111110010001010110110110011111111011001001010111100001001110110111100110000111000100
decode	01	10001010000010011010000001111101111001010111111110010001010110110110011111111011001001010111100001001110110111100110000111000100	0	8a09a07d-e57f-915b-67fb-25784ede61c4
encode	01	9eb23cbb-a9cd-50a2-6fd7-357094cac0fa		10011110101100100011110010111011101010011100110101010000101000100110111111010111001101010111000010010100110010101100000011111010
decode	01	10011110101100100011110010111011101010011100110101010000101000100110111111010111001101010111000010010100110010101100000011111010	0	9eb23cbb-a9cd-50a2-6fd7-357094cac0fa
encode	01	04ecc9d2-9ea5-7d79-b09e-3ca60e298ce8		00000100111011001100100111010010100111101010010101111101011110011011000010011110001111001010011000001110001010011000110011101000
decode	01	00000100111011001100100111010010100111101010010101111101011110011011000010011110001111001010011000001110001010011000110011101000	0	04ecc9d2-9ea5-7d79-b09e-3ca60e298ce8
encode	01	fbc2e763-e8cb-2257-ff9f-ec9afe7e4bf7		11111011110000101110011101100011111010001100101100100010010101111111111110011111111011001001101011111110011111100100101111110111
decode	01	11111011110000101110011101100011111010001100101100100010010101111111111110011111111011001001101011111110011111100100101111110111	0	fbc2e763-e8cb-2257-ff9f-ec9afe7e4bf7
encode	01	8279209a-f450-7eed-3171-8ff105aa57a0		10000010011110010010000010011010111101000101000001111110111011010011000101110001100011111111000100000101101010100101011110100000
decode	01	10000010011110010010000010011010111101000101000001111110111011010011000101110001100011111111000100000101101010100101011110100000	0	8279209a-f450-7eed-3171-8ff105aa57a0
encode	01	3d4bed0e-7aff-182e-2726-9b8fa1fa4a2d		00111101010010111110110100001110011110101111111100011000001011100010011100100110100110111000111110100001111110100100101000101101
decode	01	00111101010010111110110100001110011110101111111100011000001011100010011100100110100110111000111110100001111110100100101000101101	0	3d4bed0e-7aff-182e-2726-9b8fa1fa4a2d
encode	01	54123391-2f62-69ed-0c14-f74a24407555		01010100000100100011001110010001001011110110001001101001111011010000110000010100111101110100101000100100010000000111010101010101
decode	01	01010100000100100011001110010001001011110110001001101001111011010000110000010100111101110100101000100100010000000111010101010101	0	54123391-2f62-69ed-0c14-f74a24407555
encode	01	2709c6cd-0b83-a07a-da5b-33d6b6c16775		00100111000010011100011011001101000010111000001110100000011110101101101001011011001100111101011010110110110000010110011101110101
decode	01	00100111000010011100011011001101000010111000001110100000011110101101101001011011001100111101011010110110110000010110011101110101	0	2709c6cd-0b83-a07a-da5b-33d6b6c16775
encode	01	89005543-e268-b1a7-609e-052eaac057e4		10001001000000000101010101000011111000100110100010110001101001110110000010011110000001010010111010101010110000000101011111100100
decode	01	10001001000000000101010101000011111000100110100010110001101001110110000010011110000001010010111010101010110000000101011111100100	0	89005543-e268-b1a7-609e-052eaac057e4
encode	01	2097415d-59f3-5e3c-3947-683e0906b93e		00100000100101110100000101011101010110011111001101011110001111000011100101000111011010000011111000001001000001101011100100111110
decode	01	00100000100101110100000101011101010110011111001101011110001111000011100101000111011010000011111000001001000001101011100100111110	0	2097415d-59f3-5e3c-3947-683e0906b93e
encode	01	82a6e9ee-257e-9203-c997-d58a57b07586		10000010101001101110100111101110001001010111111010010010000000111100100110010111110101011000101001010111101100000111010110000110
decode	01	10000010101001101110100111101110001001010111111010010010000000111100100110010111110101011000101001010111101100000111010110000110	0	82a6e9ee-257e-9203-c997-d58a57b07586
encode	01	f5de361f-2d1b-b6c5-12e9-9ae579b16a1a		11110101110111100011011000011111001011010001101110110110110001010001001011101001100110101110010101111001101100010110101000011010
decode	01	11110101110111100011011000011111001011010001101110110110110001010001001011101001100110101110010101111001101100010110101000011010	0	f5de361f-2d1b-b6c5-12e9-9ae579b16a1a
encode	01	38f7df74-683b-3021-59e5-b3338569e89c		00111000111101111101111101110100011010000011101100110000001000010101100111100101101100110011001110000101011010011110100010011100
decode	01	00111000111101111101111101110100011010000011101100110000001000010101100111100101101100110011001110000101011010011110100010011100	0	38f7df74-683b-3021-59e5-b3338569e89c
encode	01	aee016c8-b294-3680-28fc-cad4c2bd9279		10101110111000000001011011001000101100101001010000110110100000000010100011111100110010101101010011000010101111011001001001111001
decode	01	10101110111000000001011011001000101100101001010000110110100000000010100011111100110010101101010011000010101111011001001001111001	0	aee016c8-b294-3680-28fc-cad4c2bd9279
encode	01	919d71d9-6303-8aa6-e9c6-f54d63c4f495		10010001100111010111000111011001011000110000001110001010101001101110100111000110111101010100110101100011110001001111010010010101
decode	01	10010001100111010111000111011001011000110000001110001010101001101110100111000110111101010100110101100011110001001111010010010101	0	919d71d9-6303-8aa6-e9c6-f54d63c4f495
encode	01	9642d3dd-a69f-c184-1248-def6ce6b493f		10010110010000101101001111011101101001101001111111000001100001000001001001001000110111101111011011001110011010110100100100111111
decode	01	10010110010000101101001111011101101001101001111111000001100001000001001001001000110111101111011011001110011010110100100100111111	0	9642d3dd-a69f-c184-1248-def6ce6b493f
encode	01	bbff865f-388e-14cd-49a9-498851eb707e		10111011111111111000011001011111001110001000111000010100110011010100100110101001010010011000100001010001111010110111000001111110
decode	01	10111011111111111000011001011111001110001000111000010100110011010100100110101001010010011000100001010001111010110111000001111110	0	bbff865f-388e-14cd-49a9-498851eb707e
encode	01	cf7e163b-cf6c-b7d8-dd05-dce2fb168e1b		11001111011111100001011000111011110011110110110010110111110110001101110100000101110111001110001011111011000101101000111000011011
decode	01	11001111011111100001011000111011110011110110110010110111110110001101110100000101110111001110001011111011000101101000111000011011	0	cf7e163b-cf6c-b7d8-dd05-dce2fb168e1b
encode	01	89626b8a-901f-eb30-e492-1decbf61b5a6		10001001011000100110101110001010100100000001111111101011001100001110010010010010000111011110110010111111011000011011010110100110
decode	01	10001001011000100110101110001010100100000001111111101011001100001110010010010010000111011110110010111111011000011011010110100110	0	89626b8a-901f-eb30-e492-1decbf61b5a6
encode	01	0d36adf7-f6eb-6bf7-967a-65580e28c3ed		00001101001101101010110111110111111101101110101101101011111101111001011001111010011001010101100000001110001010001100001111101101
decode	01	00001101001101101010110111110111111101101110101101101011111101111001011001111010011001010101100000001110001010001100001111101101	0	0d36adf7-f6eb-6bf7-967a-65580e28c3ed
encode	01	4ec22480-949d-5a86-702c-434356154932		01001110110000100010010010000000100101001001110101011010100001100111000000101100010000110100001101010110000101010100100100110010
decode	01	01001110110000100010010010000000100101001001110101011010100001100111000000101100010000110100001101010110000101010100100100110010	0	4ec22480-949d-5a86-702c-434356154932
encode	01	8c3f6411-3050-d7ef-2d8e-76a6c1d8d4e0		10001100001111110110010000010001001100000101000011010111111011110010110110001110011101101010011011000001110110001101010011100000
decode	01	10001100001111110110010000010001001100000101000011010111111011110010110110001110011101101010011011000001110110001101010011100000	0	8c3f6411-3050-d7ef-2d8e-76a6c1d8d4e0
encode	01	22e58c03-4846-3f1b-2694-1f7d76079d2d		00100010111001011000110000000011010010000100011000111111000110110010011010010100000111110111110101110110000001111001110100101101
decode	01	00100010111001011000110000000011010010000100011000111111000110110010011010010100000111110111110101110110000001111001110100101101	0	22e58c03-4846-3f1b-2694-1f7d76079d2d
encode	01	be9125b0-0b11-4f09-855f-900ee7ab7d02		10111110100100010010010110110000000010110001000101001111000010011000010101011111100100000000111011100111101010110111110100000010
decode	01	10111110100100010010010110110000000010110001000101001111000010011000010101011111100100000000111011100111101010110111110100000010	0	be9125b0-0b11-4f09-855f-900ee7ab7d02
encode	01	84d1a797-34d1-47cb-e507-6d363deb8215		10000100110100011010011110010111001101001101000101000111110010111110010100000111011011010011011000111101111010111000001000010101
decode	01	10000100110100011010011110010111001101001101000101000111110010111110010100000111011011010011011000111101111010111000001000010101	0	84d1a797-34d1-47cb-e507-6d363deb8215
encode	01	ea53c8d6-e64e-1bfa-7ed9-f4ede2c97824		11101010010100111100100011010110111001100100111000011011111110100111111011011001111101001110110111100010110010010111100000100100
decode	01	11101010010100111100100011010110111001100100111000011011111110100111111011011001111101001110110111100010110010010111100000100100	0	ea53c8d6-e64e-1bfa-7ed9-f4ede2c97824
encode	01	6c19a64c-f49b-6087-efe5-468a765cc4cc		01101100000110011010011001001100111101001001101101100000100001111110111111100101010001101000101001110110010111001100010011001100
decode	01	01101100000110011010011001001100111101001001101101100000100001111110111111100101010001101000101001110110010111001100010011001100	0	6c19a64c-f49b-6087-efe5-468a765cc4cc
encode	01	e437789a-8ccd-5593-7606-f29e3d90ad1f		11100100001101110111100010011010100011001100110101010101100100110111011000000110111100101001111000111101100100001010110100011111
decode	01	11100100001101110111100010011010100011001100110101010101100100110111011000000110111100101001111000111101100100001010110100011111	0	e437789a-8ccd-5593-7606-f29e3d90ad1f
encode	01	0ae814d0-54aa-751f-f990-1bb55bb480af		00001010111010000001010011010000010101001010101001110101000111111111100110010000000110111011010101011011101101001000000010101111
decode	01	00001010111010000001010011010000010101001010101001110101000111111111100110010000000110111011010101011011101101001000000010101111	0	0ae814d0-54aa-751f-f990-1bb55bb480af
encode	01	cdd4eec0-7965-dfb8-a95b-0fa482970390		11001101110101001110111011000000011110010110010111011111101110001010100101011011000011111010010010000010100101110000001110010000
decode	01	11001101110101001110111011000000011110010110010111011111101110001010100101011011000011111010010010000010100101110000001110010000	0	cdd4eec0-7965-dfb8-a95b-0fa482970390
encode	01	ae30b326-b476-30dd-27f0-88808821647c		10101110001100001011001100100110101101000111011000110000110111010010011111110000100010001000000010001000001000010110010001111100
decode	01	10101110001100001011001100100110101101000111011000110000110111010010011111110000100010001000000010001000001000010110010001111100	0	ae30b326-b476-30dd-27f0-88808821647c
encode	01	6b7c9daf-80a2-5844-17a2-8bc68e987fbe		01101011011111001001110110101111100000001010001001011000010001000001011110100010100010111100011010001110100110000111111110111110
decode	01	01101011011111001001110110101111100000001010001001011000010001000001011110100010100010111100011010001110100110000111111110111110	0	6b7c9daf-80a2-5844-17a2-8bc68e987fbe
encode	01	ea836478-5ab3-0064-ce74-2ac4d3a2662b		11101010100000110110010001111000010110101011001100000000011001001100111001110100001010101100010011010011101000100110011000101011
decode	01	11101010100000110110010001111000010110101011001100000000011001001100111001110100001010101100010011010011101000100110011000101011	0	ea836478-5ab3-0064-ce74-2ac4d3a2662b
encode	01	8d8ec17c-3718-d0dd-66ed-96ec28cc22a7		10001101100011101100000101111100001101110001100011010000110111010110011011101101100101101110110000101000110011000010001010100111
decode	01	10001101100011101100000101111100001101110001100011010000110111010110011011101101100101101110110000101000110011000010001010100111	0	8d8ec17c-3718-d0dd-66ed-96ec28cc22a7
encode	01	6fa85b0c-fbbb-4e14-a2bd-d8f7ae9333c9		01101111101010000101101100001100111110111011101101001110000101001010001010111101110110001111011110101110100100110011001111001001
decode	01	01101111101010000101101100001100111110111011101101001110000101001010001010111101110110001111011110101110100100110011001111001001	0	6fa85b0c-fbbb-4e14-a2bd-d8f7ae9333c9
encode	01	86fcdd52-3aab-cba5-f309-dac66bf365bb		10000110111111001101110101010010001110101010101111001011101001011111001100001001110110101100011001101011111100110110010110111011
decode	01	10000110111111001101110101010010001110101010101111001011101001011111001100001001110110101100011001101011111100110110010110111011	0	86fcdd52-3aab-cba5-f309-dac66bf365bb
encode	01	bd840609-bef5-cf40-5bcb-4cc0629840eb		10111101100001000000011000001001101111101111010111001111010000000101101111001011010011001100000001100010100110000100000011101011
decode	01	10111101100001000000011000001001101111101111010111001111010000000101101111001011010011001100000001100010100110000100000011101011	0	bd840609-bef5-cf40-5bcb-4cc0629840eb
encode	01	bd892fde-ac10-982d-0f1e-3ef1efa6f6d1		10111101100010010010111111011110101011000001000010011000001011010000111100011110001111101111000111101111101001101111011011010001
decode	01	10111101100010010010111111011110101011000001000010011000001011010000111100011110001111101111000111101111101001101111011011010001	0	bd892fde-ac10-982d-0f1e-3ef1efa6f6d1
encode	01	7b0af567-221e-836b-1bc6-559aba49ae47		01111011000010101111010101100111001000100001111010000011011010110001101111000110010101011001101010111010010010011010111001000111
decode	01	01111011000010101111010101100111001000100001111010000011011010110001101111000110010101011001101010111010010010011010111001000111	0	7b0af567-221e-836b-1bc6-559aba49ae47
encode	01	e68a1ccf-f5f8-33b0-45ba-18453e1aa739		11100110100010100001110011001111111101011111100000110011101100000100010110111010000110000100010100111110000110101010011100111001
decode	01	11100110100010100001110011001111111101011111100000110011101100000100010110111010000110000100010100111110000110101010011100111001	0	e68a1ccf-f5f8-33b0-45ba-18453e1aa739
encode	01	5925b211-484a-64bd-a9e5-d8a2a6871afc		01011001001001011011001000010001010010000100101001100100101111011010100111100101110110001010001010100110100001110001101011111100
decode	01	01011001001001011011001000010001010010000100101001100100101111011010100111100101110110001010001010100110100001110001101011111100	0	5925b211-484a-64bd-a9e5-d8a2a6871afc
encode	01	665ddcab-ebce-ed9e-92db-001e23e161cb		01100110010111011101110010101011111010111100111011101101100111101001001011011011000000000001111000100011111000010110000111001011
decode	01	01100110010111011101110010101011111010111100111011101101100111101001001011011011000000000001111000100011111000010110000111001011	0	665ddcab-ebce-ed9e-92db-001e23e161cb
encode	01	9eac5b8a-3c98-9a3a-1c77-9ca7da09a770		10011110101011000101101110001010001111001001100010011010001110100001110001110111100111001010011111011010000010011010011101110000
decode	01	10011110101011000101101110001010001111001001100010011010001110100001110001110111100111001010011111011010000010011010011101110000	0	9eac5b8a-3c98-9a3a-1c77-9ca7da09a770
encode	01	ead1839e-aa06-bfc4-7b7a-6cc57b5116fc		11101010110100011000001110011110101010100000011010111111110001000111101101111010011011001100010101111011010100010001011011111100
decode	01	11101010110100011000001110011110101010100000011010111111110001000111101101111010011011001100010101111011010100010001011011111100	0	ead1839e-aa06-bfc4-7b7a-6cc57b5116fc
encode	01	9a6dbad9-1766-b565-5f8a-9f0a65f3e032		10011010011011011011101011011001000101110110011010110101011001010101111110001010100111110000101001100101111100111110000000110010
decode	01	10011010011011011011101011011001000101110110011010110101011001010101111110001010100111110000101001100101111100111110000000110010	0	9a6dbad9-1766-b565-5f8a-9f0a65f3e032
encode	01	6416680c-448c-028e-61d8-ab0c632344d3		01100100000101100110100000001100010001001000110000000010100011100110000111011000101010110000110001100011001000110100010011010011
decode	01	01100100000101100110100000001100010001001000110000000010100011100110000111011000101010110000110001100011001000110100010011010011	0	6416680c-448c-028e-61d8-ab0c632344d3
encode	01	ab21e2a2-a29a-7927-570e-bb2573380779		10101011001000011110001010100010101000101001101001111001001001110101011100001110101110110010010101110011001110000000011101111001
decode	01	10101011001000011110001010100010101000101001101001111001001001110101011100001110101110110010010101110011001110000000011101111001	0	ab21e2a2-a29a-7927-570e-bb2573380779
encode	01	6d5f068d-93dd-3fdd-0b51-a6a8a1c0e79b		01101101010111110000011010001101100100111101110100111111110111010000101101010001101001101010100010100001110000001110011110011011
decode	01	01101101010111110000011010001101100100111101110100111111110111010000101101010001101001101010100010100001110000001110011110011011	0	6d5f068d-93dd-3fdd-0b51-a6a8a1c0e79b
encode	01	a970b69e-6035-adb2-3dfa-5e6541452aa6		10101001011100001011011010011110011000000011010110101101101100100011110111111010010111100110010101000001010001010010101010100110
decode	01	10101001011100001011011010011110011000000011010110101101101100100011110111111010010111100110010101000001010001010010101010100110	0	a970b69e-6035-adb2-3dfa-5e6541452aa6
encode	01	fa7f9608-29c4-4808-71dc-2d1f3b317369		11111010011111111001011000001000001010011100010001001000000010000111000111011100001011010001111100111011001100010111001101101001
decode	01	11111010011111111001011000001000001010011100010001001000000010000111000111011100001011010001111100111011001100010111001101101001	0	fa7f9608-29c4-4808-71dc-2d1f3b317369
encode	01	c7979f84-7167-089a-5439-e6fa00f8171f		11000111100101111001111110000100011100010110011100001000100110100101010000111001111001101111101000000000111110000001011100011111
decode	01	11000111100101111001111110000100011100010110011100001000100110100101010000111001111001101111101000000000111110000001011100011111	0	c7979f84-7167-089a-5439-e6fa00f8171f
encode	01	66668faf-8eed-795c-d9e4-d61d110bb831		01100110011001101000111110101111100011101110110101111001010111001101100111100100110101100001110100010001000010111011100000110001
decode	01	01100110011001101000111110101111100011101110110101111001010111001101100111100100110101100001110100010001000010111011100000110001	0	66668faf-8eed-795c-d9e4-d61d110bb831
encode	01	10451216-8546-a1c9-9c6d-1d62ae393118		00010000010001010001001000010110100001010100011010100001110010011001110001101101000111010110001010101110001110010011000100011000
decode	01	00010000010001010001001000010110100001010100011010100001110010011001110001101101000111010110001010101110001110010011000100011000	0	10451216-8546-a1c9-9c6d-1d62ae393118
encode	01	942f7575-1ce3-9456-14a7-a236124a4a24		10010100001011110111010101110101000111001110001110010100010101100001010010100111101000100011011000010010010010100100101000100100
decode	01	10010100001011110111010101110101000111001110001110010100010101100001010010100111101000100011011000010010010010100100101000100100	0	942f7575-1ce3-9456-14a7-a236124a4a24
encode	01	808eee08-18f5-59f5-b64c-195cb26689eb		10000000100011101110111000001000000110001111010101011001111101011011011001001100000110010101110010110010011001101000100111101011
decode	01	10000000100011101110111000001000000110001111010101011001111101011011011001001100000110010101110010110010011001101000100111101011	0	808eee08-18f5-59f5-b64c-195cb26689eb
encode	01	8f5b1d50-fd5c-91c1-b9a5-e57e52e03d36		10001111010110110001110101010000111111010101110010010001110000011011100110100101111001010111111001010010111000000011110100110110
decode	01	10001111010110110001110101010000111111010101110010010001110000011011100110100101111001010111111001010010111000000011110100110110	0	8f5b1d50-fd5c-91c1-b9a5-e57e52e03d36
encode	01	5ac4f616-ecc4-a17b-07fd-789fe7c461bc		01011010110001001111011000010110111011001100010010100001011110110000011111111101011110001001111111100111110001000110000110111100
decode	01	01011010110001001111011000010110111011001100010010100001011110110000011111111101011110001001111111100111110001000110000110111100	0	5ac4f616-ecc4-a17b-07fd-789fe7c461bc
encode	01	0da2d079-1040-acbc-44e3-39f390bf23a0		00001101101000101101000001111001000100000100000010101100101111000100010011100011001110011111001110010000101111110010001110100000
decode	01	00001101101000101101000001111001000100000100000010101100101111000100010011100011001110011111001110010000101111110010001110100000	0	0da2d079-1040-acbc-44e3-39f390bf23a0
encode	01	72ed811a-f8df-882b-9fac-8d2c9a9e21d7		01110010111011011000000100011010111110001101111110001000001010111001111110101100100011010010110010011010100111100010000111010111
decode	01	01110010111011011000000100011010111110001101111110001000001010111001111110101100100011010010110010011010100111100010000111010111	0	72ed811a-f8df-882b-9fac-8d2c9a9e21d7
encode	01	58baae59-99e4-25fd-15be-e4baa1f68b57		01011000101110101010111001011001100110011110010000100101111111010001010110111110111001001011101010100001111101101000101101010111
decode	01	01011000101110101010111001011001100110011110010000100101111111010001010110111110111001001011101010100001111101101000101101010111	0	58baae59-99e4-25fd-15be-e4baa1f68b57
encode	01	b5d0e200-c6d1-1be4-aca3-1daffd357419		10110101110100001110001000000000110001101101000100011011111001001010110010100011000111011010111111111101001101010111010000011001
decode	01	10110101110100001110001000000000110001101101000100011011111001001010110010100011000111011010111111111101001101010111010000011001	0	b5d0e200-c6d1-1be4-aca3-1daffd357419
encode	01	e09a23ed-c2df-eb5f-579a-8e2280a0c22e		11100000100110100010001111101101110000101101111111101011010111110101011110011010100011100010001010000000101000001100001000101110
decode	01	11100000100110100010001111101101110000101101111111101011010111110101011110011010100011100010001010000000101000001100001000101110	0	e09a23ed-c2df-eb5f-579a-8e2280a0c22e
encode	01	11cf28d2-843f-233f-dbdd-5b5abdec9e51		00010001110011110010100011010010100001000011111100100011001111111101101111011101010110110101101010111101111011001001111001010001
decode	01	00010001110011110010100011010010100001000011111100100011001111111101101111011101010110110101101010111101111011001001111001010001	0	11cf28d2-843f-233f-dbdd-5b5abdec9e51
encode	01	63f0dada-1a5d-2025-24c5-3fee5a5dcc5b		01100011111100001101101011011010000110100101110100100000001001010010010011000101001111111110111001011010010111011100110001011011
decode	01	01100011111100001101101011011010000110100101110100100000001001010010010011000101001111111110111001011010010111011100110001011011	0	63f0dada-1a5d-2025-24c5-3fee5a5dcc5b
encode	01	a4e7e237-127b-0707-6ded-2ee619eaf0ef		10100100111001111110001000110111000100100111101100000111000001110110110111101101001011101110011000011001111010101111000011101111
decode	01	10100100111001111110001000110111000100100111101100000111000001110110110111101101001011101110011000011001111010101111000011101111	0	a4e7e237-127b-0707-6ded-2ee619eaf0ef
encode	01	a34f06df-9677-bb5c-3c34-fdf974749207		10100011010011110000011011011111100101100111011110111011010111000011110000110100111111011111100101110100011101001001001000000111
decode	01	10100011010011110000011011011111100101100111011110111011010111000011110000110100111111011111100101110100011101001001001000000111	0	a34f06df-9677-bb5c-3c34-fdf974749207
encode	01	ef8a0c87-4dc1-aeef-72eb-d05be9bebebc		11101111100010100000110010000111010011011100000110101110111011110111001011101011110100000101101111101001101111101011111010111100
decode	01	11101111100010100000110010000111010011011100000110101110111011110111001011101011110100000101101111101001101111101011111010111100	0	ef8a0c87-4dc1-aeef-72eb-d05be9bebebc
encode	01	7537c4d6-0227-2fda-8533-d1113c1d08ad		01110101001101111100010011010110000000100010011100101111110110101000010100110011110100010001000100111100000111010000100010101101
decode	01	01110101001101111100010011010110000000100010011100101111110110101000010100110011110100010001000100111100000111010000100010101101	0	7537c4d6-0227-2fda-8533-d1113c1d08ad
encode	01	1dfd4f8b-25e4-5a14-0041-5706e602ae29		00011101111111010100111110001011001001011110010001011010000101000000000001000001010101110000011011100110000000101010111000101001
decode	01	00011101111111010100111110001011001001011110010001011010000101000000000001000001010101110000011011100110000000101010111000101001	0	1dfd4f8b-25e4-5a14-0041-5706e602ae29
encode	01	961d2d6e-f5c3-e2a6-f587-975e98688e8c		10010110000111010010110101101110111101011100001111100010101001101111010110000111100101110101111010011000011010001000111010001100
decode	01	10010110000111010010110101101110111101011100001111100010101001101111010110000111100101110101111010011000011010001000111010001100	0	961d2d6e-f5c3-e2a6-f587-975e98688e8c
encode	01	d733c687-fdd8-6719-ffe1-fd209790d882		11010111001100111100011010000111111111011101100001100111000110011111111111100001111111010010000010010111100100001101100010000010
decode	01	11010111001100111100011010000111111111011101100001100111000110011111111111100001111111010010000010010111100100001101100010000010	0	d733c687-fdd8-6719-ffe1-fd209790d882
encode	01	b3290b40-1eb0-b5b6-b9a3-5784fdd788df		10110011001010010000101101000000000111101011000010110101101101101011100110100011010101111000010011111101110101111000100011011111
decode	01	10110011001010010000101101000000000111101011000010110101101101101011100110100011010101111000010011111101110101111000100011011111	0	b3290b40-1eb0-b5b6-b9a3-5784fdd788df
encode	01	825b6a87-2e8b-dac0-465e-0de54f317503		10000010010110110110101010000111001011101000101111011010110000000100011001011110000011011110010101001111001100010111010100000011
decode	01	10000010010110110110101010000111001011101000101111011010110000000100011001011110000011011110010101001111001100010111010100000011	0	825b6a87-2e8b-dac0-465e-0de54f317503
encode	01	2f67b3c0-3124-f032-0286-a849f00610a6		00101111011001111011001111000000001100010010010011110000001100100000001010000110101010000100100111110000000001100001000010100110
decode	01	00101111011001111011001111000000001100010010010011110000001100100000001010000110101010000100100111110000000001100001000010100110	0	2f67b3c0-3124-f032-0286-a849f00610a6
encode	01	d2ce05af-3551-d924-9f06-5f1384dc0c80		11010010110011100000010110101111001101010101000111011001001001001001111100000110010111110001001110000100110111000000110010000000
decode	01	11010010110011100000010110101111001101010101000111011001001001001001111100000110010111110001001110000100110111000000110010000000	0	d2ce05af-3551-d924-9f06-5f1384dc0c80
encode	01	e562182d-eb04-17f2-6ae9-3820de2bd941		11100101011000100001100000101101111010110000010000010111111100100110101011101001001110000010000011011110001010111101100101000001
decode	01	11100101011000100001100000101101111010110000010000010111111100100110101011101001001110000010000011011110001010111101100101000001	0	e562182d-eb04-17f2-6ae9-3820de2bd941
encode	01	d8bc5ae3-b7ba-269e-4264-20494077d6f4		11011000101111000101101011100011101101111011101000100110100111100100001001100100001000000100100101000000011101111101011011110100
decode	01	11011000101111000101101011100011101101111011101000100110100111100100001001100100001000000100100101000000011101111101011011110100	0	d8bc5ae3-b7ba-269e-4264-20494077d6f4
encode	01	e84efa06-d5fe-226d-3d98-abe320738a1c		11101000010011101111101000000110110101011111111000100010011011010011110110011000101010111110001100100000011100111000101000011100
decode	01	11101000010011101111101000000110110101011111111000100010011011010011110110011000101010111110001100100000011100111000101000011100	0	e84efa06-d5fe-226d-3d98-abe320738a1c
encode	01	c00ae5ad-4ad4-8272-69e2-4a54c6f9fd14		11000000000010101110010110101101010010101101010010000010011100100110100111100010010010100101010011000110111110011111110100010100
decode	01	11000000000010101110010110101101010010101101010010000010011100100110100111100010010010100101010011000110111110011111110100010100	0	c00ae5ad-4ad4-8272-69e2-4a54c6f9fd14
encode	01	3513ba9e-4261-5b8b-696d-1b7bf03ed4ba		00110101000100111011101010011110010000100110000101011011100010110110100101101101000110110111101111110000001111101101010010111010
decode	01	00110101000100111011101010011110010000100110000101011011100010110110100101101101000110110111101111110000001111101101010010111010	0	3513ba9e-4261-5b8b-696d-1b7bf03ed4ba
encode	01	80ae0fdc-0756-4f2d-adca-59874b048380		10000000101011100000111111011100000001110101011001001111001011011010110111001010010110011000011101001011000001001000001110000000
decode	01	10000000101011100000111111011100000001110101011001001111001011011010110111001010010110011000011101001011000001001000001110000000	0	80ae0fdc-0756-4f2d-adca-59874b048380
encode	01	00de2e0e-a5c3-933e-e011-86a670195a80		00000000110111100010111000001110101001011100001110010011001111101110000000010001100001101010011001110000000110010101101010000000
decode	01	00000000110111100010111000001110101001011100001110010011001111101110000000010001100001101010011001110000000110010101101010000000	0	00de2e0e-a5c3-933e-e011-86a670195a80
encode	01	6a658e51-bc0d-b021-b54e-c43ad44dbf37		01101010011001011000111001010001101111000000110110110000001000011011010101001110110001000011101011010100010011011011111100110111
decode	01	01101010011001011000111001010001101111000000110110110000001000011011010101001110110001000011101011010100010011011011111100110111	0	6a658e51-bc0d-b021-b54e-c43ad44dbf37
encode	01	5b789960-5c8d-f0b7-0a3a-db01f4516e40		01011011011110001001100101100000010111001000110111110000101101110000101000111010110110110000000111110100010100010110111001000000
decode	01	01011011011110001001100101100000010111001000110111110000101101110000101000111010110110110000000111110100010100010110111001000000	0	5b789960-5c8d-f0b7-0a3a-db01f4516e40
encode	01	11daa239-9fc5-37a1-c20c-a4fb4b9d7dda		00010001110110101010001000111001100111111100010100110111101000011100001000001100101001001111101101001011100111010111110111011010
decode	01	00010001110110101010001000111001100111111100010100110111101000011100001000001100101001001111101101001011100111010111110111011010	0	11daa239-9fc5-37a1-c20c-a4fb4b9d7dda
encode	01	271576b9-ae59-1820-66cc-3d8ae5565b96		00100111000101010111011010111001101011100101100100011000001000000110011011001100001111011000101011100101010101100101101110010110
decode	01	00100111000101010111011010111001101011100101100100011000001000000110011011001100001111011000101011100101010101100101101110010110	0	271576b9-ae59-1820-66cc-3d8ae5565b96
encode	01	242d7ee5-f767-deac-ad75-0679c825e0dc		00100100001011010111111011100101111101110110011111011110101011001010110101110101000001100111100111001000001001011110000011011100
decode	01	00100100001011010111111011100101111101110110011111011110101011001010110101110101000001100111100111001000001001011110000011011100	0	242d7ee5-f767-deac-ad75-0679c825e0dc
encode	01	1d55ecde-75b6-57d8-4139-a46b8b1654f3		00011101010101011110110011011110011101011011011001010111110110000100000100111001101001000110101110001011000101100101010011110011
decode	01	00011101010101011110110011011110011101011011011001010111110110000100000100111001101001000110101110001011000101100101010011110011	0	1d55ecde-75b6-57d8-4139-a46b8b1654f3
encode	01	b48d971b-3858-3bed-eef7-861fd594bb2e		10110100100011011001011100011011001110000101100000111011111011011110111011110111100001100001111111010101100101001011101100101110
decode	01	10110100100011011001011100011011001110000101100000111011111011011110111011110111100001100001111111010101100101001011101100101110	0	b48d971b-3858-3bed-eef7-861fd594bb2e
encode	01	3f1a80c7-f7db-2cbd-2492-dc5f34275a91		00111111000110101000000011000111111101111101101100101100101111010010010010010010110111000101111100110100001001110101101010010001
decode	01	00111111000110101000000011000111111101111101101100101100101111010010010010010010110111000101111100110100001001110101101010010001	0	3f1a80c7-f7db-2cbd-2492-dc5f34275a91
encode	01	7e31dff7-961d-3392-0ad1-248580f8aacc		01111110001100011101111111110111100101100001110100110011100100100000101011010001001001001000010110000000111110001010101011001100
decode	01	01111110001100011101111111110111100101100001110100110011100100100000101011010001001001001000010110000000111110001010101011001100	0	7e31dff7-961d-3392-0ad1-248580f8aacc
encode	01	a65cf922-28fe-5652-d7c7-1a6154447b91		10100110010111001111100100100010001010001111111001010110010100101101011111000111000110100110000101010100010001000111101110010001
decode	01	10100110010111001111100100100010001010001111111001010110010100101101011111000111000110100110000101010100010001000111101110010001	0	a65cf922-28fe-5652-d7c7-1a6154447b91
encode	01	0c54d49e-d811-562d-3259-cc216ff6629f		00001100010101001101010010011110110110000001000101010110001011010011001001011001110011000010000101101111111101100110001010011111
decode	01	00001100010101001101010010011110110110000001000101010110001011010011001001011001110011000010000101101111111101100110001010011111	0	0c54d49e-d811-562d-3259-cc216ff6629f
encode	01	6b5a90e2-9bc9-a082-c498-fa8c6ceffcfc		01101011010110101001000011100010100110111100100110100000100000101100010010011000111110101000110001101100111011111111110011111100
decode	01	01101011010110101001000011100010100110111100100110100000100000101100010010011000111110101000110001101100111011111111110011111100	0	6b5a90e2-9bc9-a082-c498-fa8c6ceffcfc
encode	01	799501b5-701f-646c-4a48-ee84a2fbad72		01111001100101010000000110110101011100000001111101100100011011000100101001001000111011101000010010100010111110111010110101110010
decode	01	01111001100101010000000110110101011100000001111101100100011011000100101001001000111011101000010010100010111110111010110101110010	0	799501b5-701f-646c-4a48-ee84a2fbad72
encode	01	02627b5b-a286-3708-c208-d689bf18dce5		00000010011000100111101101011011101000101000011000110111000010001100001000001000110101101000100110111111000110001101110011100101
decode	01	00000010011000100111101101011011101000101000011000110111000010001100001000001000110101101000100110111111000110001101110011100101	0	02627b5b-a286-3708-c208-d689bf18dce5
encode	01	a3ce50a5-f100-274d-73de-8d67a5df0d16		10100011110011100101000010100101111100010000000000100111010011010111001111011110100011010110011110100101110111110000110100010110
decode	01	10100011110011100101000010100101111100010000000000100111010011010111001111011110100011010110011110100101110111110000110100010110	0	a3ce50a5-f100-274d-73de-8d67a5df0d16
encode	01	be89058b-8e49-68c4-e397-9ab940a80721		10111110100010010000010110001011100011100100100101101000110001001110001110010111100110101011100101000000101010000000011100100001
decode	01	10111110100010010000010110001011100011100100100101101000110001001110001110010111100110101011100101000000101010000000011100100001	0	be89058b-8e49-68c4-e397-9ab940a80721
encode	01	d1c301f6-9548-81c3-61e6-9df6ce56b19a		11010001110000110000000111110110100101010100100010000001110000110110000111100110100111011111011011001110010101101011000110011010
decode	01	11010001110000110000000111110110100101010100100010000001110000110110000111100110100111011111011011001110010101101011000110011010	0	d1c301f6-9548-81c3-61e6-9df6ce56b19a
encode	01	19420f48-30d5-ed22-42e7-7581f9c5c08c		00011001010000100000111101001000001100001101010111101101001000100100001011100111011101011000000111111001110001011100000010001100
decode	01	00011001010000100000111101001000001100001101010111101101001000100100001011100111011101011000000111111001110001011100000010001100	0	19420f48-30d5-ed22-42e7-7581f9c5c08c
encode	01	32e2c8b1-f8dd-5ec1-454a-92c402e443b0		00110010111000101100100010110001111110001101110101011110110000010100010101001010100100101100010000000010111001000100001110110000
decode	01	00110010111000101100100010110001111110001101110101011110110000010100010101001010100100101100010000000010111001000100001110110000	0	32e2c8b1-f8dd-5ec1-454a-92c402e443b0
encode	01	f7328ca0-bee6-531b-57e1-fffe1e981303		11110111001100101000110010100000101111101110011001010011000110110101011111100001111111111111111000011110100110000001001100000011
decode	01	11110111001100101000110010100000101111101110011001010011000110110101011111100001111111111111111000011110100110000001001100000011	0	f7328ca0-bee6-531b-57e1-fffe1e981303
encode	01	a5fa5852-532f-ea29-95bd-4bb7e20b5639		10100101111110100101100001010010010100110010111111101010001010011001010110111101010010111011011111100010000010110101011000111001
decode	01	10100101111110100101100001010010010100110010111111101010001010011001010110111101010010111011011111100010000010110101011000111001	0	a5fa5852-532f-ea29-95bd-4bb7e20b5639
encode	01	7b842df4-04ee-1062-439e-b035c7fedc83		01111011100001000010110111110100000001001110111000010000011000100100001110011110101100000011010111000111111111101101110010000011
decode	01	01111011100001000010110111110100000001001110111000010000011000100100001110011110101100000011010111000111111111101101110010000011	0	7b842df4-04ee-1062-439e-b035c7fedc83
encode	01	6a1a3a3e-86ce-112c-d58c-d4f8eeb42962		01101010000110100011101000111110100001101100111000010001001011001101010110001100110101001111100011101110101101000010100101100010
decode	01	01101010000110100011101000111110100001101100111000010001001011001101010110001100110101001111100011101110101101000010100101100010	0	6a1a3a3e-86ce-112c-d58c-d4f8eeb42962
encode	01	27affd26-9ea8-07fe-28e4-42ca0379ffc4		00100111101011111111110100100110100111101010100000000111111111100010100011100100010000101100101000000011011110011111111111000100
decode	01	00100111101011111111110100100110100111101010100000000111111111100010100011100100010000101100101000000011011110011111111111000100	0	27affd26-9ea8-07fe-28e4-42ca0379ffc4
encode	01	0e7a4f0f-1d82-af60-a271-1bbeceef7f7b		00001110011110100100111100001111000111011000001010101111011000001010001001110001000110111011111011001110111011110111111101111011
decode	01	00001110011110100100111100001111000111011000001010101111011000001010001001110001000110111011111011001110111011110111111101111011	0	0e7a4f0f-1d82-af60-a271-1bbeceef7f7b
encode	01	dcd645de-6de0-fdcd-fc34-985719dcd097		11011100110101100100010111011110011011011110000011111101110011011111110000110100100110000101011100011001110111001101000010010111
decode	01	11011100110101100100010111011110011011011110000011111101110011011111110000110100100110000101011100011001110111001101000010010111	0	dcd645de-6de0-fdcd-fc34-985719dcd097
encode	01	e0215e65-e17f-6c37-350a-4c1bef6f5245		11100000001000010101111001100101111000010111111101101100001101110011010100001010010011000001101111101111011011110101001001000101
decode	01	11100000001000010101111001100101111000010111111101101100001101110011010100001010010011000001101111101111011011110101001001000101	0	e0215e65-e17f-6c37-350a-4c1bef6f5245
encode	01	5071cfcf-f1d7-af36-45c1-2ff8172bd717		01010000011100011100111111001111111100011101011110101111001101100100010111000001001011111111100000010111001010111101011100010111
decode	01	01010000011100011100111111001111111100011101011110101111001101100100010111000001001011111111100000010111001010111101011100010111	0	5071cfcf-f1d7-af36-45c1-2ff8172bd717
encode	01	4f7edee3-bc33-3b8b-9a34-aac056c8e510		01001111011111101101111011100011101111000011001100111011100010111001101000110100101010101100000001010110110010001110010100010000
decode	01	01001111011111101101111011100011101111000011001100111011100010111001101000110100101010101100000001010110110010001110010100010000	0	4f7edee3-bc33-3b8b-9a34-aac056c8e510
encode	01	37fb69cd-6555-21ee-ed11-77dfe6897013		00110111111110110110100111001101011001010101010100100001111011101110110100010001011101111101111111100110100010010111000000010011
decode	01	00110111111110110110100111001101011001010101010100100001111011101110110100010001011101111101111111100110100010010111000000010011	0	37fb69cd-6555-21ee-ed11-77dfe6897013
encode	01	a745a43e-8968-0d6d-9c47-6b2af8e2d89d		10100111010001011010010000111110100010010110100000001101011011011001110001000111011010110010101011111000111000101101100010011101
decode	01	10100111010001011010010000111110100010010110100000001101011011011001110001000111011010110010101011111000111000101101100010011101	0	a745a43e-8968-0d6d-9c47-6b2af8e2d89d
encode	01	9d4e32a9-bc21-333a-5322-d7fa88b660c7		10011101010011100011001010101001101111000010000100110011001110100101001100100010110101111111101010001000101101100110000011000111
decode	01	10011101010011100011001010101001101111000010000100110011001110100101001100100010110101111111101010001000101101100110000011000111	0	9d4e32a9-bc21-333a-5322-d7fa88b660c7
encode	01	e74c7798-26f4-6398-34e3-3dbf28f534de		11100111010011000111011110011000001001101111010001100011100110000011010011100011001111011011111100101000111101010011010011011110
decode	01	11100111010011000111011110011000001001101111010001100011100110000011010011100011001111011011111100101000111101010011010011011110	0	e74c7798-26f4-6398-34e3-3dbf28f534de
encode	01	d3644377-5c9b-7ed4-348b-bbcede43414d		11010011011001000100001101110111010111001001101101111110110101000011010010001011101110111100111011011110010000110100000101001101
decode	01	11010011011001000100001101110111010111001001101101111110110101000011010010001011101110111100111011011110010000110100000101001101	0	d3644377-5c9b-7ed4-348b-bbcede43414d
encode	01	e4487363-f5eb-c5e1-3966-5c6edaccc3b7		11100100010010000111001101100011111101011110101111000101111000010011100101100110010111000110111011011010110011001100001110110111
decode	01	11100100010010000111001101100011111101011110101111000101111000010011100101100110010111000110111011011010110011001100001110110111	0	e4487363-f5eb-c5e1-3966-5c6edaccc3b7
encode	01	497cf682-186a-745e-95c2-78e433508b13		01001001011111001111011010000010000110000110101001110100010111101001010111000010011110001110010000110011010100001000101100010011
decode	01	01001001011111001111011010000010000110000110101001110100010111101001010111000010011110001110010000110011010100001000101100010011	0	497cf682-186a-745e-95c2-78e433508b13
encode	01	e0ac8b0a-dbee-2849-1e15-a1bbb646f64f		11100000101011001000101100001010110110111110111000101000010010010001111000010101101000011011101110110110010001101111011001001111
decode	01	11100000101011001000101100001010110110111110111000101000010010010001111000010101101000011011101110110110010001101111011001001111	0	e0ac8b0a-dbee-2849-1e15-a1bbb646f64f
encode	01	16c3d3c3-0539-ee95-e30e-1a07d13bb9b7		00010110110000111101001111000011000001010011100111101110100101011110001100001110000110100000011111010001001110111011100110110111
decode	01	00010110110000111101001111000011000001010011100111101110100101011110001100001110000110100000011111010001001110111011100110110111	0	16c3d3c3-0539-ee95-e30e-1a07d13bb9b7
encode	01	5c078659-93de-83a7-4ccf-26933e471dee		01011100000001111000011001011001100100111101111010000011101001110100110011001111001001101001001100111110010001110001110111101110
decode	01	01011100000001111000011001011001100100111101111010000011101001110100110011001111001001101001001100111110010001110001110111101110	0	5c078659-93de-83a7-4ccf-26933e471dee
encode	01	5a665b9a-1d1d-bdda-7d6c-b7708568cd47		01011010011001100101101110011010000111010001110110111101110110100111110101101100101101110111000010000101011010001100110101000111
decode	01	01011010011001100101101110011010000111010001110110111101110110100111110101101100101101110111000010000101011010001100110101000111	0	5a665b9a-1d1d-bdda-7d6c-b7708568cd47
encode	01	8c4f2fcf-37ad-7c07-34a0-8d3219142d8f		10001100010011110010111111001111001101111010110101111100000001110011010010100000100011010011001000011001000101000010110110001111
decode	01	10001100010011110010111111001111001101111010110101111100000001110011010010100000100011010011001000011001000101000010110110001111	0	8c4f2fcf-37ad-7c07-34a0-8d3219142d8f
encode	01	bf36808f-f721-67a3-3276-c6eee25ffaa3		10111111001101101000000010001111111101110010000101100111101000110011001001110110110001101110111011100010010111111111101010100011
decode	01	10111111001101101000000010001111111101110010000101100111101000110011001001110110110001101110111011100010010111111111101010100011	0	bf36808f-f721-67a3-3276-c6eee25ffaa3
encode	01	3a3e57ba-491b-a1cd-e772-5b6e26915615		00111010001111100101011110111010010010010001101110100001110011011110011101110010010110110110111000100110100100010101011000010101
decode	01	00111010001111100101011110111010010010010001101110100001110011011110011101110010010110110110111000100110100100010101011000010101	0	3a3e57ba-491b-a1cd-e772-5b6e26915615
encode	01	eb816dba-43ed-8046-fc9f-d7867a83aae8		11101011100000010110110110111010010000111110110110000000010001101111110010011111110101111000011001111010100000111010101011101000
decode	01	11101011100000010110110110111010010000111110110110000000010001101111110010011111110101111000011001111010100000111010101011101000	0	eb816dba-43ed-8046-fc9f-d7867a83aae8
encode	01	29439590-7086-1b75-7d34-80880386d608		00101001010000111001010110010000011100001000011000011011011101010111110100110100100000001000100000000011100001101101011000001000
decode	01	00101001010000111001010110010000011100001000011000011011011101010111110100110100100000001000100000000011100001101101011000001000	0	29439590-7086-1b75-7d34-80880386d608
encode	01	91aa5749-fd5e-2f18-358c-1aa5cd446696		10010001101010100101011101001001111111010101111000101111000110000011010110001100000110101010010111001101010001000110011010010110
decode	01	10010001101010100101011101001001111111010101111000101111000110000011010110001100000110101010010111001101010001000110011010010110	0	91aa5749-fd5e-2f18-358c-1aa5cd446696
encode	01	4ef43f36-8e61-3b6e-5742-166a1da64bea		01001110111101000011111100110110100011100110000100111011011011100101011101000010000101100110101000011101101001100100101111101010
decode	01	01001110111101000011111100110110100011100110000100111011011011100101011101000010000101100110101000011101101001100100101111101010	0	4ef43f36-8e61-3b6e-5742-166a1da64bea
encode	01	30a6a9d3-1161-be77-8b49-e8347efe6e95		00110000101001101010100111010011000100010110000110111110011101111000101101001001111010000011010001111110111111100110111010010101
decode	01	00110000101001101010100111010011000100010110000110111110011101111000101101001001111010000011010001111110111111100110111010010101	0	30a6a9d3-1161-be77-8b49-e8347efe6e95
encode	01	70db8ab3-df58-63ea-b04f-50f6af65f187		01110000110110111000101010110011110111110101100001100011111010101011000001001111010100001111011010101111011001011111000110000111
decode	01	01110000110110111000101010110011110111110101100001100011111010101011000001001111010100001111011010101111011001011111000110000111	0	70db8ab3-df58-63ea-b04f-50f6af65f187
encode	01	be2aec16-037b-9f90-8044-e4be5e788ddb		10111110001010101110110000010110000000110111101110011111100100001000000001000100111001001011111001011110011110001000110111011011
decode	01	10111110001010101110110000010110000000110111101110011111100100001000000001000100111001001011111001011110011110001000110111011011	0	be2aec16-037b-9f90-8044-e4be5e788ddb
encode	01	b206edad-8588-b820-1126-f84f42ce5e65		10110010000001101110110110101101100001011000100010111000001000000001000100100110111110000100111101000010110011100101111001100101
decode	01	10110010000001101110110110101101100001011000100010111000001000000001000100100110111110000100111101000010110011100101111001100101	0	b206edad-8588-b820-1126-f84f42ce5e65
encode	01	00af240b-1921-832c-5a98-166dfbaa4f28		00000000101011110010010000001011000110010010000110000011001011000101101010011000000101100110110111111011101010100100111100101000
decode	01	00000000101011110010010000001011000110010010000110000011001011000101101010011000000101100110110111111011101010100100111100101000	0	00af240b-1921-832c-5a98-166dfbaa4f28
encode	01	3af05f54-f188-689f-2a20-4a5d69079e51		00111010111100000101111101010100111100011000100001101000100111110010101000100000010010100101110101101001000001111001111001010001
decode	01	00111010111100000101111101010100111100011000100001101000100111110010101000100000010010100101110101101001000001111001111001010001	0	3af05f54-f188-689f-2a20-4a5d69079e51
encode	01	15bce32c-b405-96d2-a2bb-fa6ec4a09c45		00010101101111001110001100101100101101000000010110010110110100101010001010111011111110100110111011000100101000001001110001000101
decode	01	00010101101111001110001100101100101101000000010110010110110100101010001010111011111110100110111011000100101000001001110001000101	0	15bce32c-b405-96d2-a2bb-fa6ec4a09c45
encode	01	b1b1d2a7-ce74-511d-4e6f-010af79c6497		10110001101100011101001010100111110011100111010001010001000111010100111001101111000000010000101011110111100111000110010010010111
decode	01	10110001101100011101001010100111110011100111010001010001000111010100111001101111000000010000101011110111100111000110010010010111	0	b1b1d2a7-ce74-511d-4e6f-010af79c6497
encode	01	4c6f65bc-880c-ac0a-f156-2b306b147f51		01001100011011110110010110111100100010000000110010101100000010101111000101010110001010110011000001101011000101000111111101010001
decode	01	01001100011011110110010110111100100010000000110010101100000010101111000101010110001010110011000001101011000101000111111101010001	0	4c6f65bc-880c-ac0a-f156-2b306b147f51
encode	01	d44514e8-56f3-9309-c256-339911327d97		11010100010001010001010011101000010101101111001110010011000010011100001001010110001100111001100100010001001100100111110110010111
decode	01	11010100010001010001010011101000010101101111001110010011000010011100001001010110001100111001100100010001001100100111110110010111	0	d44514e8-56f3-9309-c256-339911327d97
encode	01	a43d0360-02a0-717f-b3cd-c84241e65fe5		10100100001111010000001101100000000000101010000001110001011111111011001111001101110010000100001001000001111001100101111111100101
decode	01	10100100001111010000001101100000000000101010000001110001011111111011001111001101110010000100001001000001111001100101111111100101	0	a43d0360-02a0-717f-b3cd-c84241e65fe5
encode	01	07bb20c2-edbf-5faf-3a39-f35c1add79f5		00000111101110110010000011000010111011011011111101011111101011110011101000111001111100110101110000011010110111010111100111110101
decode	01	00000111101110110010000011000010111011011011111101011111101011110011101000111001111100110101110000011010110111010111100111110101	0	07bb20c2-edbf-5faf-3a39-f35c1add79f5
encode	01	e4af3dec-6965-fd0a-4d10-5daf2a30adfe		11100100101011110011110111101100011010010110010111111101000010100100110100010000010111011010111100101010001100001010110111111110
decode	01	11100100101011110011110111101100011010010110010111111101000010100100110100010000010111011010111100101010001100001010110111111110	0	e4af3dec-6965-fd0a-4d10-5daf2a30adfe
encode	01	a20525f7-f35c-36b1-ee25-8cd9593762f2		10100010000001010010010111110111111100110101110000110110101100011110111000100101100011001101100101011001001101110110001011110010
decode	01	10100010000001010010010111110111111100110101110000110110101100011110111000100101100011001101100101011001001101110110001011110010	0	a20525f7-f35c-36b1-ee25-8cd9593762f2
encode	01	75b5ad8a-dfb1-d3f3-29dd-c19231e2a5b5		01110101101101011010110110001010110111111011000111010011111100110010100111011101110000011001001000110001111000101010010110110101
decode	01	01110101101101011010110110001010110111111011000111010011111100110010100111011101110000011001001000110001111000101010010110110101	0	75b5ad8a-dfb1-d3f3-29dd-c19231e2a5b5
encode	01	f0ef75cb-ac0f-9c53-1b8b-3eef0893a6e6		11110000111011110111010111001011101011000000111110011100010100110001101110001011001111101110111100001000100100111010011011100110
decode	01	11110000111011110111010111001011101011000000111110011100010100110001101110001011001111101110111100001000100100111010011011100110	0	f0ef75cb-ac0f-9c53-1b8b-3eef0893a6e6
encode	01	0cc94914-49ec-b455-a342-6b1f43a6b5ca		00001100110010010100100100010100010010011110110010110100010101011010001101000010011010110001111101000011101001101011010111001010
decode	01	00001100110010010100100100010100010010011110110010110100010101011010001101000010011010110001111101000011101001101011010111001010	0	0cc94914-49ec-b455-a342-6b1f43a6b5ca
encode	01	31933d2d-7fe2-b35f-8619-6f47bfd7515a		00110001100100110011110100101101011111111110001010110011010111111000011000011001011011110100011110111111110101110101000101011010
decode	01	00110001100100110011110100101101011111111110001010110011010111111000011000011001011011110100011110111111110101110101000101011010	0	31933d2d-7fe2-b35f-8619-6f47bfd7515a
encode	01	6aff31a9-8656-3607-afea-9c21bc239811		01101010111111110011000110101001100001100101011000110110000001111010111111101010100111000010000110111100001000111001100000010001
decode	01	01101010111111110011000110101001100001100101011000110110000001111010111111101010100111000010000110111100001000111001100000010001	0	6aff31a9-8656-3607-afea-9c21bc239811
encode	01	0bade5bd-938e-e331-6ec7-aa0696455092		00001011101011011110010110111101100100111000111011100011001100010110111011000111101010100000011010010110010001010101000010010010
decode	01	00001011101011011110010110111101100100111000111011100011001100010110111011000111101010100000011010010110010001010101000010010010	0	0bade5bd-938e-e331-6ec7-aa0696455092
encode	01	18d8187f-4810-47ab-31eb-a61218d42ad0		00011000110110000001100001111111010010000001000001000111101010110011000111101011101001100001001000011000110101000010101011010000
decode	01	00011000110110000001100001111111010010000001000001000111101010110011000111101011101001100001001000011000110101000010101011010000	0	18d8187f-4810-47ab-31eb-a61218d42ad0
encode	01	6ac6cfcb-3c2c-9e32-eecf-8e2bd4fbf94a		01101010110001101100111111001011001111000010110010011110001100101110111011001111100011100010101111010100111110111111100101001010
decode	01	01101010110001101100111111001011001111000010110010011110001100101110111011001111100011100010101111010100111110111111100101001010	0	6ac6cfcb-3c2c-9e32-eecf-8e2bd4fbf94a
encode	01	04a11350-2371-f2b4-44af-3a3fc7cd462a		00000100101000010001001101010000001000110111000111110010101101000100010010101111001110100011111111000111110011010100011000101010
decode	01	00000100101000010001001101010000001000110111000111110010101101000100010010101111001110100011111111000111110011010100011000101010	0	04a11350-2371-f2b4-44af-3a3fc7cd462a
encode	01	a338527c-8a40-25c1-3356-e85ea399ff1b		10100011001110000101001001111100100010100100000000100101110000010011001101010110111010000101111010100011100110011111111100011011
decode	01	10100011001110000101001001111100100010100100000000100101110000010011001101010110111010000101111010100011100110011111111100011011	0	a338527c-8a40-25c1-3356-e85ea399ff1b
encode	01	95546254-fd58-a74a-75e4-e37244d664d2		10010101010101000110001001010100111111010101100010100111010010100111010111100100111000110111001001000100110101100110010011010010
decode	01	10010101010101000110001001010100111111010101100010100111010010100111010111100100111000110111001001000100110101100110010011010010	0	95546254-fd58-a74a-75e4-e37244d664d2
encode	01	07c3bc05-77a0-4a8c-15ee-e5797353d9c3		00000111110000111011110000000101011101111010000001001010100011000001010111101110111001010111100101110011010100111101100111000011
decode	01	00000111110000111011110000000101011101111010000001001010100011000001010111101110111001010111100101110011010100111101100111000011	0	07c3bc05-77a0-4a8c-15ee-e5797353d9c3
encode	01	9f6edcdf-2e15-577d-a269-d083dfc7f01b		10011111011011101101110011011111001011100001010101010111011111011010001001101001110100001000001111011111110001111111000000011011
decode	01	10011111011011101101110011011111001011100001010101010111011111011010001001101001110100001000001111011111110001111111000000011011	0	9f6edcdf-2e15-577d-a269-d083dfc7f01b
encode	01	3b094f2f-070b-d465-5cc9-2327c6763e2f		00111011000010010100111100101111000001110000101111010100011001010101110011001001001000110010011111000110011101100011111000101111
decode	01	00111011000010010100111100101111000001110000101111010100011001010101110011001001001000110010011111000110011101100011111000101111	0	3b094f2f-070b-d465-5cc9-2327c6763e2f
encode	01	8a797c43-9c6c-8b59-fa0d-f75d3e021a14		10001010011110010111110001000011100111000110110010001011010110011111101000001101111101110101110100111110000000100001101000010100
decode	01	10001010011110010111110001000011100111000110110010001011010110011111101000001101111101110101110100111110000000100001101000010100	0	8a797c43-9c6c-8b59-fa0d-f75d3e021a14
encode	01	a53bb088-ac5e-e64f-7d9a-faacde0ed585		10100101001110111011000010001000101011000101111011100110010011110111110110011010111110101010110011011110000011101101010110000101
decode	01	10100101001110111011000010001000101011000101111011100110010011110111110110011010111110101010110011011110000011101101010110000101	0	a53bb088-ac5e-e64f-7d9a-faacde0ed585
encode	01	725c3f47-adc5-7254-c64e-af4aa840057f		01110010010111000011111101000111101011011100010101110010010101001100011001001110101011110100101010101000010000000000010101111111
decode	01	01110010010111000011111101000111101011011100010101110010010101001100011001001110101011110100101010101000010000000000010101111111	0	725c3f47-adc5-7254-c64e-af4aa840057f
encode	01	3a8d1985-d226-53d7-fd65-86f506b8fca3		00111010100011010001100110000101110100100010011001010011110101111111110101100101100001101111010100000110101110001111110010100011
decode	01	00111010100011010001100110000101110100100010011001010011110101111111110101100101100001101111010100000110101110001111110010100011	0	3a8d1985-d226-53d7-fd65-86f506b8fca3
encode	01	acc50e00-8b95-333a-808a-42fc4dfeaa47		10101100110001010000111000000000100010111001010100110011001110101000000010001010010000101111110001001101111111101010101001000111
decode	01	10101100110001010000111000000000100010111001010100110011001110101000000010001010010000101111110001001101111111101010101001000111	0	acc50e00-8b95-333a-808a-42fc4dfeaa47
encode	01	c8b4cacf-9303-c607-419c-2c698210f6d9		11001000101101001100101011001111100100110000001111000110000001110100000110011100001011000110100110000010000100001111011011011001
decode	01	11001000101101001100101011001111100100110000001111000110000001110100000110011100001011000110100110000010000100001111011011011001	0	c8b4cacf-9303-c607-419c-2c698210f6d9
encode	01	ada39622-ef9d-f131-f900-b6c48f43171b		10101101101000111001011000100010111011111001110111110001001100011111100100000000101101101100010010001111010000110001011100011011
decode	01	10101101101000111001011000100010111011111001110111110001001100011111100100000000101101101100010010001111010000110001011100011011	0	ada39622-ef9d-f131-f900-b6c48f43171b
encode	01	881b6be7-9881-dac3-d07c-2e3de9e1f3e6		10001000000110110110101111100111100110001000000111011010110000111101000001111100001011100011110111101001111000011111001111100110
decode	01	10001000000110110110101111100111100110001000000111011010110000111101000001111100001011100011110111101001111000011111001111100110	0	881b6be7-9881-dac3-d07c-2e3de9e1f3e6
encode	01	afa3d180-b763-6640-4414-f14deb68f174		10101111101000111101000110000000101101110110001101100110010000000100010000010100111100010100110111101011011010001111000101110100
decode	01	10101111101000111101000110000000101101110110001101100110010000000100010000010100111100010100110111101011011010001111000101110100	0	afa3d180-b763-6640-4414-f14deb68f174
encode	01	7c4d480a-edc9-f5c2-d8cf-bddec3dba449		01111100010011010100100000001010111011011100100111110101110000101101100011001111101111011101111011000011110110111010010001001001
decode	01	01111100010011010100100000001010111011011100100111110101110000101101100011001111101111011101111011000011110110111010010001001001	0	7c4d480a-edc9-f5c2-d8cf-bddec3dba449
encode	01	e1e931e1-8c1b-b38e-6de3-44b7f7a09e03		11100001111010010011000111100001100011000001101110110011100011100110110111100011010001001011011111110111101000001001111000000011
decode	01	11100001111010010011000111100001100011000001101110110011100011100110110111100011010001001011011111110111101000001001111000000011	0	e1e931e1-8c1b-b38e-6de3-44b7f7a09e03
encode	01	7676ca9a-c120-cc9f-1d93-8308cf1c2830		01110110011101101100101010011010110000010010000011001100100111110001110110010011100000110000100011001111000111000010100000110000
decode	01	01110110011101101100101010011010110000010010000011001100100111110001110110010011100000110000100011001111000111000010100000110000	0	7676ca9a-c120-cc9f-1d93-8308cf1c2830
encode	01	7b673301-c73b-fe99-9039-2f6b6afefb78		01111011011001110011001100000001110001110011101111111110100110011001000000111001001011110110101101101010111111101111101101111000
decode	01	01111011011001110011001100000001110001110011101111111110100110011001000000111001001011110110101101101010111111101111101101111000	0	7b673301-c73b-fe99-9039-2f6b6afefb78
encode	01	d473bfed-4b7a-1532-0141-ccd1c67ed833		11010100011100111011111111101101010010110111101000010101001100100000000101000001110011001101000111000110011111101101100000110011
decode	01	11010100011100111011111111101101010010110111101000010101001100100000000101000001110011001101000111000110011111101101100000110011	0	d473bfed-4b7a-1532-0141-ccd1c67ed833
encode	01	c2b82038-abcc-2ede-6d59-ada276fc590a		11000010101110000010000000111000101010111100110000101110110111100110110101011001101011011010001001110110111111000101100100001010
decode	01	11000010101110000010000000111000101010111100110000101110110111100110110101011001101011011010001001110110111111000101100100001010	0	c2b82038-abcc-2ede-6d59-ada276fc590a
encode	01	890d6fe1-389e-5090-1f2f-5ace7b357d50		10001001000011010110111111100001001110001001111001010000100100000001111100101111010110101100111001111011001101010111110101010000
decode	01	10001001000011010110111111100001001110001001111001010000100100000001111100101111010110101100111001111011001101010111110101010000	0	890d6fe1-389e-5090-1f2f-5ace7b357d50
encode	01	768f4adb-e64e-1810-c12d-aa1187291ba5		01110110100011110100101011011011111001100100111000011000000100001100000100101101101010100001000110000111001010010001101110100101
decode	01	01110110100011110100101011011011111001100100111000011000000100001100000100101101101010100001000110000111001010010001101110100101	0	768f4adb-e64e-1810-c12d-aa1187291ba5
encode	01	13a4538d-48bc-73d2-e28a-c0bd0caca992		00010011101001000101001110001101010010001011110001110011110100101110001010001010110000001011110100001100101011001010100110010010
decode	01	00010011101001000101001110001101010010001011110001110011110100101110001010001010110000001011110100001100101011001010100110010010	0	13a4538d-48bc-73d2-e28a-c0bd0caca992
encode	01	86d9da9d-bbe9-e606-e91a-be92cfc9842f		10000110110110011101101010011101101110111110100111100110000001101110100100011010101111101001001011001111110010011000010000101111
decode	01	10000110110110011101101010011101101110111110100111100110000001101110100100011010101111101001001011001111110010011000010000101111	0	86d9da9d-bbe9-e606-e91a-be92cfc9842f
encode	01	02ee450f-35b1-59ce-5fda-daf49895ae0c		00000010111011100100010100001111001101011011000101011001110011100101111111011010110110101111010010011000100101011010111000001100
decode	01	00000010111011100100010100001111001101011011000101011001110011100101111111011010110110101111010010011000100101011010111000001100	0	02ee450f-35b1-59ce-5fda-daf49895ae0c
encode	01	d66de599-eacd-4de4-f5a0-ab0544249e42		11010110011011011110010110011001111010101100110101001101111001001111010110100000101010110000010101000100001001001001111001000010
decode	01	11010110011011011110010110011001111010101100110101001101111001001111010110100000101010110000010101000100001001001001111001000010	0	d66de599-eacd-4de4-f5a0-ab0544249e42
encode	01	5dfe7388-4f40-b00e-40f4-fca5c885702f		01011101111111100111001110001000010011110100000010110000000011100100000011110100111111001010010111001000100001010111000000101111
decode	01	01011101111111100111001110001000010011110100000010110000000011100100000011110100111111001010010111001000100001010111000000101111	0	5dfe7388-4f40-b00e-40f4-fca5c885702f
encode	01	fece97b9-6a9f-4338-2089-5b21c4b31dda		11111110110011101001011110111001011010101001111101000011001110000010000010001001010110110010000111000100101100110001110111011010
decode	01	11111110110011101001011110111001011010101001111101000011001110000010000010001001010110110010000111000100101100110001110111011010	0	fece97b9-6a9f-4338-2089-5b21c4b31dda
encode	01	0790db9e-c589-80f8-713e-fe9b25af81aa		00000111100100001101101110011110110001011000100110000000111110000111000100111110111111101001101100100101101011111000000110101010
decode	01	00000111100100001101101110011110110001011000100110000000111110000111000100111110111111101001101100100101101011111000000110101010	0	0790db9e-c589-80f8-713e-fe9b25af81aa
encode_pad	01	145c7c7b-f770-5801-6aac-805482ef162d	1	10100010111000111110001111011111101110111000001011000000000010110101010101100100000000101010010000010111011110001011000101101
encode_pad	01	a2ad46f6-8370-2cea-a085-8b4557bcea7e	5	10100010101011010100011011110110100000110111000000101100111010101010000010000101100010110100010101010111101111001110101001111110
encode_pad	01	ebfe3499-3ca5-75e2-e9c8-ae7679d093fe	22	11101011111111100011010010011001001111001010010101110101111000101110100111001000101011100111011001111001110100001001001111111110
encode_pad	01	4fe776e9-7101-a99f-3711-d598bb687fb4	40	1001111111001110111011011101001011100010000000110101001100111110011011100010001110101011001100010111011011010000111111110110100
decode	01	0	0	00000000-0000-0000-0000-000000000000
decode	01	011	0	00000000-0000-0000-0000-000000000003
decode	01	0110001	0	00000000-0000-0000-0000-000000000031
decode	01	10100001101011111101100010000110010110111001111000101010110011001000100110011000100000000101101000110101111010111100111101000110	1	62f3d7ac-5a01-1991-3354-79da611bf585
get_alphabet	0123456789	0		0123456789
get_alphabet	0123456789	1		0123456789
encoded_length	0123456789	16		39
encoded_length	0123456789	8		20
encoded_length	0123456789	4		10
encoded_length	0123456789	32		78
encode	0123456789	04a82431-b7e4-ecd6-df7f-26595b0314d1		006189951961211719518672260805433693393
decode	0123456789	006189951961211719518672260805433693393	0	04a82431-b7e4-ecd6-df7f-26595b0314d1
encode	0123456789	7d59bcb2-c0de-6c43-310d-a80007e2e6c3		166619441148832512497706260175215847107
decode	0123456789	166619441148832512497706260175215847107	0	7d59bcb2-c0de-6c43-310d-a80007e2e6c3
encode	0123456789	2408a3d7-07c5-5901-4b05-e3a2e4f75037		047897069292350559604360178271753031735
decode	0123456789	047897069292350559604360178271753031735	0	2408a3d7-07c5-5901-4b05-e3a2e4f75037
encode	0123456789	6478ddaa-12bb-4404-ec62-a81764b08208		133550371088622921566698768715071128072
decode	0123456789	133550371088622921566698768715071128072	0	6478ddaa-12bb-4404-ec62-a81764b08208
encode	0123456789	c5aaae50-c58d-d9f9-9f87-f33199faca99		262744141174243419024333071843789032089
decode	0123456789	262744141174243419024333071843789032089	0	c5aaae50-c58d-d9f9-9f87-f33199faca99
encode	0123456789	e9e78a72-ea9d-0c79-21ab-0a99899d90b0		310912351669352126680184694777508106416
decode	0123456789	310912351669352126680184694777508106416	0	e9e78a72-ea9d-0c79-21ab-0a99899d90b0
encode	0123456789	8f66857c-96eb-5a04-05fd-82db8e8050f9		190611925108290233812312044576018813177
decode	0123456789	190611925108290233812312044576018813177	0	8f66857c-96eb-5a04-05fd-82db8e8050f9
encode	0123456789	c4aa54dd-86d7-a769-4fdb-95ebdbb8a22d		261413098913356755123873097174304203309
decode	0123456789	261413098913356755123873097174304203309	0	c4aa54dd-86d7-a769-4fdb-95ebdbb8a22d
encode	0123456789	6e67ee94-66ee-86c7-6490-abdb9075620d		146754725083879386295943015757174366733
decode	0123456789	146754725083879386295943015757174366733	0	6e67ee94-66ee-86c7-6490-abdb9075620d
encode	0123456789	0caf7510-3806-9147-98eb-432144597e4f		016861762226575912952298356585103195727
decode	0123456789	016861762226575912952298356585103195727	0	0caf7510-3806-9147-98eb-432144597e4f
encode	0123456789	18f4746f-0e8b-efe1-43e3-86f14dfccf2a		033170753890662505195587450154080063274
decode	0123456789	033170753890662505195587450154080063274	0	18f4746f-0e8b-efe1-43e3-86f14dfccf2a
encode	0123456789	05f7c73f-683f-41f4-b6f9-5b88fae4793f		007932678526130961685900921116433873215
decode	0123456789	007932678526130961685900921116433873215	0	05f7c73f-683f-41f4-b6f9-5b88fae4793f
encode	0123456789	f695c50e-b5f3-3feb-140c-edde5e622d67		327767735995208046227109706257970376039
decode	0123456789	327767735995208046227109706257970376039	0	f695c50e-b5f3-3feb-140c-edde5e622d67
encode	0123456789	61e01c92-2f0f-92a0-7379-f813dc5c9d8a		130098769576793892164029218185535069578
decode	0123456789	130098769576793892164029218185535069578	0	61e01c92-2f0f-92a0-7379-f813dc5c9d8a
encode	0123456789	edcc157c-64e9-777c-5e97-86e41a8ab133		316086699346290740122207766002583384371
decode	0123456789	316086699346290740122207766002583384371	0	edcc157c-64e9-777c-5e97-86e41a8ab133
encode	0123456789	f1ca0c03-82f3-e4c1-3868-f9dca494c15c		321393034616716392428404449652191314268
decode	0123456789	321393034616716392428404449652191314268	0	f1ca0c03-82f3-e4c1-3868-f9dca494c15c
encode	0123456789	516555c3-3db4-6cb7-7811-d0aad8161b39		108193629114694909615840741914922326841
decode	0123456789	108193629114694909615840741914922326841	0	516555c3-3db4-6cb7-7811-d0aad8161b39
encode	0123456789	1ee6301b-9655-3bf8-c546-58e3e80b6eb4		041072043892357643083492860845198372532
decode	0123456789	041072043892357643083492860845198372532	0	1ee6301b-9655-3bf8-c546-58e3e80b6eb4
encode	0123456789	9c7970c6-0b82-825e-c801-b28d12d3ff22		207990122582943488248105827206213926690
decode	0123456789	207990122582943488248105827206213926690	0	9c7970c6-0b82-825e-c801-b28d12d3ff22
encode	0123456789	aab06599-fe5d-094a-cf60-e976deb613e7		226884664254538328034571453597228602343
decode	0123456789	226884664254538328034571453597228602343	0	aab06599-fe5d-094a-cf60-e976deb613e7
encode	0123456789	d98018ed-bda9-de53-85d4-3b32416deb80		289107594696822231103147663302700428160
decode	0123456789	289107594696822231103147663302700428160	0	d98018ed-bda9-de53-85d4-3b32416deb80
encode	0123456789	c7aeeef9-b48f-6b8b-2121-2dc2fb933707		265424677811762139884348208828382394119
decode	0123456789	265424677811762139884348208828382394119	0	c7aeeef9-b48f-6b8b-2121-2dc2fb933707
encode	0123456789	03cc089c-1fd2-bf4f-e346-a6f5e5186667		005047087175214847065780438455335544423
decode	0123456789	005047087175214847065780438455335544423	0	03cc089c-1fd2-bf4f-e346-a6f5e5186667
encode	0123456789	169eab30-f5fa-f273-0747-43fe69679dd4		030066870982037880885244357919833038292
decode	0123456789	030066870982037880885244357919833038292	0	169eab30-f5fa-f273-0747-43fe69679dd4
encode	0123456789	cccf562a-84f9-29ea-f497-af94103c24ea		272239064245801528810931342786657264874
decode	0123456789	272239064245801528810931342786657264874	0	cccf562a-84f9-29ea-f497-af94103c24ea
encode	0123456789	1db908ab-b702-fbbf-fbce-ce15bb5b4e9f		039508362660523486082459028378974113439
decode	0123456789	039508362660523486082459028378974113439	0	1db908ab-b702-fbbf-fbce-ce15bb5b4e9f
encode	0123456789	7cc8d287-57ca-422c-0315-019803851c48		165867000878024951400338649012991499336
decode	0123456789	165867000878024951400338649012991499336	0	7cc8d287-57ca-422c-0315-019803851c48
encode	0123456789	dcc97d1e-33eb-9596-7baf-6353fa5a8e26		293476348435360863755933350631090851366
decode	0123456789	293476348435360863755933350631090851366	0	dcc97d1e-33eb-9596-7baf-6353fa5a8e26
encode	0123456789	ca821cfa-950d-fd0e-8031-87095d0f4f77		269179641500802242256381560864887492471
decode	0123456789	269179641500802242256381560864887492471	0	ca821cfa-950d-fd0e-8031-87095d0f4f77
encode	0123456789	96522f18-8c99-db1b-4595-bcff52d0d4d4		199810922928378410498689895399511086292
decode	0123456789	199810922928378410498689895399511086292	0	96522f18-8c99-db1b-4595-bcff52d0d4d4
encode	0123456789	9a99ab28-018b-1908-1da3-df654af616e7		205499004231879241968187051072533436135
decode	0123456789	205499004231879241968187051072533436135	0	9a99ab28-018b-1908-1da3-df654af616e7
encode	0123456789	d7ff499b-48bd-8d65-725c-3b742b338f82		287109547711461625414586842388033146754
decode	0123456789	287109547711461625414586842388033146754	0	d7ff499b-48bd-8d65-725c-3b742b338f82
encode	0123456789	48aacd58-ec80-8001-4e0e-8f44505f895f		096591271101705722703352160784442427743
decode	0123456789	096591271101705722703352160784442427743	0	48aacd58-ec80-8001-4e0e-8f44505f895f
encode	0123456789	a3b4b765-05a2-4450-9559-7848ad044ca9		217602496432223032092148140800559303849
decode	0123456789	217602496432223032092148140800559303849	0	a3b4b765-05a2-4450-9559-7848ad044ca9
encode	0123456789	20bdc2bc-9e23-3ec5-3993-d4775f449592		043520589702679291840810249697523701138
decode	0123456789	043520589702679291840810249697523701138	0	20bdc2bc-9e23-3ec5-3993-d4775f449592
encode	0123456789	c27bad99-c237-ef6a-5938-358df3f4b7ec		258512404734751472995867788377083656172
decode	0123456789	258512404734751472995867788377083656172	0	c27bad99-c237-ef6a-5938-358df3f4b7ec
encode	0123456789	933a8e6d-0068-4dc9-fdc4-efe6e4fb2746		195700557336337181544868070228743628614
decode	0123456789	195700557336337181544868070228743628614	0	933a8e6d-0068-4dc9-fdc4-efe6e4fb2746
encode	0123456789	3121ac37-1997-2c38-4e04-3e5871648f93		065307010529713175322939575804809744275
decode	0123456789	065307010529713175322939575804809744275	0	3121ac37-1997-2c38-4e04-3e5871648f93
encode	0123456789	f0e8834f-8fa7-6641-72e8-dcc4b301484d		320221995158701536407468692642600142925
decode	0123456789	320221995158701536407468692642600142925	0	f0e8834f-8fa7-6641-72e8-dcc4b301484d
encode	0123456789	2ed21809-5ecd-89c9-fc91-8cd16aaf6618		062235357666622465630466371876163642904
decode	0123456789	062235357666622465630466371876163642904	0	2ed21809-5ecd-89c9-fc91-8cd16aaf6618
encode	0123456789	d44d6fea-9d81-5694-8d0b-2cab30c5d238		282198411900110887292756378780650820152
decode	0123456789	282198411900110887292756378780650820152	0	d44d6fea-9d81-5694-8d0b-2cab30c5d238
encode	0123456789	901dc215-0c00-affd-8d4e-7932393b0739		191563344456894568132188039030362539833
decode	0123456789	191563344456894568132188039030362539833	0	901dc215-0c00-affd-8d4e-7932393b0739
encode	0123456789	2742a097-7c84-5bb6-8671-9580d6b891e3		052185840615800294116295267073832554979
decode	0123456789	052185840615800294116295267073832554979	0	2742a097-7c84-5bb6-8671-9580d6b891e3
encode	0123456789	ef205abc-7997-7ec2-f762-219249f6230c		317853484841457722041972087511720534796
decode	0123456789	317853484841457722041972087511720534796	0	ef205abc-7997-7ec2-f762-219249f6230c
encode	0123456789	5bfc8eaa-1ffa-d841-884d-20e1ca48a021		122271100005626754958159280547759169569
decode	0123456789	122271100005626754958159280547759169569	0	5bfc8eaa-1ffa-d841-884d-20e1ca48a021
encode	0123456789	4bfd8b5f-1588-3ffc-5160-0ffc1e824a72		101008577577352249576352212810712894066
decode	0123456789	101008577577352249576352212810712894066	0	4bfd8b5f-1588-3ffc-5160-0ffc1e824a72
encode	0123456789	a293b4c4-a9ac-d626-7125-58440d1cabfb		216101869370321414364634867052958231547
decode	0123456789	216101869370321414364634867052958231547	0	a293b4c4-a9ac-d626-7125-58440d1cabfb
encode	0123456789	8985b6b6-3364-0c27-d21d-fa651f1799c5		182798516738696734348354131262285781445
decode	0123456789	182798516738696734348354131262285781445	0	8985b6b6-3364-0c27-d21d-fa651f1799c5
encode	0123456789	4092fe79-11b9-f77b-7a71-e5213e5f6da5		085833828395713757595767083252876012965
decode	0123456789	085833828395713757595767083252876012965	0	4092fe79-11b9-f77b-7a71-e5213e5f6da5
encode	0123456789	b09eed78-c83c-2cdc-73a1-ab36bbdddfb6		234769326662219012918175810766296178614
decode	0123456789	234769326662219012918175810766296178614	0	b09eed78-c83c-2cdc-73a1-ab36bbdddfb6
encode	0123456789	a55df61c-f2e9-0bc2-4a05-852b9c468561		219810494678683014331676437598817387873
decode	0123456789	219810494678683014331676437598817387873	0	a55df61c-f2e9-0bc2-4a05-852b9c468561
encode	0123456789	7ceae5be-e6f6-0dd2-c18b-4d5fdc6c221e		166043928738855845136960861422964449822
decode	0123456789	166043928738855845136960861422964449822	0	7ceae5be-e6f6-0dd2-c18b-4d5fdc6c221e
encode	0123456789	3f1ed9b5-2b7e-89d7-b183-1be52f3e488d		083901548276847983334761368930465237133
decode	0123456789	083901548276847983334761368930465237133	0	3f1ed9b5-2b7e-89d7-b183-1be52f3e488d
encode	0123456789	e7196e92-97d1-b4bf-3ea4-401cfbdc65dd		307183717127132821630964016897427531229
decode	0123456789	307183717127132821630964016897427531229	0	e7196e92-97d1-b4bf-3ea4-401cfbdc65dd
encode	0123456789	e6ac9c2d-34e2-61b9-54d4-269fc0e2f200		306618681727731023156716091534634840576
decode	0123456789	306618681727731023156716091534634840576	0	e6ac9c2d-34e2-61b9-54d4-269fc0e2f200
encode	0123456789	8c1c32ee-55e5-479e-0a50-43101a6be09a		186238336725293466409420482950982262938
decode	0123456789	186238336725293466409420482950982262938	0	8c1c32ee-55e5-479e-0a50-43101a6be09a
encode	0123456789	015534df-ec13-e32a-841f-a2ec5be5bc64		001771645655002511459023711817586556004
decode	0123456789	001771645655002511459023711817586556004	0	015534df-ec13-e32a-841f-a2ec5be5bc64
encode	0123456789	e45aa9c8-7750-8dca-3317-30b90f4d344e		303534733366010573311712006021118243918
decode	0123456789	303534733366010573311712006021118243918	0	e45aa9c8-7750-8dca-3317-30b90f4d344e
encode	0123456789	20d77bba-d0ae-939a-c301-ffc0543bd255		043654149227105704859860903024991654485
decode	0123456789	043654149227105704859860903024991654485	0	20d77bba-d0ae-939a-c301-ffc0543bd255
encode	0123456789	d10503d5-9c3f-aa1a-01f0-a0e9d83f0458		277834690374524145209176281976724718680
decode	0123456789	277834690374524145209176281976724718680	0	d10503d5-9c3f-aa1a-01f0-a0e9d83f0458
encode	0123456789	95650bb7-7c9b-d226-2437-32a4b5160112		198579630998488380052331618811818410258
decode	0123456789	198579630998488380052331618811818410258	0	95650bb7-7c9b-d226-2437-32a4b5160112
encode	0123456789	9abcf049-3d06-2028-e4ee-139ee04dca42		205682136741128322987661508064565905986
decode	0123456789	205682136741128322987661508064565905986	0	9abcf049-3d06-2028-e4ee-139ee04dca42
encode	0123456789	f1b1385f-a702-6787-670a-620190451e30		321264126921425536602010107764745248304
decode	0123456789	321264126921425536602010107764745248304	0	f1b1385f-a702-6787-670a-620190451e30
encode	0123456789	a1540f70-2d6c-e5e4-3bbc-7b2003f38e0d		214442173381245112493537252801791626765
decode	0123456789	214442173381245112493537252801791626765	0	a1540f70-2d6c-e5e4-3bbc-7b2003f38e0d
encode	0123456789	8f06a1c9-045e-9f08-2d1a-096fe588c4f4		190114038572553362150509509145740756212
decode	0123456789	190114038572553362150509509145740756212	0	8f06a1c9-045e-9f08-2d1a-096fe588c4f4
encode	0123456789	032ec5e2-18a4-9e05-3890-0385e4630d6b		004230543190730647592780493904326888811
decode	0123456789	004230543190730647592780493904326888811	0	032ec5e2-18a4-9e05-3890-0385e4630d6b
encode	0123456789	36676fc0-9f97-7875-a295-db2582906977		072315384957478985671032285356268480887
decode	0123456789	072315384957478985671032285356268480887	0	36676fc0-9f97-7875-a295-db2582906977
encode	0123456789	0936250c-cfa2-fcee-60f8-0456f48d6f04		012244187456578846280514758954307120900
decode	0123456789	012244187456578846280514758954307120900	0	0936250c-cfa2-fcee-60f8-0456f48d6f04
encode	0123456789	759fc5a6-c3e7-0df8-5008-ccb8dc54976d		156349259554537996220452492849181923181
decode	0123456789	156349259554537996220452492849181923181	0	759fc5a6-c3e7-0df8-5008-ccb8dc54976d
encode	0123456789	7926f510-48b2-aa0b-46f4-9661637cdbd7		161038865251101551472085480141471144919
decode	0123456789	161038865251101551472085480141471144919	0	7926f510-48b2-aa0b-46f4-9661637cdbd7
encode	0123456789	c3e7847a-b931-68e2-c004-24993501cdc6		260401566753598108650202626696981630406
decode	0123456789	260401566753598108650202626696981630406	0	c3e7847a-b931-68e2-c004-24993501cdc6
encode	0123456789	a5f8afd3-73fc-3346-19e7-aba778147bc7		220613875100146353402930081315933158343
decode	0123456789	220613875100146353402930081315933158343	0	a5f8afd3-73fc-3346-19e7-aba778147bc7
encode	0123456789	dc563197-3239-9820-6dae-18e7f398484c		292877702419582483461346701610998843468
decode	0123456789	292877702419582483461346701610998843468	0	dc563197-3239-9820-6dae-18e7f398484c
encode	0123456789	85306d5d-fb2d-d6d2-815f-3f61b69552ab		177038771917205548277641508879517176491
decode	0123456789	177038771917205548277641508879517176491	0	85306d5d-fb2d-d6d2-815f-3f61b69552ab
encode	0123456789	39114edf-8ac0-fc07-e540-effb83d47d4a		075855864545106857631154359368324250954
decode	0123456789	075855864545106857631154359368324250954	0	39114edf-8ac0-fc07-e540-effb83d47d4a
encode	0123456789	d9fc511c-cf37-8f33-04db-84a2840d9937		289752579051374531359859860681060620599
decode	0123456789	289752579051374531359859860681060620599	0	d9fc511c-cf37-8f33-04db-84a2840d9937
encode	0123456789	968b8d09-3833-6331-c3a9-877e9c87f9d7		200108789181274583688912495665603934679
decode	0123456789	200108789181274583688912495665603934679	0	968b8d09-3833-6331-c3a9-877e9c87f9d7
encode	0123456789	8b5c2f32-dd84-ed10-6ddb-411c19a21b02		185241340028304892699807521122749127426
decode	0123456789	185241340028304892699807521122749127426	0	8b5c2f32-dd84-ed10-6ddb-411c19a21b02
encode	0123456789	2110ab4b-5e20-97a5-3437-2cd838bfaa00		043951074873924186727598250819376359936
decode	0123456789	043951074873924186727598250819376359936	0	2110ab4b-5e20-97a5-3437-2cd838bfaa00
encode	0123456789	dc4be04e-16aa-b4ec-9cc9-26e8b50bd96b		292824130783634540193870837291468708203
decode	0123456789	292824130783634540193870837291468708203	0	dc4be04e-16aa-b4ec-9cc9-26e8b50bd96b
encode	0123456789	7ed10280-129e-81ae-3902-4ace836e1592		168567968224119540944819632913546876306
decode	0123456789	168567968224119540944819632913546876306	0	7ed10280-129e-81ae-3902-4ace836e1592
encode	0123456789	a32ce7d9-1df6-fcbd-bd35-b704faf6dbc8		216897326813120183403071605808913898440
decode	0123456789	216897326813120183403071605808913898440	0	a32ce7d9-1df6-fcbd-bd35-b704faf6dbc8
encode	0123456789	73a1ccfd-e158-a8a4-3676-74f04ab4bddf		153701337035515002750463448967032389087
decode	0123456789	153701337035515002750463448967032389087	0	73a1ccfd-e158-a8a4-3676-74f04ab4bddf
encode	0123456789	6e422c91-5a93-ad6c-3403-0d0e5e703bd8		146558675071142351829531550884928961496
decode	0123456789	146558675071142351829531550884928961496	0	6e422c91-5a93-ad6c-3403-0d0e5e703bd8
encode	0123456789	9d040412-1eb2-8f2c-9405-7576d1a80518		208709647090911686431113209025135117592
decode	0123456789	208709647090911686431113209025135117592	0	9d040412-1eb2-8f2c-9405-7576d1a80518
encode	0123456789	281824ad-5f59-6bdb-5cae-071ff772ade6		053294478858728496877805065958411382246
decode	0123456789	053294478858728496877805065958411382246	0	281824ad-5f59-6bdb-5cae-071ff772ade6
encode	0123456789	0180c350-55e7-d3c4-6cb2-1b9c5ee3bef9		001997803428389574768102774971484585721
decode	0123456789	001997803428389574768102774971484585721	0	0180c350-55e7-d3c4-6cb2-1b9c5ee3bef9
encode	0123456789	774055b8-14a5-3ac0-f7b8-d9ef1c7a4190		158512177086538881273947585190936854928
decode	0123456789	158512177086538881273947585190936854928	0	774055b8-14a5-3ac0-f7b8-d9ef1c7a4190
encode	0123456789	f8d3ec89-3606-957c-5b23-7f12b533d430		330748915111454861370038154145085772848
decode	0123456789	330748915111454861370038154145085772848	0	f8d3ec89-3606-957c-5b23-7f12b533d430
encode	0123456789	28fad929-cd2f-3bc0-b0d5-e17016af6c47		054471598640770526021642061095690529863
decode	0123456789	054471598640770526021642061095690529863	0	28fad929-cd2f-3bc0-b0d5-e17016af6c47
encode	0123456789	af402f94-6513-1a60-4376-8704dc8698ef		232948171291607010605829813564602751215
decode	0123456789	232948171291607010605829813564602751215	0	af402f94-6513-1a60-4376-8704dc8698ef
encode	0123456789	8a0cccf7-57d3-4c6f-f13d-2845a4c85abd		183499928188716734523545703545274129085
decode	0123456789	183499928188716734523545703545274129085	0	8a0cccf7-57d3-4c6f-f13d-2845a4c85abd
encode	0123456789	e8fe1d14-b774-d6fd-4557-da0d400c774d		309700328255387092365890761769356130125
decode	0123456789	309700328255387092365890761769356130125	0	e8fe1d14-b774-d6fd-4557-da0d400c774d
encode	0123456789	fb8d9bf8-d2dc-4c7c-e7ba-e1c852864886		334371504286398341287694360038219335814
decode	0123456789	334371504286398341287694360038219335814	0	fb8d9bf8-d2dc-4c7c-e7ba-e1c852864886
encode	0123456789	4de8bdd3-98b9-c78b-c4d2-826c61512854		103559018686442297997580792785288636500
decode	0123456789	103559018686442297997580792785288636500	0	4de8bdd3-98b9-c78b-c4d2-826c61512854
encode	0123456789	e3f4377a-f874-7e45-54c3-40cf7aa2f78f		303002800751915542800527000767922632591
decode	0123456789	303002800751915542800527000767922632591	0	e3f4377a-f874-7e45-54c3-40cf7aa2f78f
encode	0123456789	d7894581-eb7e-43cb-8d0b-eb92469f69b9		286496773542953422479480407538064648633
decode	0123456789	286496773542953422479480407538064648633	0	d7894581-eb7e-43cb-8d0b-eb92469f69b9
encode	0123456789	c98dc8dc-9cc7-f9d0-fff7-77ee102ba4c9		267911014970459402116381565592049263817
decode	0123456789	267911014970459402116381565592049263817	0	c98dc8dc-9cc7-f9d0-fff7-77ee102ba4c9
encode	0123456789	3d800e71-fa05-ce16-fad0-f6fb871316f8		081747814724667411734671615499619735288
decode	0123456789	081747814724667411734671615499619735288	0	3d800e71-fa05-ce16-fad0-f6fb871316f8
encode	0123456789	5733dc12-f152-6e27-12d0-61bd6001a5a6		115912106403978225241182001280724346278
decode	0123456789	115912106403978225241182001280724346278	0	5733dc12-f152-6e27-12d0-61bd6001a5a6
encode	0123456789	02d03b2c-ad53-556b-29b1-989c7df6a405		003739653939992492888805545502779548677
decode	0123456789	003739653939992492888805545502779548677	0	02d03b2c-ad53-556b-29b1-989c7df6a405
encode	0123456789	dd9dbd17-5ff3-5e2e-62ac-593360a9a406		294578412902614493508514448472155988998
decode	0123456789	294578412902614493508514448472155988998	0	dd9dbd17-5ff3-5e2e-62ac-593360a9a406
encode	0123456789	aeb61e39-e047-8827-84b1-d2da7d9fae09		232231282352533192280835218602155027977
decode	0123456789	232231282352533192280835218602155027977	0	aeb61e39-e047-8827-84b1-d2da7d9fae09
encode	0123456789	6c384306-ab44-2ca1-cf15-543a83017468		143848751618665638772470069549902951528
decode	0123456789	143848751618665638772470069549902951528	0	6c384306-ab44-2ca1-cf15-543a83017468
encode	0123456789	3a344349-6dd5-df56-4695-26658d38d886		077366587931260661817655656446829320326
decode	0123456789	077366587931260661817655656446829320326	0	3a344349-6dd5-df56-4695-26658d38d886
encode	0123456789	c2926414-63bb-601b-816a-8f2fdd3bc0da		258630336380008918584584135104144326874
decode	0123456789	258630336380008918584584135104144326874	0	c2926414-63bb-601b-816a-8f2fdd3bc0da
encode	0123456789	fc761fee-948b-de91-3226-031aedadd4f4		335578793624079174414857637926622057716
decode	0123456789	335578793624079174414857637926622057716	0	fc761fee-948b-de91-3226-031aedadd4f4
encode	0123456789	8a9c8ac6-a204-9010-31d5-5c49cb37d795		184246276438093392939482155796712118165
decode	0123456789	184246276438093392939482155796712118165	0	8a9c8ac6-a204-9010-31d5-5c49cb37d795
encode	0123456789	42fdc47a-cc73-d06d-779d-32dbaeb6c35f		089046683908406854213674480099868984159
decode	0123456789	089046683908406854213674480099868984159	0	42fdc47a-cc73-d06d-779d-32dbaeb6c35f
encode	0123456789	96e891b1-ac53-5191-4a53-fcb70de61fad		200591767265026903186507632015472730029
decode	0123456789	200591767265026903186507632015472730029	0	96e891b1-ac53-5191-4a53-fcb70de61fad
encode	0123456789	f59ef066-094d-8c91-5839-d06c44fed4e3		326486117733409460671549996086125843683
decode	0123456789	326486117733409460671549996086125843683	0	f59ef066-094d-8c91-5839-d06c44fed4e3
encode	0123456789	f80d6f9c-4b12-24e1-e734-d22546b1c8fa		329718306544112757373693685490026399994
decode	0123456789	329718306544112757373693685490026399994	0	f80d6f9c-4b12-24e1-e734-d22546b1c8fa
encode	0123456789	239fa7dc-8bc6-3d6a-3400-43545866d835		047351959688836729812592722707210491957
decode	0123456789	047351959688836729812592722707210491957	0	239fa7dc-8bc6-3d6a-3400-43545866d835
encode	0123456789	e1433865-eace-cf8a-e631-e32428ea3563		299425326830779634397845254338238887267
decode	0123456789	299425326830779634397845254338238887267	0	e1433865-eace-cf8a-e631-e32428ea3563
encode	0123456789	608f3060-d814-ab6a-02fb-1f08f649bca8		128349367274560730917243166691445816488
decode	0123456789	128349367274560730917243166691445816488	0	608f3060-d814-ab6a-02fb-1f08f649bca8
encode	0123456789	de27b349-a3e0-f7e4-56a6-3dc691ce4e1d		295294751027427125873555974227638504989
decode	0123456789	295294751027427125873555974227638504989	0	de27b349-a3e0-f7e4-56a6-3dc691ce4e1d
encode	0123456789	782458db-94c3-2f09-ec05-e987b351ee28		159696084430149614636607756179650768424
decode	0123456789	159696084430149614636607756179650768424	0	782458db-94c3-2f09-ec05-e987b351ee28
encode	0123456789	80270819-1cdd-f9d2-da4c-94da6e99fa6b		170343847286866914719104920746278386283
decode	0123456789	170343847286866914719104920746278386283	0	80270819-1cdd-f9d2-da4c-94da6e99fa6b
encode	0123456789	9e0c1290-6e17-6b48-279a-e4afc6df5b40		210080707422619056632908305148466387776
decode	0123456789	210080707422619056632908305148466387776	0	9e0c1290-6e17-6b48-279a-e4afc6df5b40
encode	0123456789	a2315d47-db58-d8c8-a273-05ccef5d8d20		215591249820401882437547612559128759584
decode	0123456789	215591249820401882437547612559128759584	0	a2315d47-db58-d8c8-a273-05ccef5d8d20
encode	0123456789	0ecdc4c0-c05c-f446-add1-345ee24ff390		019677603420611476972979516266259674000
decode	0123456789	019677603420611476972979516266259674000	0	0ecdc4c0-c05c-f446-add1-345ee24ff390
encode	0123456789	1cb285e1-865a-36a2-d5d4-4e5e995521bf		038145328151190747792223566696241504703
decode	0123456789	038145328151190747792223566696241504703	0	1cb285e1-865a-36a2-d5d4-4e5e995521bf
encode	0123456789	af9dd44e-9bd4-f205-2790-e620037caab2		233434395968010507666434126035814230706
decode	0123456789	233434395968010507666434126035814230706	0	af9dd44e-9bd4-f205-2790-e620037caab2
encode	0123456789	ebc9ef9e-ddcd-16ea-3714-1b5bed9a426a		313417090760609805664833774903539417706
decode	0123456789	313417090760609805664833774903539417706	0	ebc9ef9e-ddcd-16ea-3714-1b5bed9a426a
encode	0123456789	097f3952-2950-aeaf-4c6b-aeae1f60be78		012623636269941324673546721641657056888
decode	0123456789	012623636269941324673546721641657056888	0	097f3952-2950-aeaf-4c6b-aeae1f60be78
encode	0123456789	5a266b91-9293-c0e7-9fc3-888d318dd9dc		119830008652541341804765625439281338844
decode	0123456789	119830008652541341804765625439281338844	0	5a266b91-9293-c0e7-9fc3-888d318dd9dc
encode	0123456789	a02a520f-0d9b-1189-2de6-104d76852537		212896220143865711016406487267363071287
decode	0123456789	212896220143865711016406487267363071287	0	a02a520f-0d9b-1189-2de6-104d76852537
encode	0123456789	ccea267b-58e4-1894-656d-1954904da1e4		272378289109159347780815149341076201956
decode	0123456789	272378289109159347780815149341076201956	0	ccea267b-58e4-1894-656d-1954904da1e4
encode	0123456789	6f74d449-cabe-0961-4c65-0e0cfa75446f		148150919684953251778434468381956850799
decode	0123456789	148150919684953251778434468381956850799	0	6f74d449-cabe-0961-4c65-0e0cfa75446f
encode	0123456789	4de273b0-404c-7379-7a47-9aa4850f79e3		103526361206627880014132746580713765347
decode	0123456789	103526361206627880014132746580713765347	0	4de273b0-404c-7379-7a47-9aa4850f79e3
encode	0123456789	5c8d5a00-7b3f-90cd-e0e3-b60ee86945b3		123022914924273502006333434270705075635
decode	0123456789	123022914924273502006333434270705075635	0	5c8d5a00-7b3f-90cd-e0e3-b60ee86945b3
encode	0123456789	e6bf0abc-d26f-8ad8-f76f-3e431a7f0192		306714385514628090560685237832746205586
decode	0123456789	306714385514628090560685237832746205586	0	e6bf0abc-d26f-8ad8-f76f-3e431a7f0192
encode	0123456789	e251b98e-fde4-1ceb-066f-5dc697c16aaa		300829866667683540032118242255940184746
decode	0123456789	300829866667683540032118242255940184746	0	e251b98e-fde4-1ceb-066f-5dc697c16aaa
encode	0123456789	2182410c-582f-e5cc-07ba-bc386a32c85a		044540841787166524490701791464824948826
decode	0123456789	044540841787166524490701791464824948826	0	2182410c-582f-e5cc-07ba-bc386a32c85a
encode	0123456789	83d75dc4-987c-0203-ea09-d30b53a74b12		175247113112413597503106481786007800594
decode	0123456789	175247113112413597503106481786007800594	0	83d75dc4-987c-0203-ea09-d30b53a74b12
encode	0123456789	6fb4fd12-dcec-a449-cda8-a7c206054070		148484053910771364478493163001668255856
decode	0123456789	148484053910771364478493163001668255856	0	6fb4fd12-dcec-a449-cda8-a7c206054070
encode	0123456789	0bfe3e83-0069-188a-4dd7-bc229d2dba27		015941619244113689690898099039055493671
decode	0123456789	015941619244113689690898099039055493671	0	0bfe3e83-0069-188a-4dd7-bc229d2dba27
encode	0123456789	5b8076e7-6e43-c6a9-7b94-a6e1b50097e9		121626773274483861328100776112606451689
decode	0123456789	121626773274483861328100776112606451689	0	5b8076e7-6e43-c6a9-7b94-a6e1b50097e9
encode	0123456789	768d46bb-fbf6-fbac-c6a6-748b7c5d5c68		157582452021991451200557087989778177128
decode	0123456789	157582452021991451200557087989778177128	0	768d46bb-fbf6-fbac-c6a6-748b7c5d5c68
encode	0123456789	7e53fb4f-5733-f27c-bb22-2c51d379b141		167918785278981142060033677066038260033
decode	0123456789	167918785278981142060033677066038260033	0	7e53fb4f-5733-f27c-bb22-2c51d379b141
encode	0123456789	877ceafe-89fd-cc46-529f-d599a1b9ce60		180094390491928763819847765351649103456
decode	0123456789	180094390491928763819847765351649103456	0	877ceafe-89fd-cc46-529f-d599a1b9ce60
encode	0123456789	a0d54c81-14b2-defd-9b4d-8505a2bc9ea2		213783990246423241852432394906930814626
decode	0123456789	213783990246423241852432394906930814626	0	a0d54c81-14b2-defd-9b4d-8505a2bc9ea2
encode	0123456789	5b2c1b7d-88fc-c2c5-3d7e-848023bad718		121188766249178020147828629992594134808
decode	0123456789	121188766249178020147828629992594134808	0	5b2c1b7d-88fc-c2c5-3d7e-848023bad718
encode	0123456789	bbb5e436-c25b-041a-b3bf-6f1abddd2323		249510069671034603921866175329200841507
decode	0123456789	249510069671034603921866175329200841507	0	bbb5e436-c25b-041a-b3bf-6f1abddd2323
encode	0123456789	cf4d9148-8383-1a3a-d6c6-67e61c12baca		275552948680106027373610291500260965066
decode	0123456789	275552948680106027373610291500260965066	0	cf4d9148-8383-1a3a-d6c6-67e61c12baca
encode	0123456789	19df83cf-ef4a-a973-8b62-b6124da4d890		034391255564021060274608813881449306256
decode	0123456789	034391255564021060274608813881449306256	0	19df83cf-ef4a-a973-8b62-b6124da4d890
encode	0123456789	53ee8c50-1e28-9b47-ed00-64533ccae476		111564536187410459422638975581090931830
decode	0123456789	111564536187410459422638975581090931830	0	53ee8c50-1e28-9b47-ed00-64533ccae476
encode	0123456789	50dbc73e-bb91-1768-b338-e181ce080364		107479393844518701275996498449865900900
decode	0123456789	107479393844518701275996498449865900900	0	50dbc73e-bb91-1768-b338-e181ce080364
encode	0123456789	f3a2f05d-8d99-37e0-5726-683db4debe38		323848430257163805322649944233355427384
decode	0123456789	323848430257163805322649944233355427384	0	f3a2f05d-8d99-37e0-5726-683db4debe38
encode	0123456789	604c455d-887b-51b0-9b53-e1b2dbc4e1a1		128001909053321381471396579874315755937
decode	0123456789	128001909053321381471396579874315755937	0	604c455d-887b-51b0-9b53-e1b2dbc4e1a1
encode	0123456789	2fd3853f-dcac-36c4-71db-0db964375008		063571993059188314760144230917833445384
decode	0123456789	063571993059188314760144230917833445384	0	2fd3853f-dcac-36c4-71db-0db964375008
encode	0123456789	c1fd3799-a0dd-e328-eaa3-69ea565c2339		257855781995920987294288839399136043833
decode	0123456789	257855781995920987294288839399136043833	0	c1fd3799-a0dd-e328-eaa3-69ea565c2339
encode	0123456789	20ba833c-67a5-9400-6883-51e3a3a8f5a7		043503724862229742786119664588770833831
decode	0123456789	043503724862229742786119664588770833831	0	20ba833c-67a5-9400-6883-51e3a3a8f5a7
encode	0123456789	9c5923ab-fabd-507f-0cc9-02ca1759534d		207822405272808513147819511920562099021
decode	0123456789	207822405272808513147819511920562099021	0	9c5923ab-fabd-507f-0cc9-02ca1759534d
encode	0123456789	6ad35ee0-bb75-f7a3-950a-748c02df64c3		141995666541979388209221471798757909699
decode	0123456789	141995666541979388209221471798757909699	0	6ad35ee0-bb75-f7a3-950a-748c02df64c3
encode	0123456789	b58be0c5-eb47-9848-b413-3e5b0d3b9046		241316555440920877502259769840007614534
decode	0123456789	241316555440920877502259769840007614534	0	b58be0c5-eb47-9848-b413-3e5b0d3b9046
encode	0123456789	d7e391dd-46a4-7b73-8cc1-7814d896ba6f		286965628961323561195131456456746252911
decode	0123456789	286965628961323561195131456456746252911	0	d7e391dd-46a4-7b73-8cc1-7814d896ba6f
encode	0123456789	bf0067e9-9c6d-b471-05a3-4c6d48d0b76c		253884654791682260227594548966245578604
decode	0123456789	253884654791682260227594548966245578604	0	bf0067e9-9c6d-b471-05a3-4c6d48d0b76c
encode	0123456789	147365a9-a001-3713-7ca0-13cb08d91696		027183736016878326951602740540607108758
decode	0123456789	027183736016878326951602740540607108758	0	147365a9-a001-3713-7ca0-13cb08d91696
encode	0123456789	5e2f2c90-8e87-596f-526d-f9318171fbed		125192373435121690403486283895491656685
decode	0123456789	125192373435121690403486283895491656685	0	5e2f2c90-8e87-596f-526d-f9318171fbed
encode	0123456789	5eb320cf-d094-ba79-c4c4-e78cf7c5512f		125877518243349467175179568889905631535
decode	0123456789	125877518243349467175179568889905631535	0	5eb320cf-d094-ba79-c4c4-e78cf7c5512f
encode	0123456789	95e04a49-d43f-800e-7471-a299ccac9952		199219552615918389354681866501216835922
decode	0123456789	199219552615918389354681866501216835922	0	95e04a49-d43f-800e-7471-a299ccac9952
encode	0123456789	9c399230-743f-c6e4-eebe-444c66851e06		207658493334114657893926509810437922310
decode	0123456789	207658493334114657893926509810437922310	0	9c399230-743f-c6e4-eebe-444c66851e06
encode	0123456789	be8eb8ba-38de-41ff-9d75-2a804076f9c0		253294372070451114686536389040228727232
decode	0123456789	253294372070451114686536389040228727232	0	be8eb8ba-38de-41ff-9d75-2a804076f9c0
encode	0123456789	d60bcbd5-9706-1666-a8dc-8018d0d820b5		284516040614903632556467568016866418869
decode	0123456789	284516040614903632556467568016866418869	0	d60bcbd5-9706-1666-a8dc-8018d0d820b5
encode	0123456789	9ba0b41f-a6f1-bfed-c404-191a162cfcfa		206864760185495997074397172203212569850
decode	0123456789	206864760185495997074397172203212569850	0	9ba0b41f-a6f1-bfed-c404-191a162cfcfa
encode	0123456789	88eda5a4-6151-54bf-78fc-a25bb8122b63		182008941403342936882740761717495704419
decode	0123456789	182008941403342936882740761717495704419	0	88eda5a4-6151-54bf-78fc-a25bb8122b63
encode	0123456789	eb67e330-040a-eaeb-2a3b-a0383587a8d1		312907993497067285661274318325808605393
decode	0123456789	312907993497067285661274318325808605393	0	eb67e330-040a-eaeb-2a3b-a0383587a8d1
encode	0123456789	fb4fa0f1-f08a-4c61-ab91-4503d2ba6b21		334049682747805480508261919842423696161
decode	0123456789	334049682747805480508261919842423696161	0	fb4fa0f1-f08a-4c61-ab91-4503d2ba6b21
encode	0123456789	db2b161b-dc1f-a2c9-b2b3-874660326037		291324648262110189580993536226692849719
decode	0123456789	291324648262110189580993536226692849719	0	db2b161b-dc1f-a2c9-b2b3-874660326037
encode	0123456789	f525f40f-7661-fe23-9fe9-74605c5da016		325857924084073603306903762853347303446
decode	0123456789	325857924084073603306903762853347303446	0	f525f40f-7661-fe23-9fe9-74605c5da016
encode	0123456789	aeddcf0e-c8fe-3e04-94c8-67236a8e0f76		232437368502498151880327127651106819958
decode	0123456789	232437368502498151880327127651106819958	0	aeddcf0e-c8fe-3e04-94c8-67236a8e0f76
encode	0123456789	bd26bf27-84f1-61b1-25c9-464a6cedfd83		251425275555249892710353832166848068995
decode	0123456789	251425275555249892710353832166848068995	0	bd26bf27-84f1-61b1-25c9-464a6cedfd83
encode	0123456789	60a8b4e5-daaf-0328-f865-571f88d77da3		128481862512242956989922025328917052835
decode	0123456789	128481862512242956989922025328917052835	0	60a8b4e5-daaf-0328-f865-571f88d77da3
encode	0123456789	2d446303-353f-fab3-325e-4ae42b45699e		060170344209416883361960712600790854046
decode	0123456789	060170344209416883361960712600790854046	0	2d446303-353f-fab3-325e-4ae42b45699e
encode	0123456789	fcb520f7-3a5b-715f-6d83-30caeafe4668		335905929293717739856235752077051971176
decode	0123456789	335905929293717739856235752077051971176	0	fcb520f7-3a5b-715f-6d83-30caeafe4668
encode	0123456789	5ef3d5c7-2c45-bd95-423f-bf048055e4ef		126213495673757624905390722092826485999
decode	0123456789	126213495673757624905390722092826485999	0	5ef3d5c7-2c45-bd95-423f-bf048055e4ef
encode	0123456789	18d3460e-617b-216d-602c-8247baae168d		032998467444024262080143873748027446925
decode	0123456789	032998467444024262080143873748027446925	0	18d3460e-617b-216d-602c-8247baae168d
encode	0123456789	2dd1f6d6-fe90-55d7-c375-7774b0d4110c		060905456360127952812458196065030770956
decode	0123456789	060905456360127952812458196065030770956	0	2dd1f6d6-fe90-55d7-c375-7774b0d4110c
encode	0123456789	30ad7c15-028a-78c9-bd1d-2838a2f24faf		064703727837571124873952278089808629679
decode	0123456789	064703727837571124873952278089808629679	0	30ad7c15-028a-78c9-bd1d-2838a2f24faf
encode	0123456789	054d3897-e522-3ae8-ec19-7ebc9ed3f432		007047094686335554160242919275865830450
decode	0123456789	007047094686335554160242919275865830450	0	054d3897-e522-3ae8-ec19-7ebc9ed3f432
encode	0123456789	9bfaa01c-c61f-0961-d7ab-12a7e645c5d6		207331661026536354825099436145254974934
decode	0123456789	207331661026536354825099436145254974934	0	9bfaa01c-c61f-0961-d7ab-12a7e645c5d6
encode	0123456789	033c4c01-575d-4355-c69b-8b8a0ec38c6a		004300763368262821254159774235050085482
decode	0123456789	004300763368262821254159774235050085482	0	033c4c01-575d-4355-c69b-8b8a0ec38c6a
encode	0123456789	14caf496-4a5d-c484-aec5-ace8f997f78d		027638364696305269645671601453651195789
decode	0123456789	027638364696305269645671601453651195789	0	14caf496-4a5d-c484-aec5-ace8f997f78d
encode	0123456789	e7b2ee67-91fa-e7db-8b41-f11bf3db5b72		307980731286299826820973284688515521394
decode	0123456789	307980731286299826820973284688515521394	0	e7b2ee67-91fa-e7db-8b41-f11bf3db5b72
encode	0123456789	c02fab4f-5e71-2907-14d5-efa595f18a24		255459287723350440847074319044795533860
decode	0123456789	255459287723350440847074319044795533860	0	c02fab4f-5e71-2907-14d5-efa595f18a24
encode	0123456789	d019d888-f2fd-fb30-54d4-7723623d51fc		276613622395432779770138181494506344956
decode	0123456789	276613622395432779770138181494506344956	0	d019d888-f2fd-fb30-54d4-7723623d51fc
encode	0123456789	0ffa9a57-35e1-e769-0c9c-c749063a11c0		021239624552012352733351459677074493888
decode	0123456789	021239624552012352733351459677074493888	0	0ffa9a57-35e1-e769-0c9c-c749063a11c0
encode	0123456789	ddf4e69a-018b-d501-c915-b9d6363c84fd		295030984657773304529753364237817513213
decode	0123456789	295030984657773304529753364237817513213	0	ddf4e69a-018b-d501-c915-b9d6363c84fd
encode	0123456789	98e8850d-c491-9ffa-caa1-7fa62a9cbdf5		203249966881765802700186163231418269173
decode	0123456789	203249966881765802700186163231418269173	0	98e8850d-c491-9ffa-caa1-7fa62a9cbdf5
encode	0123456789	22f4a3c7-8f1d-5e6b-bdad-214aca9546ba		046463994133631234324112957427598837434
decode	0123456789	046463994133631234324112957427598837434	0	22f4a3c7-8f1d-5e6b-bdad-214aca9546ba
encode	0123456789	68fec8f2-6986-1d5a-2f2b-4cacb0f58495		139562630651493216489000624452122543253
decode	0123456789	139562630651493216489000624452122543253	0	68fec8f2-6986-1d5a-2f2b-4cacb0f58495
encode	0123456789	8fcf87fa-8574-4f7a-21a6-e93298800a4a		191157166820598917707135850297249761866
decode	0123456789	191157166820598917707135850297249761866	0	8fcf87fa-8574-4f7a-21a6-e93298800a4a
encode	0123456789	21b101c3-6884-1eeb-4b35-aa33a76c1169		044783596169110347470299572002823606633
decode	0123456789	044783596169110347470299572002823606633	0	21b101c3-6884-1eeb-4b35-aa33a76c1169
encode	0123456789	3f6b2b75-ac54-bca1-35af-cfcfb70a3d30		084297820964954759976760431209182018864
decode	0123456789	084297820964954759976760431209182018864	0	3f6b2b75-ac54-bca1-35af-cfcfb70a3d30
encode	0123456789	b2a6b33b-3cde-c5f8-89f6-34910ee3c220		237468139772850865765981522123064328736
decode	0123456789	237468139772850865765981522123064328736	0	b2a6b33b-3cde-c5f8-89f6-34910ee3c220
encode	0123456789	96fb3acb-0d4b-56b5-0541-f6533b9a0682		200688658346418008889782975944143275650
decode	0123456789	200688658346418008889782975944143275650	0	96fb3acb-0d4b-56b5-0541-f6533b9a0682
encode	0123456789	b0462c33-160e-392b-616d-6815242d080c		234308484511727345618711145196014077964
decode	0123456789	234308484511727345618711145196014077964	0	b0462c33-160e-392b-616d-6815242d080c
encode	0123456789	f4d5863b-bc18-bb98-6985-e63bbbc78760		325440312777948950898963401915364771680
decode	0123456789	325440312777948950898963401915364771680	0	f4d5863b-bc18-bb98-6985-e63bbbc78760
encode	0123456789	a622b50c-5ca9-7726-bfc6-76989805b37b		220832057489039922208406012303080010619
decode	0123456789	220832057489039922208406012303080010619	0	a622b50c-5ca9-7726-bfc6-76989805b37b
encode_pad	0123456789	bcbdc088-72eb-7a42-bd79-39cdfce5c135	1	250880112347067235635471103687603372341
encode_pad	0123456789	d43587aa-b63e-fe8d-5338-16dbe5d2dab8	5	282074278490391058596738877703503141560
encode_pad	0123456789	4b7ce3d2-7ba3-9829-aab7-f76a196ec49e	22	100340565277485595703366545895160988830
encode_pad	0123456789	6464412f-0e69-449a-4fe7-b2cb8c44a3f3	40	0133443351349152996898270735877410169843
decode	0123456789	0	0	00000000-0000-0000-0000-000000000000
decode	0123456789	010	0	00000000-0000-0000-0000-00000000000a
decode	0123456789	0107589	0	00000000-0000-0000-0000-00000001a445
decode	0123456789	228826471310322151999245235286469857010	1	081819e9-e635-a8eb-f3ff-4cf0b01f51d6
get_alphabet	0123456789abcdef	0		0123456789abcdef
get_alphabet	0123456789abcdef	1		0123456789abcdef
encoded_length	0123456789abcdef	16		32
encoded_length	0123456789abcdef	8		16
encoded_length	0123456789abcdef	4		8
encoded_length	0123456789abcdef	32		64
encode	0123456789abcdef	fedc7096-2997-06f6-cd76-e93b25340f9f		fedc7096299706f6cd76e93b25340f9f
decode	0123456789abcdef	fedc7096299706f6cd76e93b25340f9f	0	fedc7096-2997-06f6-cd76-e93b25340f9f
encode	0123456789abcdef	7b103c03-211f-1f25-3e9c-6efc709ead5d		7b103c03211f1f253e9c6efc709ead5d
decode	0123456789abcdef	7b103c03211f1f253e9c6efc709ead5d	0	7b103c03-211f-1f25-3e9c-6efc709ead5d
encode	0123456789abcdef	3a13490b-b6ba-2a6e-bb0e-0cdba999e877		3a13490bb6ba2a6ebb0e0cdba999e877
decode	0123456789abcdef	3a13490bb6ba2a6ebb0e0cdba999e877	0	3a13490b-b6ba-2a6e-bb0e-0cdba999e877
encode	0123456789abcdef	7914a61d-0386-70be-7d5d-00854cc39af0		7914a61d038670be7d5d00854cc39af0
decode	0123456789abcdef	7914a61d038670be7d5d00854cc39af0	0	7914a61d-0386-70be-7d5d-00854cc39af0
encode	0123456789abcdef	0c0bedcc-a923-5ff0-9335-11416979ee4e		0c0bedcca9235ff0933511416979ee4e
decode	0123456789abcdef	0c0bedcca9235ff0933511416979ee4e	0	0c0bedcc-a923-5ff0-9335-11416979ee4e
encode	0123456789abcdef	3fcd4dce-aec9-c905-b976-768d4adb621b		3fcd4dceaec9c905b976768d4adb621b
decode	0123456789abcdef	3fcd4dceaec9c905b976768d4adb621b	0	3fcd4dce-aec9-c905-b976-768d4adb621b
encode	0123456789abcdef	2fce48f5-56f5-015d-f669-811ee003280c		2fce48f556f5015df669811ee003280c
decode	0123456789abcdef	2fce48f556f5015df669811ee003280c	0	2fce48f5-56f5-015d-f669-811ee003280c
encode	0123456789abcdef	cb8ab56f-7f59-68b4-772a-8f8d4adc98dd		cb8ab56f7f5968b4772a8f8d4adc98dd
decode	0123456789abcdef	cb8ab56f7f5968b4772a8f8d4adc98dd	0	cb8ab56f-7f59-68b4-772a-8f8d4adc98dd
encode	0123456789abcdef	a5bece13-ea13-e34e-92fe-d6a32c520647		a5bece13ea13e34e92fed6a32c520647
decode	0123456789abcdef	a5bece13ea13e34e92fed6a32c520647	0	a5bece13-ea13-e34e-92fe-d6a32c520647
encode	0123456789abcdef	9d844a63-6f0d-7ea4-8fbe-af1def8e042f		9d844a636f0d7ea48fbeaf1def8e042f
decode	0123456789abcdef	9d844a636f0d7ea48fbeaf1def8e042f	0	9d844a63-6f0d-7ea4-8fbe-af1def8e042f
encode	0123456789abcdef	5d2def11-bf53-64e2-4ea9-af734cca9f92		5d2def11bf5364e24ea9af734cca9f92
decode	0123456789abcdef	5d2def11bf5364e24ea9af734cca9f92	0	5d2def11-bf53-64e2-4ea9-af734cca9f92
encode	0123456789abcdef	c4cf9085-e979-7afb-79e7-177e4743fca7		c4cf9085e9797afb79e7177e4743fca7
decode	0123456789abcdef	c4cf9085e9797afb79e7177e4743fca7	0	c4cf9085-e979-7afb-79e7-177e4743fca7
encode	0123456789abcdef	2603c3e0-623b-a857-ed85-dac9be10e52b		2603c3e0623ba857ed85dac9be10e52b
decode	0123456789abcdef	2603c3e0623ba857ed85dac9be10e52b	0	2603c3e0-623b-a857-ed85-dac9be10e52b
encode	0123456789abcdef	eef2e723-d7fb-215f-9e7d-847dd89931cb		eef2e723d7fb215f9e7d847dd89931cb
decode	0123456789abcdef	eef2e723d7fb215f9e7d847dd89931cb	0	eef2e723-d7fb-215f-9e7d-847dd89931cb
encode	0123456789abcdef	5df5e5eb-f782-f20c-79de-bf0353190002		5df5e5ebf782f20c79debf0353190002
decode	0123456789abcdef	5df5e5ebf782f20c79debf0353190002	0	5df5e5eb-f782-f20c-79de-bf0353190002
encode	0123456789abcdef	b03d9e75-fda5-e974-1791-f5aab0ffddff		b03d9e75fda5e9741791f5aab0ffddff
decode	0123456789abcdef	b03d9e75fda5e9741791f5aab0ffddff	0	b03d9e75-fda5-e974-1791-f5aab0ffddff
encode	0123456789abcdef	468d4db2-d9a3-17a2-e4e8-9ac2b9291fbc		468d4db2d9a317a2e4e89ac2b9291fbc
decode	0123456789abcdef	468d4db2d9a317a2e4e89ac2b9291fbc	0	468d4db2-d9a3-17a2-e4e8-9ac2b9291fbc
encode	0123456789abcdef	ef8a6b1f-821f-371c-099c-5ffe80d144a6		ef8a6b1f821f371c099c5ffe80d144a6
decode	0123456789abcdef	ef8a6b1f821f371c099c5ffe80d144a6	0	ef8a6b1f-821f-371c-099c-5ffe80d144a6
encode	0123456789abcdef	b1161080-1379-35e8-8dec-9cdad6829ff0		b1161080137935e88dec9cdad6829ff0
decode	0123456789abcdef	b1161080137935e88dec9cdad6829ff0	0	b1161080-1379-35e8-8dec-9cdad6829ff0
encode	0123456789abcdef	fbab95a8-e3a5-c869-21f4-c81d4271faf7		fbab95a8e3a5c86921f4c81d4271faf7
decode	0123456789abcdef	fbab95a8e3a5c86921f4c81d4271faf7	0	fbab95a8-e3a5-c869-21f4-c81d4271faf7
encode	0123456789abcdef	04646da8-707a-83d0-d928-33da22fe51b6		04646da8707a83d0d92833da22fe51b6
decode	0123456789abcdef	04646da8707a83d0d92833da22fe51b6	0	04646da8-707a-83d0-d928-33da22fe51b6
encode	0123456789abcdef	3fa82fc3-8b8f-0dfa-3971-c40cbc127feb		3fa82fc38b8f0dfa3971c40cbc127feb
decode	0123456789abcdef	3fa82fc38b8f0dfa3971c40cbc127feb	0	3fa82fc3-8b8f-0dfa-3971-c40cbc127feb
encode	0123456789abcdef	a2bdfae6-1c4f-510a-60b1-a00b8e520628		a2bdfae61c4f510a60b1a00b8e520628
decode	0123456789abcdef	a2bdfae61c4f510a60b1a00b8e520628	0	a2bdfae6-1c4f-510a-60b1-a00b8e520628
encode	0123456789abcdef	3663c06e-850e-e63b-f824-04ac6e39ec10		3663c06e850ee63bf82404ac6e39ec10
decode	0123456789abcdef	3663c06e850ee63bf82404ac6e39ec10	0	3663c06e-850e-e63b-f824-04ac6e39ec10
encode	0123456789abcdef	3a423219-68b0-880a-6441-89d1d1a1b94b		3a42321968b0880a644189d1d1a1b94b
decode	0123456789abcdef	3a42321968b0880a644189d1d1a1b94b	0	3a423219-68b0-880a-6441-89d1d1a1b94b
encode	0123456789abcdef	1ff360e0-7b5c-1695-0898-553ee102e79a		1ff360e07b5c16950898553ee102e79a
decode	0123456789abcdef	1ff360e07b5c16950898553ee102e79a	0	1ff360e0-7b5c-1695-0898-553ee102e79a
encode	0123456789abcdef	6a7ab4b2-e4f2-1a1f-057b-155d90a6c590		6a7ab4b2e4f21a1f057b155d90a6c590
decode	0123456789abcdef	6a7ab4b2e4f21a1f057b155d90a6c590	0	6a7ab4b2-e4f2-1a1f-057b-155d90a6c590
encode	0123456789abcdef	1ad94130-15ad-136d-9acd-82a408dd421e		1ad9413015ad136d9acd82a408dd421e
decode	0123456789abcdef	1ad9413015ad136d9acd82a408dd421e	0	1ad94130-15ad-136d-9acd-82a408dd421e
encode	0123456789abcdef	d49f239f-b77e-b016-18a9-e1d6ba0034be		d49f239fb77eb01618a9e1d6ba0034be
decode	0123456789abcdef	d49f239fb77eb01618a9e1d6ba0034be	0	d49f239f-b77e-b016-18a9-e1d6ba0034be
encode	0123456789abcdef	4f6629fd-1fb5-a2d9-f7cd-b8df499a4d80		4f6629fd1fb5a2d9f7cdb8df499a4d80
decode	0123456789abcdef	4f6629fd1fb5a2d9f7cdb8df499a4d80	0	4f6629fd-1fb5-a2d9-f7cd-b8df499a4d80
encode	0123456789abcdef	53dd1900-12de-92f2-552c-761ba4659add		53dd190012de92f2552c761ba4659add
decode	0123456789abcdef	53dd190012de92f2552c761ba4659add	0	53dd1900-12de-92f2-552c-761ba4659add
encode	0123456789abcdef	820dfcff-bcca-9c96-17e2-8a1e9eeaf64b		820dfcffbcca9c9617e28a1e9eeaf64b
decode	0123456789abcdef	820dfcffbcca9c9617e28a1e9eeaf64b	0	820dfcff-bcca-9c96-17e2-8a1e9eeaf64b
encode	0123456789abcdef	59e6344e-9a3a-e90a-e7c4-e2f8f9b187b2		59e6344e9a3ae90ae7c4e2f8f9b187b2
decode	0123456789abcdef	59e6344e9a3ae90ae7c4e2f8f9b187b2	0	59e6344e-9a3a-e90a-e7c4-e2f8f9b187b2
encode	0123456789abcdef	f0f0b4c4-0890-9cc5-fae7-72a6d3848313		f0f0b4c408909cc5fae772a6d3848313
decode	0123456789abcdef	f0f0b4c408909cc5fae772a6d3848313	0	f0f0b4c4-0890-9cc5-fae7-72a6d3848313
encode	0123456789abcdef	f50fb092-ca8d-05ad-488e-e945dd5b0cfd		f50fb092ca8d05ad488ee945dd5b0cfd
decode	0123456789abcdef	f50fb092ca8d05ad488ee945dd5b0cfd	0	f50fb092-ca8d-05ad-488e-e945dd5b0cfd
encode	0123456789abcdef	6111ee14-8783-6064-1496-b776811de7ac		6111ee14878360641496b776811de7ac
decode	0123456789abcdef	6111ee14878360641496b776811de7ac	0	6111ee14-8783-6064-1496-b776811de7ac
encode	0123456789abcdef	71a5c298-d143-2907-8cc2-aa9ae49beff7		71a5c298d14329078cc2aa9ae49beff7
decode	0123456789abcdef	71a5c298d14329078cc2aa9ae49beff7	0	71a5c298-d143-2907-8cc2-aa9ae49beff7
encode	0123456789abcdef	fbe9754e-b0d3-9ae8-1e80-026c4ca700a8		fbe9754eb0d39ae81e80026c4ca700a8
decode	0123456789abcdef	fbe9754eb0d39ae81e80026c4ca700a8	0	fbe9754e-b0d3-9ae8-1e80-026c4ca700a8
encode	0123456789abcdef	d48b519b-61a3-c8d2-f312-e9b6cfbfd6f0		d48b519b61a3c8d2f312e9b6cfbfd6f0
decode	0123456789abcdef	d48b519b61a3c8d2f312e9b6cfbfd6f0	0	d48b519b-61a3-c8d2-f312-e9b6cfbfd6f0
encode	0123456789abcdef	98c062b4-9e99-8f58-0bfa-6c9803e304fb		98c062b49e998f580bfa6c9803e304fb
decode	0123456789abcdef	98c062b49e998f580bfa6c9803e304fb	0	98c062b4-9e99-8f58-0bfa-6c9803e304fb
encode	0123456789abcdef	f10cad76-ef64-e675-4e61-973707cbc8ca		f10cad76ef64e6754e61973707cbc8ca
decode	0123456789abcdef	f10cad76ef64e6754e61973707cbc8ca	0	f10cad76-ef64-e675-4e61-973707cbc8ca
encode	0123456789abcdef	df1fee96-a9de-4f2b-d099-526ab901a9ab		df1fee96a9de4f2bd099526ab901a9ab
decode	0123456789abcdef	df1fee96a9de4f2bd099526ab901a9ab	0	df1fee96-a9de-4f2b-d099-526ab901a9ab
encode	0123456789abcdef	e6a2f327-0f5a-17df-9402-b0a1057385f8		e6a2f3270f5a17df9402b0a1057385f8
decode	0123456789abcdef	e6a2f3270f5a17df9402b0a1057385f8	0	e6a2f327-0f5a-17df-9402-b0a1057385f8
encode	0123456789abcdef	e10813fb-2059-a18e-da0e-0428e636cf47		e10813fb2059a18eda0e0428e636cf47
decode	0123456789abcdef	e10813fb2059a18eda0e0428e636cf47	0	e10813fb-2059-a18e-da0e-0428e636cf47
encode	0123456789abcdef	7753682f-64e2-de35-3968-4cd87b1f4f46		7753682f64e2de3539684cd87b1f4f46
decode	0123456789abcdef	7753682f64e2de3539684cd87b1f4f46	0	7753682f-64e2-de35-3968-4cd87b1f4f46
encode	0123456789abcdef	35b000cd-cf47-656a-c8c1-8f68226f6880		35b000cdcf47656ac8c18f68226f6880
decode	0123456789abcdef	35b000cdcf47656ac8c18f68226f6880	0	35b000cd-cf47-656a-c8c1-8f68226f6880
encode	0123456789abcdef	0cecae65-eafa-5812-24ed-7fea1aa4e67b		0cecae65eafa581224ed7fea1aa4e67b
decode	0123456789abcdef	0cecae65eafa581224ed7fea1aa4e67b	0	0cecae65-eafa-5812-24ed-7fea1aa4e67b
encode	0123456789abcdef	a54fe196-b5b5-e747-a3fe-9bba02fdc63b		a54fe196b5b5e747a3fe9bba02fdc63b
decode	0123456789abcdef	a54fe196b5b5e747a3fe9bba02fdc63b	0	a54fe196-b5b5-e747-a3fe-9bba02fdc63b
encode	0123456789abcdef	0c21d491-85fd-1bdc-5fba-b53986eb8339		0c21d49185fd1bdc5fbab53986eb8339
decode	0123456789abcdef	0c21d49185fd1bdc5fbab53986eb8339	0	0c21d491-85fd-1bdc-5fba-b53986eb8339
encode	0123456789abcdef	b2943267-3205-bd22-6659-d8b5aaf1da5c		b29432673205bd226659d8b5aaf1da5c
decode	0123456789abcdef	b29432673205bd226659d8b5aaf1da5c	0	b2943267-3205-bd22-6659-d8b5aaf1da5c
encode	0123456789abcdef	15589190-358b-2703-0a75-83fa49e5bce7		15589190358b27030a7583fa49e5bce7
decode	0123456789abcdef	15589190358b27030a7583fa49e5bce7	0	15589190-358b-2703-0a75-83fa49e5bce7
encode	0123456789abcdef	3805f252-f5eb-0d7b-3e50-280e4b9d6bbf		3805f252f5eb0d7b3e50280e4b9d6bbf
decode	0123456789abcdef	3805f252f5eb0d7b3e50280e4b9d6bbf	0	3805f252-f5eb-0d7b-3e50-280e4b9d6bbf
encode	0123456789abcdef	bdf44d86-66ca-fa64-dc6b-54c2d29cb3b1		bdf44d8666cafa64dc6b54c2d29cb3b1
decode	0123456789abcdef	bdf44d8666cafa64dc6b54c2d29cb3b1	0	bdf44d86-66ca-fa64-dc6b-54c2d29cb3b1
encode	0123456789abcdef	e359ad0e-004c-1837-2767-da0949ba4149		e359ad0e004c18372767da0949ba4149
decode	0123456789abcdef	e359ad0e004c18372767da0949ba4149	0	e359ad0e-004c-1837-2767-da0949ba4149
encode	0123456789abcdef	aedaa6b0-d7ed-3dbb-cd92-7fd4294039a8		aedaa6b0d7ed3dbbcd927fd4294039a8
decode	0123456789abcdef	aedaa6b0d7ed3dbbcd927fd4294039a8	0	aedaa6b0-d7ed-3dbb-cd92-7fd4294039a8
encode	0123456789abcdef	ce9005f6-d555-3a81-ffe3-b229a50ab6d9		ce9005f6d5553a81ffe3b229a50ab6d9
decode	0123456789abcdef	ce9005f6d5553a81ffe3b229a50ab6d9	0	ce9005f6-d555-3a81-ffe3-b229a50ab6d9
encode	0123456789abcdef	8022419c-5162-dca6-a8c8-cf27be6aa026		8022419c5162dca6a8c8cf27be6aa026
decode	0123456789abcdef	8022419c5162dca6a8c8cf27be6aa026	0	8022419c-5162-dca6-a8c8-cf27be6aa026
encode	0123456789abcdef	a7b93e38-bb9c-b836-309b-64e5dc1c7b21		a7b93e38bb9cb836309b64e5dc1c7b21
decode	0123456789abcdef	a7b93e38bb9cb836309b64e5dc1c7b21	0	a7b93e38-bb9c-b836-309b-64e5dc1c7b21
encode	0123456789abcdef	fe04b569-ba64-602e-1684-9f821afc17b3		fe04b569ba64602e16849f821afc17b3
decode	0123456789abcdef	fe04b569ba64602e16849f821afc17b3	0	fe04b569-ba64-602e-1684-9f821afc17b3
encode	0123456789abcdef	381869e5-3ceb-66de-742f-973391580999		381869e53ceb66de742f973391580999
decode	0123456789abcdef	381869e53ceb66de742f973391580999	0	381869e5-3ceb-66de-742f-973391580999
encode	0123456789abcdef	b78bce1c-2b18-c85b-0e14-cfd829091f08		b78bce1c2b18c85b0e14cfd829091f08
decode	0123456789abcdef	b78bce1c2b18c85b0e14cfd829091f08	0	b78bce1c-2b18-c85b-0e14-cfd829091f08
encode	0123456789abcdef	aa6b3655-4466-f917-9d48-70426359d6eb		aa6b36554466f9179d4870426359d6eb
decode	0123456789abcdef	aa6b36554466f9179d4870426359d6eb	0	aa6b3655-4466-f917-9d48-70426359d6eb
encode	0123456789abcdef	0b837cfa-e5b6-965f-3d46-0afd29ee5f5f		0b837cfae5b6965f3d460afd29ee5f5f
decode	0123456789abcdef	0b837cfae5b6965f3d460afd29ee5f5f	0	0b837cfa-e5b6-965f-3d46-0afd29ee5f5f
encode	0123456789abcdef	92a01067-d1ff-cc24-f2f0-63514de1489f		92a01067d1ffcc24f2f063514de1489f
decode	0123456789abcdef	92a01067d1ffcc24f2f063514de1489f	0	92a01067-d1ff-cc24-f2f0-63514de1489f
encode	0123456789abcdef	5a8d42a4-abb6-003a-a29a-49188438761d		5a8d42a4abb6003aa29a49188438761d
decode	0123456789abcdef	5a8d42a4abb6003aa29a49188438761d	0	5a8d42a4-abb6-003a-a29a-49188438761d
encode	0123456789abcdef	e6ba2ad5-5723-5655-eb6a-d46708e3c736		e6ba2ad557235655eb6ad46708e3c736
decode	0123456789abcdef	e6ba2ad557235655eb6ad46708e3c736	0	e6ba2ad5-5723-5655-eb6a-d46708e3c736
encode	0123456789abcdef	486742c7-9198-6e4d-deca-785b673eb8ca		486742c791986e4ddeca785b673eb8ca
decode	0123456789abcdef	486742c791986e4ddeca785b673eb8ca	0	486742c7-9198-6e4d-deca-785b673eb8ca
encode	0123456789abcdef	571e5916-10c4-3ecb-9f33-10ef0175a10e		571e591610c43ecb9f3310ef0175a10e
decode	0123456789abcdef	571e591610c43ecb9f3310ef0175a10e	0	571e5916-10c4-3ecb-9f33-10ef0175a10e
encode	0123456789abcdef	0b8060f4-b0c5-c8c6-b504-8bd6c6f959dd		0b8060f4b0c5c8c6b5048bd6c6f959dd
decode	0123456789abcdef	0b8060f4b0c5c8c6b5048bd6c6f959dd	0	0b8060f4-b0c5-c8c6-b504-8bd6c6f959dd
encode	0123456789abcdef	94ed3124-bcce-4e53-9381-3d1f08eae576		94ed3124bcce4e5393813d1f08eae576
decode	0123456789abcdef	94ed3124bcce4e5393813d1f08eae576	0	94ed3124-bcce-4e53-9381-3d1f08eae576
encode	0123456789abcdef	fe4b7b5e-9c92-119e-3620-6ba63cca6e78		fe4b7b5e9c92119e36206ba63cca6e78
decode	0123456789abcdef	fe4b7b5e9c92119e36206ba63cca6e78	0	fe4b7b5e-9c92-119e-3620-6ba63cca6e78
encode	0123456789abcdef	52251e3c-71ff-7190-5a80-8f249b7440bc		52251e3c71ff71905a808f249b7440bc
decode	0123456789abcdef	52251e3c71ff71905a808f249b7440bc	0	52251e3c-71ff-7190-5a80-8f249b7440bc
encode	0123456789abcdef	133b8c07-a3ed-caa7-7092-59eaeaae4af9		133b8c07a3edcaa7709259eaeaae4af9
decode	0123456789abcdef	133b8c07a3edcaa7709259eaeaae4af9	0	133b8c07-a3ed-caa7-7092-59eaeaae4af9
encode	0123456789abcdef	7010d059-c0ce-0eff-8f45-5463162ba090		7010d059c0ce0eff8f455463162ba090
decode	0123456789abcdef	7010d059c0ce0eff8f455463162ba090	0	7010d059-c0ce-0eff-8f45-5463162ba090
encode	0123456789abcdef	8eb76864-8fc0-15f2-7a42-08ce78fcb820		8eb768648fc015f27a4208ce78fcb820
decode	0123456789abcdef	8eb768648fc015f27a4208ce78fcb820	0	8eb76864-8fc0-15f2-7a42-08ce78fcb820
encode	0123456789abcdef	7ee252cc-72a5-09e3-3c0a-a5c0f8d1e706		7ee252cc72a509e33c0aa5c0f8d1e706
decode	0123456789abcdef	7ee252cc72a509e33c0aa5c0f8d1e706	0	7ee252cc-72a5-09e3-3c0a-a5c0f8d1e706
encode	0123456789abcdef	05cbe1b0-d1b1-30eb-c09b-d70ee03587da		05cbe1b0d1b130ebc09bd70ee03587da
decode	0123456789abcdef	05cbe1b0d1b130ebc09bd70ee03587da	0	05cbe1b0-d1b1-30eb-c09b-d70ee03587da
encode	0123456789abcdef	21ee12e6-49f2-628f-2d5e-042ef95c7b5d		21ee12e649f2628f2d5e042ef95c7b5d
decode	0123456789abcdef	21ee12e649f2628f2d5e042ef95c7b5d	0	21ee12e6-49f2-628f-2d5e-042ef95c7b5d
encode	0123456789abcdef	9f9956ea-214d-529a-e4d6-183a99964df2		9f9956ea214d529ae4d6183a99964df2
decode	0123456789abcdef	9f9956ea214d529ae4d6183a99964df2	0	9f9956ea-214d-529a-e4d6-183a99964df2
encode	0123456789abcdef	ee14484b-dd9f-32ad-88eb-18448c0ba5a6		ee14484bdd9f32ad88eb18448c0ba5a6
decode	0123456789abcdef	ee14484bdd9f32ad88eb18448c0ba5a6	0	ee14484b-dd9f-32ad-88eb-18448c0ba5a6
encode	0123456789abcdef	1fa77d5e-c532-fcde-3fe7-74fd94baf0d1		1fa77d5ec532fcde3fe774fd94baf0d1
decode	0123456789abcdef	1fa77d5ec532fcde3fe774fd94baf0d1	0	1fa77d5e-c532-fcde-3fe7-74fd94baf0d1
encode	0123456789abcdef	daa40bb5-e44e-cbcb-2d52-8bbac1d76a2f		daa40bb5e44ecbcb2d528bbac1d76a2f
decode	0123456789abcdef	daa40bb5e44ecbcb2d528bbac1d76a2f	0	daa40bb5-e44e-cbcb-2d52-8bbac1d76a2f
encode	0123456789abcdef	f1102ed0-b9e7-6165-380e-3ce95793a730		f1102ed0b9e76165380e3ce95793a730
decode	0123456789abcdef	f1102ed0b9e76165380e3ce95793a730	0	f1102ed0-b9e7-6165-380e-3ce95793a730
encode	0123456789abcdef	4f9eda6c-12a9-fbc2-b17c-7a35b75477f1		4f9eda6c12a9fbc2b17c7a35b75477f1
decode	0123456789abcdef	4f9eda6c12a9fbc2b17c7a35b75477f1	0	4f9eda6c-12a9-fbc2-b17c-7a35b75477f1
encode	0123456789abcdef	c6ba0de4-ce14-dcfc-1c6b-b93feacfb5cf		c6ba0de4ce14dcfc1c6bb93feacfb5cf
decode	0123456789abcdef	c6ba0de4ce14dcfc1c6bb93feacfb5cf	0	c6ba0de4-ce14-dcfc-1c6b-b93feacfb5cf
encode	0123456789abcdef	a3a48bb7-c56d-2072-5dda-48f839208879		a3a48bb7c56d20725dda48f839208879
decode	0123456789abcdef	a3a48bb7c56d20725dda48f839208879	0	a3a48bb7-c56d-2072-5dda-48f839208879
encode	0123456789abcdef	7f4feee8-f8e9-6aa1-f230-59c8fc960d14		7f4feee8f8e96aa1f23059c8fc960d14
decode	0123456789abcdef	7f4feee8f8e96aa1f23059c8fc960d14	0	7f4feee8-f8e9-6aa1-f230-59c8fc960d14
encode	0123456789abcdef	26f75811-03ad-0e22-ef4b-d0967ba70a9b		26f7581103ad0e22ef4bd0967ba70a9b
decode	0123456789abcdef	26f7581103ad0e22ef4bd0967ba70a9b	0	26f75811-03ad-0e22-ef4b-d0967ba70a9b
encode	0123456789abcdef	2dd26ed5-4913-0ab2-93da-c0c79a9c210a		2dd26ed549130ab293dac0c79a9c210a
decode	0123456789abcdef	2dd26ed549130ab293dac0c79a9c210a	0	2dd26ed5-4913-0ab2-93da-c0c79a9c210a
encode	0123456789abcdef	e5eadcce-2b29-1438-086d-db77374fbccb		e5eadcce2b291438086ddb77374fbccb
decode	0123456789abcdef	e5eadcce2b291438086ddb77374fbccb	0	e5eadcce-2b29-1438-086d-db77374fbccb
encode	0123456789abcdef	92f6ed91-e292-83b8-3112-d834f4d27427		92f6ed91e29283b83112d834f4d27427
decode	0123456789abcdef	92f6ed91e29283b83112d834f4d27427	0	92f6ed91-e292-83b8-3112-d834f4d27427
encode	0123456789abcdef	a6ed415f-a80c-7f4b-bbc2-17ebd73463b4		a6ed415fa80c7f4bbbc217ebd73463b4
decode	0123456789abcdef	a6ed415fa80c7f4bbbc217ebd73463b4	0	a6ed415f-a80c-7f4b-bbc2-17ebd73463b4
encode	0123456789abcdef	9c89e388-285e-631d-9ed3-8ad1386d1823		9c89e388285e631d9ed38ad1386d1823
decode	0123456789abcdef	9c89e388285e631d9ed38ad1386d1823	0	9c89e388-285e-631d-9ed3-8ad1386d1823
encode	0123456789abcdef	0a4e8238-ae4c-9e39-c779-6074bbbab76b		0a4e8238ae4c9e39c7796074bbbab76b
decode	0123456789abcdef	0a4e8238ae4c9e39c7796074bbbab76b	0	0a4e8238-ae4c-9e39-c779-6074bbbab76b
encode	0123456789abcdef	736dd6a3-d3f2-5bac-d847-3b8be8eac34c		736dd6a3d3f25bacd8473b8be8eac34c
decode	0123456789abcdef	736dd6a3d3f25bacd8473b8be8eac34c	0	736dd6a3-d3f2-5bac-d847-3b8be8eac34c
encode	0123456789abcdef	f6b0d55a-81fe-4402-3494-747251b4ddf4		f6b0d55a81fe44023494747251b4ddf4
decode	0123456789abcdef	f6b0d55a81fe44023494747251b4ddf4	0	f6b0d55a-81fe-4402-3494-747251b4ddf4
encode	0123456789abcdef	7a15f31f-f6b3-d7f4-1523-39ef819334e7		7a15f31ff6b3d7f4152339ef819334e7
decode	0123456789abcdef	7a15f31ff6b3d7f4152339ef819334e7	0	7a15f31f-f6b3-d7f4-1523-39ef819334e7
encode	0123456789abcdef	76eb6eeb-9b31-f36c-c6e4-667a89a7ed8f		76eb6eeb9b31f36cc6e4667a89a7ed8f
decode	0123456789abcdef	76eb6eeb9b31f36cc6e4667a89a7ed8f	0	76eb6eeb-9b31-f36c-c6e4-667a89a7ed8f
encode	0123456789abcdef	6be5b61a-ec5d-9e8b-8a25-ba13776e6cf0		6be5b61aec5d9e8b8a25ba13776e6cf0
decode	0123456789abcdef	6be5b61aec5d9e8b8a25ba13776e6cf0	0	6be5b61a-ec5d-9e8b-8a25-ba13776e6cf0
encode	0123456789abcdef	187f1a34-2473-7dc0-e378-525d9d36f116		187f1a3424737dc0e378525d9d36f116
decode	0123456789abcdef	187f1a3424737dc0e378525d9d36f116	0	187f1a34-2473-7dc0-e378-525d9d36f116
encode	0123456789abcdef	79878a22-b87d-7a81-5f85-6e2e03c95d23		79878a22b87d7a815f856e2e03c95d23
decode	0123456789abcdef	79878a22b87d7a815f856e2e03c95d23	0	79878a22-b87d-7a81-5f85-6e2e03c95d23
encode	0123456789abcdef	87387302-a878-8840-f6d5-a38fd2fb7a52		87387302a8788840f6d5a38fd2fb7a52
decode	0123456789abcdef	87387302a8788840f6d5a38fd2fb7a52	0	87387302-a878-8840-f6d5-a38fd2fb7a52
encode	0123456789abcdef	f353c3e0-7c37-e8df-c0d9-338b874065a9		f353c3e07c37e8dfc0d9338b874065a9
decode	0123456789abcdef	f353c3e07c37e8dfc0d9338b874065a9	0	f353c3e0-7c37-e8df-c0d9-338b874065a9
encode	0123456789abcdef	a0ba946e-43c0-69ee-1cb5-2e7c47c9474b		a0ba946e43c069ee1cb52e7c47c9474b
decode	0123456789abcdef	a0ba946e43c069ee1cb52e7c47c9474b	0	a0ba946e-43c0-69ee-1cb5-2e7c47c9474b
encode	0123456789abcdef	7e8ec753-52d1-8626-88c5-6b738aae6d12		7e8ec75352d1862688c56b738aae6d12
decode	0123456789abcdef	7e8ec75352d1862688c56b738aae6d12	0	7e8ec753-52d1-8626-88c5-6b738aae6d12
encode	0123456789abcdef	09c47b15-8942-97aa-f730-b650c6411f69		09c47b15894297aaf730b650c6411f69
decode	0123456789abcdef	09c47b15894297aaf730b650c6411f69	0	09c47b15-8942-97aa-f730-b650c6411f69
encode	0123456789abcdef	d6d318c6-f315-585d-f3bd-8d09ef1ad3c3		d6d318c6f315585df3bd8d09ef1ad3c3
decode	0123456789abcdef	d6d318c6f315585df3bd8d09ef1ad3c3	0	d6d318c6-f315-585d-f3bd-8d09ef1ad3c3
encode	0123456789abcdef	6646b32c-2010-6790-91bf-0fe3e9065fb4		6646b32c2010679091bf0fe3e9065fb4
decode	0123456789abcdef	6646b32c2010679091bf0fe3e9065fb4	0	6646b32c-2010-6790-91bf-0fe3e9065fb4
encode	0123456789abcdef	14c82074-f58f-cd64-7f22-6bb5cd02d318		14c82074f58fcd647f226bb5cd02d318
decode	0123456789abcdef	14c82074f58fcd647f226bb5cd02d318	0	14c82074-f58f-cd64-7f22-6bb5cd02d318
encode	0123456789abcdef	7a1cec38-55e7-1fd1-9394-2c7ac7c699d1		7a1cec3855e71fd193942c7ac7c699d1
decode	0123456789abcdef	7a1cec3855e71fd193942c7ac7c699d1	0	7a1cec38-55e7-1fd1-9394-2c7ac7c699d1
encode	0123456789abcdef	7b527b8a-e790-5571-84e4-b5fa8984baad		7b527b8ae790557184e4b5fa8984baad
decode	0123456789abcdef	7b527b8ae790557184e4b5fa8984baad	0	7b527b8a-e790-5571-84e4-b5fa8984baad
encode	0123456789abcdef	c06ac6fd-dbcc-8dcd-4a17-9da2037aff39		c06ac6fddbcc8dcd4a179da2037aff39
decode	0123456789abcdef	c06ac6fddbcc8dcd4a179da2037aff39	0	c06ac6fd-dbcc-8dcd-4a17-9da2037aff39
encode	0123456789abcdef	3a494b3d-d7f9-8d3d-2865-6a44aad839e5		3a494b3dd7f98d3d28656a44aad839e5
decode	0123456789abcdef	3a494b3dd7f98d3d28656a44aad839e5	0	3a494b3d-d7f9-8d3d-2865-6a44aad839e5
encode	0123456789abcdef	8bb04f64-a353-de5f-3a38-a60c87fa7693		8bb04f64a353de5f3a38a60c87fa7693
decode	0123456789abcdef	8bb04f64a353de5f3a38a60c87fa7693	0	8bb04f64-a353-de5f-3a38-a60c87fa7693
encode	0123456789abcdef	0c67cddd-e0d5-d566-62c6-0ccd5506ae2c		0c67cddde0d5d56662c60ccd5506ae2c
decode	0123456789abcdef	0c67cddde0d5d56662c60ccd5506ae2c	0	0c67cddd-e0d5-d566-62c6-0ccd5506ae2c
encode	0123456789abcdef	6a6837ad-c6ee-71b8-4c0e-0da721063bfc		6a6837adc6ee71b84c0e0da721063bfc
decode	0123456789abcdef	6a6837adc6ee71b84c0e0da721063bfc	0	6a6837ad-c6ee-71b8-4c0e-0da721063bfc
encode	0123456789abcdef	614ea323-6f85-28b9-37a7-9b65597bacab		614ea3236f8528b937a79b65597bacab
decode	0123456789abcdef	614ea3236f8528b937a79b65597bacab	0	614ea323-6f85-28b9-37a7-9b65597bacab
encode	0123456789abcdef	fe999a0a-2d2f-bbf3-81ca-5c5a6441927f		fe999a0a2d2fbbf381ca5c5a6441927f
decode	0123456789abcdef	fe999a0a2d2fbbf381ca5c5a6441927f	0	fe999a0a-2d2f-bbf3-81ca-5c5a6441927f
encode	0123456789abcdef	ded7d9df-e24a-90e9-1c6e-17e81382ab2b		ded7d9dfe24a90e91c6e17e81382ab2b
decode	0123456789abcdef	ded7d9dfe24a90e91c6e17e81382ab2b	0	ded7d9df-e24a-90e9-1c6e-17e81382ab2b
encode	0123456789abcdef	a33663f7-e4ce-80b8-f7a4-4f73356a338c		a33663f7e4ce80b8f7a44f73356a338c
decode	0123456789abcdef	a33663f7e4ce80b8f7a44f73356a338c	0	a33663f7-e4ce-80b8-f7a4-4f73356a338c
encode	0123456789abcdef	532ef818-ef99-8b01-f9b6-a818d97bc4c6		532ef818ef998b01f9b6a818d97bc4c6
decode	0123456789abcdef	532ef818ef998b01f9b6a818d97bc4c6	0	532ef818-ef99-8b01-f9b6-a818d97bc4c6
encode	0123456789abcdef	06019b24-66fb-2dd3-934d-66505e0abb71		06019b2466fb2dd3934d66505e0abb71
decode	0123456789abcdef	06019b2466fb2dd3934d66505e0abb71	0	06019b24-66fb-2dd3-934d-66505e0abb71
encode	0123456789abcdef	8f445d88-515f-2c79-9a1d-9a8ee10ad3b7		8f445d88515f2c799a1d9a8ee10ad3b7
decode	0123456789abcdef	8f445d88515f2c799a1d9a8ee10ad3b7	0	8f445d88-515f-2c79-9a1d-9a8ee10ad3b7
encode	0123456789abcdef	0f66bd88-1e1d-06ee-fc46-01752e30aff9		0f66bd881e1d06eefc4601752e30aff9
decode	0123456789abcdef	0f66bd881e1d06eefc4601752e30aff9	0	0f66bd88-1e1d-06ee-fc46-01752e30aff9
encode	0123456789abcdef	f71a95c2-cb96-ecda-847b-c1e50b5ac0f6		f71a95c2cb96ecda847bc1e50b5ac0f6
decode	0123456789abcdef	f71a95c2cb96ecda847bc1e50b5ac0f6	0	f71a95c2-cb96-ecda-847b-c1e50b5ac0f6
encode	0123456789abcdef	6f6ad73d-5f7c-5562-b448-9a5223efb195		6f6ad73d5f7c5562b4489a5223efb195
decode	0123456789abcdef	6f6ad73d5f7c5562b4489a5223efb195	0	6f6ad73d-5f7c-5562-b448-9a5223efb195
encode	0123456789abcdef	a4ac969c-13c1-eb82-5551-9b901fb2e346		a4ac969c13c1eb8255519b901fb2e346
decode	0123456789abcdef	a4ac969c13c1eb8255519b901fb2e346	0	a4ac969c-13c1-eb82-5551-9b901fb2e346
encode	0123456789abcdef	b67f8b24-dcd6-ae04-81a9-ec92166a21f8		b67f8b24dcd6ae0481a9ec92166a21f8
decode	0123456789abcdef	b67f8b24dcd6ae0481a9ec92166a21f8	0	b67f8b24-dcd6-ae04-81a9-ec92166a21f8
encode	0123456789abcdef	b745fa16-2107-7b20-4603-597f592a06a1		b745fa1621077b204603597f592a06a1
decode	0123456789abcdef	b745fa1621077b204603597f592a06a1	0	b745fa16-2107-7b20-4603-597f592a06a1
encode	0123456789abcdef	a996d836-060e-ca52-09eb-e9df9d875c72		a996d836060eca5209ebe9df9d875c72
decode	0123456789abcdef	a996d836060eca5209ebe9df9d875c72	0	a996d836-060e-ca52-09eb-e9df9d875c72
encode	0123456789abcdef	815c0e0b-f013-45c6-9741-1fe941094cc6		815c0e0bf01345c697411fe941094cc6
decode	0123456789abcdef	815c0e0bf01345c697411fe941094cc6	0	815c0e0b-f013-45c6-9741-1fe941094cc6
encode	0123456789abcdef	b70fee5b-96b5-56cf-f576-b7c611b50927		b70fee5b96b556cff576b7c611b50927
decode	0123456789abcdef	b70fee5b96b556cff576b7c611b50927	0	b70fee5b-96b5-56cf-f576-b7c611b50927
encode	0123456789abcdef	f71de434-ffcf-0976-8751-916dced9aedb		f71de434ffcf09768751916dced9aedb
decode	0123456789abcdef	f71de434ffcf09768751916dced9aedb	0	f71de434-ffcf-0976-8751-916dced9aedb
encode	0123456789abcdef	2a15d37b-cb3e-c5ea-eb7f-b59993eac28d		2a15d37bcb3ec5eaeb7fb59993eac28d
decode	0123456789abcdef	2a15d37bcb3ec5eaeb7fb59993eac28d	0	2a15d37b-cb3e-c5ea-eb7f-b59993eac28d
encode	0123456789abcdef	dad28fe1-1502-0e0f-6bb0-a5d64400a995		dad28fe115020e0f6bb0a5d64400a995
decode	0123456789abcdef	dad28fe115020e0f6bb0a5d64400a995	0	dad28fe1-1502-0e0f-6bb0-a5d64400a995
encode	0123456789abcdef	74dd183f-4b98-48ef-e7be-9efde4b1744f		74dd183f4b9848efe7be9efde4b1744f
decode	0123456789abcdef	74dd183f4b9848efe7be9efde4b1744f	0	74dd183f-4b98-48ef-e7be-9efde4b1744f
encode	0123456789abcdef	1be20b7e-5c3f-2d2a-bac9-b0f5261837f9		1be20b7e5c3f2d2abac9b0f5261837f9
decode	0123456789abcdef	1be20b7e5c3f2d2abac9b0f5261837f9	0	1be20b7e-5c3f-2d2a-bac9-b0f5261837f9
encode	0123456789abcdef	0f03403d-79e8-b30a-f08a-86fe244f93d5		0f03403d79e8b30af08a86fe244f93d5
decode	0123456789abcdef	0f03403d79e8b30af08a86fe244f93d5	0	0f03403d-79e8-b30a-f08a-86fe244f93d5
encode	0123456789abcdef	1c7c78bb-bfd3-167c-0b07-f4183365f780		1c7c78bbbfd3167c0b07f4183365f780
decode	0123456789abcdef	1c7c78bbbfd3167c0b07f4183365f780	0	1c7c78bb-bfd3-167c-0b07-f4183365f780
encode	0123456789abcdef	c1766550-dc2c-c1e5-3d5d-0773905542bf		c1766550dc2cc1e53d5d0773905542bf
decode	0123456789abcdef	c1766550dc2cc1e53d5d0773905542bf	0	c1766550-dc2c-c1e5-3d5d-0773905542bf
encode	0123456789abcdef	a95fefad-f99f-cbb7-26b6-142adae8529e		a95fefadf99fcbb726b6142adae8529e
decode	0123456789abcdef	a95fefadf99fcbb726b6142adae8529e	0	a95fefad-f99f-cbb7-26b6-142adae8529e
encode	0123456789abcdef	d4df9a1b-66a6-2cde-26b1-310382a731dc		d4df9a1b66a62cde26b1310382a731dc
decode	0123456789abcdef	d4df9a1b66a62cde26b1310382a731dc	0	d4df9a1b-66a6-2cde-26b1-310382a731dc
encode	0123456789abcdef	c80bdbcf-31dd-0246-6bed-b1c63296a918		c80bdbcf31dd02466bedb1c63296a918
decode	0123456789abcdef	c80bdbcf31dd02466bedb1c63296a918	0	c80bdbcf-31dd-0246-6bed-b1c63296a918
encode	0123456789abcdef	1af8f75c-a210-2bfb-0a8f-9da2ea908ec4		1af8f75ca2102bfb0a8f9da2ea908ec4
decode	0123456789abcdef	1af8f75ca2102bfb0a8f9da2ea908ec4	0	1af8f75c-a210-2bfb-0a8f-9da2ea908ec4
encode	0123456789abcdef	237aeec3-3ad3-4746-1500-ec2599862cda		237aeec33ad347461500ec2599862cda
decode	0123456789abcdef	237aeec33ad347461500ec2599862cda	0	237aeec3-3ad3-4746-1500-ec2599862cda
encode	0123456789abcdef	43ba253a-c511-1a3b-382c-3027721be5ac		43ba253ac5111a3b382c3027721be5ac
decode	0123456789abcdef	43ba253ac5111a3b382c3027721be5ac	0	43ba253a-c511-1a3b-382c-3027721be5ac
encode	0123456789abcdef	da0bb7ea-0c6f-cde6-6e95-71f0842fca11		da0bb7ea0c6fcde66e9571f0842fca11
decode	0123456789abcdef	da0bb7ea0c6fcde66e9571f0842fca11	0	da0bb7ea-0c6f-cde6-6e95-71f0842fca11
encode	0123456789abcdef	9cec4548-1e83-e93f-a059-b57099da6947		9cec45481e83e93fa059b57099da6947
decode	0123456789abcdef	9cec45481e83e93fa059b57099da6947	0	9cec4548-1e83-e93f-a059-b57099da6947
encode	0123456789abcdef	4f009570-9391-91d8-7cb1-7c30b1b26999		4f009570939191d87cb17c30b1b26999
decode	0123456789abcdef	4f009570939191d87cb17c30b1b26999	0	4f009570-9391-91d8-7cb1-7c30b1b26999
encode	0123456789abcdef	59dc19cf-5d88-4fcf-db90-e56885f8b3ff		59dc19cf5d884fcfdb90e56885f8b3ff
decode	0123456789abcdef	59dc19cf5d884fcfdb90e56885f8b3ff	0	59dc19cf-5d88-4fcf-db90-e56885f8b3ff
encode	0123456789abcdef	d9ab311a-0ec4-ec58-1f09-036e0f87d3f6		d9ab311a0ec4ec581f09036e0f87d3f6
decode	0123456789abcdef	d9ab311a0ec4ec581f09036e0f87d3f6	0	d9ab311a-0ec4-ec58-1f09-036e0f87d3f6
encode	0123456789abcdef	56dcdcc8-bbf7-8fdf-3923-ee64fa0869d8		56dcdcc8bbf78fdf3923ee64fa0869d8
decode	0123456789abcdef	56dcdcc8bbf78fdf3923ee64fa0869d8	0	56dcdcc8-bbf7-8fdf-3923-ee64fa0869d8
encode	0123456789abcdef	6822abe0-45eb-291f-eb11-77b8a38aa0b6		6822abe045eb291feb1177b8a38aa0b6
decode	0123456789abcdef	6822abe045eb291feb1177b8a38aa0b6	0	6822abe0-45eb-291f-eb11-77b8a38aa0b6
encode	0123456789abcdef	84dd9620-7782-e9bc-13e2-3d80943c73c2		84dd96207782e9bc13e23d80943c73c2
decode	0123456789abcdef	84dd96207782e9bc13e23d80943c73c2	0	84dd9620-7782-e9bc-13e2-3d80943c73c2
encode	0123456789abcdef	b3486218-c686-636b-448a-f24b226c1608		b3486218c686636b448af24b226c1608
decode	0123456789abcdef	b3486218c686636b448af24b226c1608	0	b3486218-c686-636b-448a-f24b226c1608
encode	0123456789abcdef	ea4f0e68-6b15-3758-f226-08263b130f99		ea4f0e686b153758f22608263b130f99
decode	0123456789abcdef	ea4f0e686b153758f22608263b130f99	0	ea4f0e68-6b15-3758-f226-08263b130f99
encode	0123456789abcdef	9b627f34-b98c-a8d1-dcc9-142ecd382d7e		9b627f34b98ca8d1dcc9142ecd382d7e
decode	0123456789abcdef	9b627f34b98ca8d1dcc9142ecd382d7e	0	9b627f34-b98c-a8d1-dcc9-142ecd382d7e
encode	0123456789abcdef	2c8c55ce-506e-80fb-c732-b6634a18fa6d		2c8c55ce506e80fbc732b6634a18fa6d
decode	0123456789abcdef	2c8c55ce506e80fbc732b6634a18fa6d	0	2c8c55ce-506e-80fb-c732-b6634a18fa6d
encode	0123456789abcdef	b6240859-bfc8-9f39-f30a-3835e3deb3c1		b6240859bfc89f39f30a3835e3deb3c1
decode	0123456789abcdef	b6240859bfc89f39f30a3835e3deb3c1	0	b6240859-bfc8-9f39-f30a-3835e3deb3c1
encode	0123456789abcdef	03d67d0d-7060-7e49-53ae-3b9fee9e163a		03d67d0d70607e4953ae3b9fee9e163a
decode	0123456789abcdef	03d67d0d70607e4953ae3b9fee9e163a	0	03d67d0d-7060-7e49-53ae-3b9fee9e163a
encode	0123456789abcdef	8ae5095f-6474-63ba-c66a-4b11118103be		8ae5095f647463bac66a4b11118103be
decode	0123456789abcdef	8ae5095f647463bac66a4b11118103be	0	8ae5095f-6474-63ba-c66a-4b11118103be
encode	0123456789abcdef	b5c18a8f-276d-5d75-a177-931db24fa8f0		b5c18a8f276d5d75a177931db24fa8f0
decode	0123456789abcdef	b5c18a8f276d5d75a177931db24fa8f0	0	b5c18a8f-276d-5d75-a177-931db24fa8f0
encode	0123456789abcdef	531ea177-076d-cdf5-af08-2c48ff809e77		531ea177076dcdf5af082c48ff809e77
decode	0123456789abcdef	531ea177076dcdf5af082c48ff809e77	0	531ea177-076d-cdf5-af08-2c48ff809e77
encode	0123456789abcdef	7a6edc4e-8097-0fd1-507e-46fffa4622dd		7a6edc4e80970fd1507e46fffa4622dd
decode	0123456789abcdef	7a6edc4e80970fd1507e46fffa4622dd	0	7a6edc4e-8097-0fd1-507e-46fffa4622dd
encode	0123456789abcdef	8b7eac61-8224-a48a-7bd3-ed05a8e2a8f3		8b7eac618224a48a7bd3ed05a8e2a8f3
decode	0123456789abcdef	8b7eac618224a48a7bd3ed05a8e2a8f3	0	8b7eac61-8224-a48a-7bd3-ed05a8e2a8f3
encode	0123456789abcdef	1eae1492-18cf-803d-89d7-cc48a62b270e		1eae149218cf803d89d7cc48a62b270e
decode	0123456789abcdef	1eae149218cf803d89d7cc48a62b270e	0	1eae1492-18cf-803d-89d7-cc48a62b270e
encode	0123456789abcdef	315dcaa9-f963-f103-eb91-d857585901ec		315dcaa9f963f103eb91d857585901ec
decode	0123456789abcdef	315dcaa9f963f103eb91d857585901ec	0	315dcaa9-f963-f103-eb91-d857585901ec
encode	0123456789abcdef	e0be7e16-36e8-d5bf-f98a-2eac3653a95d		e0be7e1636e8d5bff98a2eac3653a95d
decode	0123456789abcdef	e0be7e1636e8d5bff98a2eac3653a95d	0	e0be7e16-36e8-d5bf-f98a-2eac3653a95d
encode	0123456789abcdef	bfbde60a-7646-c30f-fd55-4847ac4ae9a8		bfbde60a7646c30ffd554847ac4ae9a8
decode	0123456789abcdef	bfbde60a7646c30ffd554847ac4ae9a8	0	bfbde60a-7646-c30f-fd55-4847ac4ae9a8
encode	0123456789abcdef	c8d00b72-19ef-285b-803b-cf94c60bf8ae		c8d00b7219ef285b803bcf94c60bf8ae
decode	0123456789abcdef	c8d00b7219ef285b803bcf94c60bf8ae	0	c8d00b72-19ef-285b-803b-cf94c60bf8ae
encode	0123456789abcdef	b8f91db3-380f-bf40-f611-d5f98fed538a		b8f91db3380fbf40f611d5f98fed538a
decode	0123456789abcdef	b8f91db3380fbf40f611d5f98fed538a	0	b8f91db3-380f-bf40-f611-d5f98fed538a
encode	0123456789abcdef	73701f53-1015-0f7c-30b5-fa797a77e346		73701f5310150f7c30b5fa797a77e346
decode	0123456789abcdef	73701f5310150f7c30b5fa797a77e346	0	73701f53-1015-0f7c-30b5-fa797a77e346
encode	0123456789abcdef	c7771de1-1f20-a0b7-e550-4c7b59662501		c7771de11f20a0b7e5504c7b59662501
decode	0123456789abcdef	c7771de11f20a0b7e5504c7b59662501	0	c7771de1-1f20-a0b7-e550-4c7b59662501
encode	0123456789abcdef	b6313282-db3e-b881-d866-ca4c6ac033f9		b6313282db3eb881d866ca4c6ac033f9
decode	0123456789abcdef	b6313282db3eb881d866ca4c6ac033f9	0	b6313282-db3e-b881-d866-ca4c6ac033f9
encode	0123456789abcdef	0a47b5e6-ce26-4c4e-e649-8978693671f5		0a47b5e6ce264c4ee6498978693671f5
decode	0123456789abcdef	0a47b5e6ce264c4ee6498978693671f5	0	0a47b5e6-ce26-4c4e-e649-8978693671f5
encode	0123456789abcdef	bb00899b-3e7f-b19d-a607-8cf3f93b83c4		bb00899b3e7fb19da6078cf3f93b83c4
decode	0123456789abcdef	bb00899b3e7fb19da6078cf3f93b83c4	0	bb00899b-3e7f-b19d-a607-8cf3f93b83c4
encode	0123456789abcdef	ce8bf08d-7932-6f6e-8ebf-710ad19bf57d		ce8bf08d79326f6e8ebf710ad19bf57d
decode	0123456789abcdef	ce8bf08d79326f6e8ebf710ad19bf57d	0	ce8bf08d-7932-6f6e-8ebf-710ad19bf57d
encode	0123456789abcdef	349ede0a-7f75-1e13-43c0-53dbee385cd3		349ede0a7f751e1343c053dbee385cd3
decode	0123456789abcdef	349ede0a7f751e1343c053dbee385cd3	0	349ede0a-7f75-1e13-43c0-53dbee385cd3
encode	0123456789abcdef	83cc8000-71e8-8af3-2e50-b0b52a66bdc9		83cc800071e88af32e50b0b52a66bdc9
decode	0123456789abcdef	83cc800071e88af32e50b0b52a66bdc9	0	83cc8000-71e8-8af3-2e50-b0b52a66bdc9
encode	0123456789abcdef	a1922240-132d-34a0-2964-0dcb84b35c7e		a1922240132d34a029640dcb84b35c7e
decode	0123456789abcdef	a1922240132d34a029640dcb84b35c7e	0	a1922240-132d-34a0-2964-0dcb84b35c7e
encode	0123456789abcdef	5715cc88-9ce5-876c-ea2c-7b713af13db1		5715cc889ce5876cea2c7b713af13db1
decode	0123456789abcdef	5715cc889ce5876cea2c7b713af13db1	0	5715cc88-9ce5-876c-ea2c-7b713af13db1
encode	0123456789abcdef	c328b538-2de9-80b9-2c7a-c180372b82bd		c328b5382de980b92c7ac180372b82bd
decode	0123456789abcdef	c328b5382de980b92c7ac180372b82bd	0	c328b538-2de9-80b9-2c7a-c180372b82bd
encode	0123456789abcdef	1fdc6b09-06fc-934e-93dd-1f1be22d250a		1fdc6b0906fc934e93dd1f1be22d250a
decode	0123456789abcdef	1fdc6b0906fc934e93dd1f1be22d250a	0	1fdc6b09-06fc-934e-93dd-1f1be22d250a
encode	0123456789abcdef	b3badd5a-5fa9-6a1e-1c5e-62e6c14a495d		b3badd5a5fa96a1e1c5e62e6c14a495d
decode	0123456789abcdef	b3badd5a5fa96a1e1c5e62e6c14a495d	0	b3badd5a-5fa9-6a1e-1c5e-62e6c14a495d
encode	0123456789abcdef	d2047219-721b-c828-2eeb-8c2f54678256		d2047219721bc8282eeb8c2f54678256
decode	0123456789abcdef	d2047219721bc8282eeb8c2f54678256	0	d2047219-721b-c828-2eeb-8c2f54678256
encode	0123456789abcdef	6cacc8da-4875-d1c8-c7f8-dd0577530bf4		6cacc8da4875d1c8c7f8dd0577530bf4
decode	0123456789abcdef	6cacc8da4875d1c8c7f8dd0577530bf4	0	6cacc8da-4875-d1c8-c7f8-dd0577530bf4
encode	0123456789abcdef	c8778f68-2e1f-22ef-12d8-b50512618a95		c8778f682e1f22ef12d8b50512618a95
decode	0123456789abcdef	c8778f682e1f22ef12d8b50512618a95	0	c8778f68-2e1f-22ef-12d8-b50512618a95
encode	0123456789abcdef	993a826b-a7f2-21d7-c0ef-792b4df4c27e		993a826ba7f221d7c0ef792b4df4c27e
decode	0123456789abcdef	993a826ba7f221d7c0ef792b4df4c27e	0	993a826b-a7f2-21d7-c0ef-792b4df4c27e
encode	0123456789abcdef	2ad865eb-8621-decb-fc23-4aa89f2975dc		2ad865eb8621decbfc234aa89f2975dc
decode	0123456789abcdef	2ad865eb8621decbfc234aa89f2975dc	0	2ad865eb-8621-decb-fc23-4aa89f2975dc
encode	0123456789abcdef	13ad3789-7de4-6bbf-9c1a-93fa437af6e1		13ad37897de46bbf9c1a93fa437af6e1
decode	0123456789abcdef	13ad37897de46bbf9c1a93fa437af6e1	0	13ad3789-7de4-6bbf-9c1a-93fa437af6e1
encode	0123456789abcdef	a8de2997-9683-bbbf-4239-3dac47546fe9		a8de29979683bbbf42393dac47546fe9
decode	0123456789abcdef	a8de29979683bbbf42393dac47546fe9	0	a8de2997-9683-bbbf-4239-3dac47546fe9
encode	0123456789abcdef	d8608453-7a66-48e4-0cfd-1cfb1e90003e		d86084537a6648e40cfd1cfb1e90003e
decode	0123456789abcdef	d86084537a6648e40cfd1cfb1e90003e	0	d8608453-7a66-48e4-0cfd-1cfb1e90003e
encode	0123456789abcdef	b3ebdb05-3c8e-2c5a-6071-6c37b99a7068		b3ebdb053c8e2c5a60716c37b99a7068
decode	0123456789abcdef	b3ebdb053c8e2c5a60716c37b99a7068	0	b3ebdb05-3c8e-2c5a-6071-6c37b99a7068
encode	0123456789abcdef	c5eae9ba-efa6-2bfc-c5cb-e539b22f1463		c5eae9baefa62bfcc5cbe539b22f1463
decode	0123456789abcdef	c5eae9baefa62bfcc5cbe539b22f1463	0	c5eae9ba-efa6-2bfc-c5cb-e539b22f1463
encode	0123456789abcdef	a2447109-2afa-f75f-306a-b0fe37f78118		a24471092afaf75f306ab0fe37f78118
decode	0123456789abcdef	a24471092afaf75f306ab0fe37f78118	0	a2447109-2afa-f75f-306a-b0fe37f78118
encode	0123456789abcdef	f10ef275-4435-6deb-e2c8-e8c54f29cba0		f10ef27544356debe2c8e8c54f29cba0
decode	0123456789abcdef	f10ef27544356debe2c8e8c54f29cba0	0	f10ef275-4435-6deb-e2c8-e8c54f29cba0
encode	0123456789abcdef	7d20e059-e252-9d0a-a402-0d7167b30f16		7d20e059e2529d0aa4020d7167b30f16
decode	0123456789abcdef	7d20e059e2529d0aa4020d7167b30f16	0	7d20e059-e252-9d0a-a402-0d7167b30f16
encode	0123456789abcdef	468feb84-fc76-620f-b37a-6be95de3a8d9		468feb84fc76620fb37a6be95de3a8d9
decode	0123456789abcdef	468feb84fc76620fb37a6be95de3a8d9	0	468feb84-fc76-620f-b37a-6be95de3a8d9
encode	0123456789abcdef	79da2567-99ca-3890-f09b-231518303c33		79da256799ca3890f09b231518303c33
decode	0123456789abcdef	79da256799ca3890f09b231518303c33	0	79da2567-99ca-3890-f09b-231518303c33
encode	0123456789abcdef	f6af614b-7836-7b15-f778-566a1802bca8		f6af614b78367b15f778566a1802bca8
decode	0123456789abcdef	f6af614b78367b15f778566a1802bca8	0	f6af614b-7836-7b15-f778-566a1802bca8
encode_pad	0123456789abcdef	8475bf6b-683a-d898-35c8-0ccb40538ed4	1	8475bf6b683ad89835c80ccb40538ed4
encode_pad	0123456789abcdef	469a792c-3017-71c1-311b-3760c14e539a	5	469a792c301771c1311b3760c14e539a
encode_pad	0123456789abcdef	16502ccc-70ab-2ad1-6dc5-285807f145b1	22	16502ccc70ab2ad16dc5285807f145b1
encode_pad	0123456789abcdef	6af85147-9637-51c7-fb58-c8f78ed36103	40	000000006af85147963751c7fb58c8f78ed36103
decode	0123456789abcdef	7	0	00000000-0000-0000-0000-000000000007
decode	0123456789abcdef	70c	0	00000000-0000-0000-0000-00000000070c
decode	0123456789abcdef	70c299b	0	00000000-0000-0000-0000-0000070c299b
decode	0123456789abcdef	f1ed94f1b8f67125503d8eb75b992c07	1	70c299b5-7be8-d305-5217-6f8b1f49de1f
get_alphabet	ABCDEFGHIJKLMNOPQRSTUVWXYZabcdefghijklmnopqrstuvwxyz0123456789+/	0		+/0123456789ABCDEFGHIJKLMNOPQRSTUVWXYZabcdefghijklmnopqrstuvwxyz
get_alphabet	ABCDEFGHIJKLMNOPQRSTUVWXYZabcdefghijklmnopqrstuvwxyz0123456789+/	1		ABCDEFGHIJKLMNOPQRSTUVWXYZabcdefghijklmnopqrstuvwxyz0123456789+/
encoded_length	+/0123456789ABCDEFGHIJKLMNOPQRSTUVWXYZabcdefghijklmnopqrstuvwxyz	16		22
encoded_length	+/0123456789ABCDEFGHIJKLMNOPQRSTUVWXYZabcdefghijklmnopqrstuvwxyz	8		11
encoded_length	+/0123456789ABCDEFGHIJKLMNOPQRSTUVWXYZabcdefghijklmnopqrstuvwxyz	4		6
encoded_length	+/0123456789ABCDEFGHIJKLMNOPQRSTUVWXYZabcdefghijklmnopqrstuvwxyz	32		43
encode	+/0123456789ABCDEFGHIJKLMNOPQRSTUVWXYZabcdefghijklmnopqrstuvwxyz	14c2b037-0830-bb5d-37db-28dbaff5c0b0		+Ikf+r010vLHTP8BijxQ0k
decode	+/0123456789ABCDEFGHIJKLMNOPQRSTUVWXYZabcdefghijklmnopqrstuvwxyz	+Ikf+r010vLHTP8BijxQ0k	0	14c2b037-0830-bb5d-37db-28dbaff5c0b0
encode	+/0123456789ABCDEFGHIJKLMNOPQRSTUVWXYZabcdefghijklmnopqrstuvwxyz	27c0e402-5b21-6293-82d7-d568a1db4289		+bkCE0Km3WYs9LpKWVqo87
decode	+/0123456789ABCDEFGHIJKLMNOPQRSTUVWXYZabcdefghijklmnopqrstuvwxyz	+bkCE0Km3WYs9LpKWVqo87	0	27c0e402-5b21-6293-82d7-d568a1db4289
encode	+/0123456789ABCDEFGHIJKLMNOPQRSTUVWXYZabcdefghijklmnopqrstuvwxyz	32235dd9-11cf-c9ea-a8a1-7d812f557834		+m6prN2Qz7ueWVTM2jJLUo
decode	+/0123456789ABCDEFGHIJKLMNOPQRSTUVWXYZabcdefghijklmnopqrstuvwxyz	+m6prN2Qz7ueWVTM2jJLUo	0	32235dd9-11cf-c9ea-a8a1-7d812f557834
encode	+/0123456789ABCDEFGHIJKLMNOPQRSTUVWXYZabcdefghijklmnopqrstuvwxyz	0b091f8c-e2cd-0938-3c57-aa5ca2b20d6c		+90FyAsgo7C1lLeZmWgUpg
decode	+/0123456789ABCDEFGHIJKLMNOPQRSTUVWXYZabcdefghijklmnopqrstuvwxyz	+90FyAsgo7C1lLeZmWgUpg	0	0b091f8c-e2cd-0938-3c57-aa5ca2b20d6c
encode	+/0123456789ABCDEFGHIJKLMNOPQRSTUVWXYZabcdefghijklmnopqrstuvwxyz	e3a80bdb-729a-13a2-d7c6-08868126f0dd		1Xe+jPQdcHchT406O/7j1R
decode	+/0123456789ABCDEFGHIJKLMNOPQRSTUVWXYZabcdefghijklmnopqrstuvwxyz	1Xe+jPQdcHchT406O/7j1R	0	e3a80bdb-729a-13a2-d7c6-08868126f0dd
encode	+/0123456789ABCDEFGHIJKLMNOPQRSTUVWXYZabcdefghijklmnopqrstuvwxyz	b8b0eefb-e053-8800-c676-51e134853e01		0sgCvvs3C6+ANqIS2oVHs/
decode	+/0123456789ABCDEFGHIJKLMNOPQRSTUVWXYZabcdefghijklmnopqrstuvwxyz	0sgCvvs3C6+ANqIS2oVHs/	0	b8b0eefb-e053-8800-c676-51e134853e01
encode	+/0123456789ABCDEFGHIJKLMNOPQRSTUVWXYZabcdefghijklmnopqrstuvwxyz	fc26c1c3-d044-7572-7c84-6a4890fd55fe		1w7g51o2FpQbm2OYWEzJLy
decode	+/0123456789ABCDEFGHIJKLMNOPQRSTUVWXYZabcdefghijklmnopqrstuvwxyz	1w7g51o2FpQbm2OYWEzJLy	0	fc26c1c3-d044-7572-7c84-6a4890fd55fe
encode	+/0123456789ABCDEFGHIJKLMNOPQRSTUVWXYZabcdefghijklmnopqrstuvwxyz	4dfaf794-7e64-abe1-a5fc-8854ce6f10fe		/ByjSITaGfsOLwW3HCPl1y
decode	+/0123456789ABCDEFGHIJKLMNOPQRSTUVWXYZabcdefghijklmnopqrstuvwxyz	/ByjSITaGfsOLwW3HCPl1y	0	4dfaf794-7e64-abe1-a5fc-8854ce6f10fe
encode	+/0123456789ABCDEFGHIJKLMNOPQRSTUVWXYZabcdefghijklmnopqrstuvwxyz	c9f04658-cc5c-41d9-bb4e-f749f9e96c8e		17w2NMn3l/qPhCxobtuKmC
decode	+/0123456789ABCDEFGHIJKLMNOPQRSTUVWXYZabcdefghijklmnopqrstuvwxyz	17w2NMn3l/qPhCxobtuKmC	0	c9f04658-cc5c-41d9-bb4e-f749f9e96c8e
encode	+/0123456789ABCDEFGHIJKLMNOPQRSTUVWXYZabcdefghijklmnopqrstuvwxyz	cd11ff55-c894-11bc-992b-98310802e07e		1B2TxJm7EFj7Yfa126+i/y
decode	+/0123456789ABCDEFGHIJKLMNOPQRSTUVWXYZabcdefghijklmnopqrstuvwxyz	1B2TxJm7EFj7Yfa126+i/y	0	cd11ff55-c894-11bc-992b-98310802e07e
encode	+/0123456789ABCDEFGHIJKLMNOPQRSTUVWXYZabcdefghijklmnopqrstuvwxyz	5752e26c-4e50-5d75-6a81-b2d0b02c34a9		/LIi7gHZ/RRKe/gh0k91Gd
decode	+/0123456789ABCDEFGHIJKLMNOPQRSTUVWXYZabcdefghijklmnopqrstuvwxyz	/LIi7gHZ/RRKe/gh0k91Gd	0	5752e26c-4e50-5d75-6a81-b2d0b02c34a9
encode	+/0123456789ABCDEFGHIJKLMNOPQRSTUVWXYZabcdefghijklmnopqrstuvwxyz	189d1eee-4541-359e-24f9-0f61cb8b4ef8		+MbFviFI2pbWHt1q59Wovs
decode	+/0123456789ABCDEFGHIJKLMNOPQRSTUVWXYZabcdefghijklmnopqrstuvwxyz	+MbFviFI2pbWHt1q59Wovs	0	189d1eee-4541-359e-24f9-0f61cb8b4ef8
encode	+/0123456789ABCDEFGHIJKLMNOPQRSTUVWXYZabcdefghijklmnopqrstuvwxyz	fbb60c55-d733-818d-0bb4-0dcd9045e45b		1vhUlJpnC/XEio1QqEFSFP
decode	+/0123456789ABCDEFGHIJKLMNOPQRSTUVWXYZabcdefghijklmnopqrstuvwxyz	1vhUlJpnC/XEio1QqEFSFP	0	fbb60c55-d733-818d-0bb4-0dcd9045e45b
encode	+/0123456789ABCDEFGHIJKLMNOPQRSTUVWXYZabcdefghijklmnopqrstuvwxyz	24035ca4-9649-eca9-83c7-ba0f5965c6cf		+Y+pmYZYbgeMD5iUxNNQPD
decode	+/0123456789ABCDEFGHIJKLMNOPQRSTUVWXYZabcdefghijklmnopqrstuvwxyz	+Y+pmYZYbgeMD5iUxNNQPD	0	24035ca4-9649-eca9-83c7-ba0f5965c6cf
encode	+/0123456789ABCDEFGHIJKLMNOPQRSTUVWXYZabcdefghijklmnopqrstuvwxyz	b489ab6e-c927-8c5e-56e3-c4322e4b7aae		0oWOhimGSALZPXl16iGrei
decode	+/0123456789ABCDEFGHIJKLMNOPQRSTUVWXYZabcdefghijklmnopqrstuvwxyz	0oWOhimGSALZPXl16iGrei	0	b489ab6e-c927-8c5e-56e3-c4322e4b7aae
encode	+/0123456789ABCDEFGHIJKLMNOPQRSTUVWXYZabcdefghijklmnopqrstuvwxyz	b7fdd97a-3cf6-9362-b934-d45b1441dfe6		0rzRZuDDOHMfYop3gIERza
decode	+/0123456789ABCDEFGHIJKLMNOPQRSTUVWXYZabcdefghijklmnopqrstuvwxyz	0rzRZuDDOHMfYop3gIERza	0	b7fdd97a-3cf6-9362-b934-d45b1441dfe6
encode	+/0123456789ABCDEFGHIJKLMNOPQRSTUVWXYZabcdefghijklmnopqrstuvwxyz	809aca29-2b60-2452-0a00-620d10f98dd1		0+agcd8q+YIUc+MUoEyMrF
decode	+/0123456789ABCDEFGHIJKLMNOPQRSTUVWXYZabcdefghijklmnopqrstuvwxyz	0+agcd8q+YIUc+MUoEyMrF	0	809aca29-2b60-2452-0a00-620d10f98dd1
encode	+/0123456789ABCDEFGHIJKLMNOPQRSTUVWXYZabcdefghijklmnopqrstuvwxyz	6f97a876-2278-8648-4441-9acb5a008709		/jZuVq6bW4G2F/aghO+6Q7
decode	+/0123456789ABCDEFGHIJKLMNOPQRSTUVWXYZabcdefghijklmnopqrstuvwxyz	/jZuVq6bW4G2F/aghO+6Q7	0	6f97a876-2278-8648-4441-9acb5a008709
encode	+/0123456789ABCDEFGHIJKLMNOPQRSTUVWXYZabcdefghijklmnopqrstuvwxyz	2ef2f6cd-28fb-2ba1-48e8-29d5f24ff838		+iwjPB8DgfcIXc8RLmHzUs
decode	+/0123456789ABCDEFGHIJKLMNOPQRSTUVWXYZabcdefghijklmnopqrstuvwxyz	+iwjPB8DgfcIXc8RLmHzUs	0	2ef2f6cd-28fb-2ba1-48e8-29d5f24ff838
encode	+/0123456789ABCDEFGHIJKLMNOPQRSTUVWXYZabcdefghijklmnopqrstuvwxyz	b5111811-bf63-5deb-8148-c2a5f8457854		0p2FUFjqBRus36keLsFLVI
decode	+/0123456789ABCDEFGHIJKLMNOPQRSTUVWXYZabcdefghijklmnopqrstuvwxyz	0p2FUFjqBRus36keLsFLVI	0	b5111811-bf63-5deb-8148-c2a5f8457854
encode	+/0123456789ABCDEFGHIJKLMNOPQRSTUVWXYZabcdefghijklmnopqrstuvwxyz	c5214d08-e396-5ecf-332e-6fac306d7f7f		136Io6stNSnnAiPukkPLxz
decode	+/0123456789ABCDEFGHIJKLMNOPQRSTUVWXYZabcdefghijklmnopqrstuvwxyz	136Io6stNSnnAiPukkPLxz	0	c5214d08-e396-5ecf-332e-6fac306d7f7f
encode	+/0123456789ABCDEFGHIJKLMNOPQRSTUVWXYZabcdefghijklmnopqrstuvwxyz	81575b54-e85c-9037-f2c5-f005407ac513		0/JphIu3mEBz93w+J+SgIH
decode	+/0123456789ABCDEFGHIJKLMNOPQRSTUVWXYZabcdefghijklmnopqrstuvwxyz	0/JphIu3mEBz93w+J+SgIH	0	81575b54-e85c-9037-f2c5-f005407ac513
encode	+/0123456789ABCDEFGHIJKLMNOPQRSTUVWXYZabcdefghijklmnopqrstuvwxyz	18f4d74f-3f53-610a-b103-7234a842efaf		+MxBRDDpBV0f21QXGcEiyj
decode	+/0123456789ABCDEFGHIJKLMNOPQRSTUVWXYZabcdefghijklmnopqrstuvwxyz	+MxBRDDpBV0f21QXGcEiyj	0	18f4d74f-3f53-610a-b103-7234a842efaf
encode	+/0123456789ABCDEFGHIJKLMNOPQRSTUVWXYZabcdefghijklmnopqrstuvwxyz	ff979ab0-9ef8-255c-bb41-14ce5f8a6798		1zZtekbjUZL9h/3AtTWaSM
decode	+/0123456789ABCDEFGHIJKLMNOPQRSTUVWXYZabcdefghijklmnopqrstuvwxyz	1zZtekbjUZL9h/3AtTWaSM	0	ff979ab0-9ef8-255c-bb41-14ce5f8a6798
encode	+/0123456789ABCDEFGHIJKLMNOPQRSTUVWXYZabcdefghijklmnopqrstuvwxyz	0acb5d34-e150-4706-406b-4c4a9d9e8511		+8mpoosJ/5/Y/fH2eRbcIF
decode	+/0123456789ABCDEFGHIJKLMNOPQRSTUVWXYZabcdefghijklmnopqrstuvwxyz	+8mpoosJ/5/Y/fH2eRbcIF	0	0acb5d34-e150-4706-406b-4c4a9d9e8511
encode	+/0123456789ABCDEFGHIJKLMNOPQRSTUVWXYZabcdefghijklmnopqrstuvwxyz	3228c72b-6247-2772-7801-5e86061d3634		+m8AQfMYQbQbU/LcM45HMo
decode	+/0123456789ABCDEFGHIJKLMNOPQRSTUVWXYZabcdefghijklmnopqrstuvwxyz	+m8AQfMYQbQbU/LcM45HMo	0	3228c72b-6247-2772-7801-5e86061d3634
encode	+/0123456789ABCDEFGHIJKLMNOPQRSTUVWXYZabcdefghijklmnopqrstuvwxyz	47f9f316-5ca9-dbe7-993c-83ad6b96cfee		/5yTAKL8bPttYwUupfZgzi
decode	+/0123456789ABCDEFGHIJKLMNOPQRSTUVWXYZabcdefghijklmnopqrstuvwxyz	/5yTAKL8bPttYwUupfZgzi	0	47f9f316-5ca9-dbe7-993c-83ad6b96cfee
encode	+/0123456789ABCDEFGHIJKLMNOPQRSTUVWXYZabcdefghijklmnopqrstuvwxyz	f5fa4b29-6f25-7c73-46c6-2c30fbf2201a		1pyYgdPmJwQoP4911vwW+O
decode	+/0123456789ABCDEFGHIJKLMNOPQRSTUVWXYZabcdefghijklmnopqrstuvwxyz	1pyYgdPmJwQoP4911vwW+O	0	f5fa4b29-6f25-7c73-46c6-2c30fbf2201a
encode	+/0123456789ABCDEFGHIJKLMNOPQRSTUVWXYZabcdefghijklmnopqrstuvwxyz	3293cebb-dddb-fc57-71a8-9cb85d19eb56		+mYwuvrRjwJr4cb9VR4ShK
decode	+/0123456789ABCDEFGHIJKLMNOPQRSTUVWXYZabcdefghijklmnopqrstuvwxyz	+mYwuvrRjwJr4cb9VR4ShK	0	3293cebb-dddb-fc57-71a8-9cb85d19eb56
encode	+/0123456789ABCDEFGHIJKLMNOPQRSTUVWXYZabcdefghijklmnopqrstuvwxyz	026d88d0-0643-2b3b-76e1-a15209723030		+0PMXE/YAfCrPVcJ67QX+k
decode	+/0123456789ABCDEFGHIJKLMNOPQRSTUVWXYZabcdefghijklmnopqrstuvwxyz	+0PMXE/YAfCrPVcJ67QX+k	0	026d88d0-0643-2b3b-76e1-a15209723030
encode	+/0123456789ABCDEFGHIJKLMNOPQRSTUVWXYZabcdefghijklmnopqrstuvwxyz	633b52a3-6c30-26d1-9f48-96773eea3424		/XCp8XP1+aoNx6ZbQyuXEY
decode	+/0123456789ABCDEFGHIJKLMNOPQRSTUVWXYZabcdefghijklmnopqrstuvwxyz	/XCp8XP1+aoNx6ZbQyuXEY	0	633b52a3-6c30-26d1-9f48-96773eea3424
encode	+/0123456789ABCDEFGHIJKLMNOPQRSTUVWXYZabcdefghijklmnopqrstuvwxyz	93ccae53-de29-587c-5272-26be9c0cdc13		0Hn8tHrWZMT37m7fuQ1BkH
decode	+/0123456789ABCDEFGHIJKLMNOPQRSTUVWXYZabcdefghijklmnopqrstuvwxyz	0Hn8tHrWZMT37m7fuQ1BkH	0	93ccae53-de29-587c-5272-26be9c0cdc13
encode	+/0123456789ABCDEFGHIJKLMNOPQRSTUVWXYZabcdefghijklmnopqrstuvwxyz	36e0bbec-69d7-4dff-7c4e-f22ab35414d8		+qs9jgORRBzrlCwWenJ/HM
decode	+/0123456789ABCDEFGHIJKLMNOPQRSTUVWXYZabcdefghijklmnopqrstuvwxyz	+qs9jgORRBzrlCwWenJ/HM	0	36e0bbec-69d7-4dff-7c4e-f22ab35414d8
encode	+/0123456789ABCDEFGHIJKLMNOPQRSTUVWXYZabcdefghijklmnopqrstuvwxyz	fd9406f6-9502-59b1-d28d-5dee1c1a3924		1xZ+PqZE7NgR8BLSsQ4XYY
decode	+/0123456789ABCDEFGHIJKLMNOPQRSTUVWXYZabcdefghijklmnopqrstuvwxyz	1xZ+PqZE7NgR8BLSsQ4XYY	0	fd9406f6-9502-59b1-d28d-5dee1c1a3924
encode	+/0123456789ABCDEFGHIJKLMNOPQRSTUVWXYZabcdefghijklmnopqrstuvwxyz	8f82c051-e556-a4e7-c30d-d0cffface2fb		0DUg/FtJOYtwABoAzzfC9v
decode	+/0123456789ABCDEFGHIJKLMNOPQRSTUVWXYZabcdefghijklmnopqrstuvwxyz	0DUg/FtJOYtwABoAzzfC9v	0	8f82c051-e556-a4e7-c30d-d0cffface2fb
encode	+/0123456789ABCDEFGHIJKLMNOPQRSTUVWXYZabcdefghijklmnopqrstuvwxyz	325421cb-eeba-11f6-4d8d-656b774f5b39		+mJ059vfcFxYqBNKhrHpgt
decode	+/0123456789ABCDEFGHIJKLMNOPQRSTUVWXYZabcdefghijklmnopqrstuvwxyz	+mJ059vfcFxYqBNKhrHpgt	0	325421cb-eeba-11f6-4d8d-656b774f5b39
encode	+/0123456789ABCDEFGHIJKLMNOPQRSTUVWXYZabcdefghijklmnopqrstuvwxyz	3c1bf937-a5b3-6bdb-22b5-3cd74e720f07		+w4zYrdPBfqm8pDBRCQUw5
decode	+/0123456789ABCDEFGHIJKLMNOPQRSTUVWXYZabcdefghijklmnopqrstuvwxyz	+w4zYrdPBfqm8pDBRCQUw5	0	3c1bf937-a5b3-6bdb-22b5-3cd74e720f07
encode	+/0123456789ABCDEFGHIJKLMNOPQRSTUVWXYZabcdefghijklmnopqrstuvwxyz	a07630a9-3bef-4957-59e2-ae690af18de5		0URX0dCyx7JpbWfaY8wMrZ
decode	+/0123456789ABCDEFGHIJKLMNOPQRSTUVWXYZabcdefghijklmnopqrstuvwxyz	0URX0dCyx7JpbWfaY8wMrZ	0	a07630a9-3bef-4957-59e2-ae690af18de5
encode	+/0123456789ABCDEFGHIJKLMNOPQRSTUVWXYZabcdefghijklmnopqrstuvwxyz	b49bb6b3-6fad-6748-8e74-489882ce35a2		0oavOnPupbG6toG7W0nXKW
decode	+/0123456789ABCDEFGHIJKLMNOPQRSTUVWXYZabcdefghijklmnopqrstuvwxyz	0oavOnPupbG6toG7W0nXKW	0	b49bb6b3-6fad-6748-8e74-489882ce35a2
encode	+/0123456789ABCDEFGHIJKLMNOPQRSTUVWXYZabcdefghijklmnopqrstuvwxyz	04bd1afc-4ffc-1803-9884-9ff107ae16a3		+2jFfwHzkM+tW2bz25fVOX
decode	+/0123456789ABCDEFGHIJKLMNOPQRSTUVWXYZabcdefghijklmnopqrstuvwxyz	+2jFfwHzkM+tW2bz25fVOX	0	04bd1afc-4ffc-1803-9884-9ff107ae16a3
encode	+/0123456789ABCDEFGHIJKLMNOPQRSTUVWXYZabcdefghijklmnopqrstuvwxyz	24427a2f-e2a8-482d-cacb-7e08532ed4dd		+YEbcjseV69Qf9TUVH9hHR
decode	+/0123456789ABCDEFGHIJKLMNOPQRSTUVWXYZabcdefghijklmnopqrstuvwxyz	+YEbcjseV69Qf9TUVH9hHR	0	24427a2f-e2a8-482d-cacb-7e08532ed4dd
encode	+/0123456789ABCDEFGHIJKLMNOPQRSTUVWXYZabcdefghijklmnopqrstuvwxyz	cc5d8f1e-b96d-30af-1a95-bfa49a27e44d		1ALMwSiKokfleJjuGO7yFB
decode	+/0123456789ABCDEFGHIJKLMNOPQRSTUVWXYZabcdefghijklmnopqrstuvwxyz	1ALMwSiKokfleJjuGO7yFB	0	cc5d8f1e-b96d-30af-1a95-bfa49a27e44d
encode	+/0123456789ABCDEFGHIJKLMNOPQRSTUVWXYZabcdefghijklmnopqrstuvwxyz	6c3d4ec0-5114-4fde-7a95-fa1ed991b642		/gDIv+IFFDrbeJyVvNYPN0
decode	+/0123456789ABCDEFGHIJKLMNOPQRSTUVWXYZabcdefghijklmnopqrstuvwxyz	/gDIv+IFFDrbeJyVvNYPN0	0	6c3d4ec0-5114-4fde-7a95-fa1ed991b642
encode	+/0123456789ABCDEFGHIJKLMNOPQRSTUVWXYZabcdefghijklmnopqrstuvwxyz	eb53bc11-a9fb-87a9-c19b-121e8ab847d1		1fIvkFeTi5eQ4P2Vu8i2TF
decode	+/0123456789ABCDEFGHIJKLMNOPQRSTUVWXYZabcdefghijklmnopqrstuvwxyz	1fIvkFeTi5eQ4P2Vu8i2TF	0	eb53bc11-a9fb-87a9-c19b-121e8ab847d1
encode	+/0123456789ABCDEFGHIJKLMNOPQRSTUVWXYZabcdefghijklmnopqrstuvwxyz	e3a5213a-0c9b-6905-45f0-0050b0a59857		1XdG2u17hd/ILk+30kdNVL
decode	+/0123456789ABCDEFGHIJKLMNOPQRSTUVWXYZabcdefghijklmnopqrstuvwxyz	1XdG2u17hd/ILk+30kdNVL	0	e3a5213a-0c9b-6905-45f0-0050b0a59857
encode	+/0123456789ABCDEFGHIJKLMNOPQRSTUVWXYZabcdefghijklmnopqrstuvwxyz	82ac598b-3762-2c24-21c9-7bcf3489ee6d		00f3a9Bq6g7057SwwoWSth
decode	+/0123456789ABCDEFGHIJKLMNOPQRSTUVWXYZabcdefghijklmnopqrstuvwxyz	00f3a9Bq6g7057SwwoWSth	0	82ac598b-3762-2c24-21c9-7bcf3489ee6d
encode	+/0123456789ABCDEFGHIJKLMNOPQRSTUVWXYZabcdefghijklmnopqrstuvwxyz	1d0055ab-9c53-3777-e880-c8bfda6fc314		+R+3Kfb3ArRyW+m9zOPwAI
decode	+/0123456789ABCDEFGHIJKLMNOPQRSTUVWXYZabcdefghijklmnopqrstuvwxyz	+R+3Kfb3ArRyW+m9zOPwAI	0	1d0055ab-9c53-3777-e880-c8bfda6fc314
encode	+/0123456789ABCDEFGHIJKLMNOPQRSTUVWXYZabcdefghijklmnopqrstuvwxyz	c9abbae3-a342-74ab-d345-7c52cb25a064		17evfXco7oexB3T3997O/Y
decode	+/0123456789ABCDEFGHIJKLMNOPQRSTUVWXYZabcdefghijklmnopqrstuvwxyz	17evfXco7oexB3T3997O/Y	0	c9abbae3-a342-74ab-d345-7c52cb25a064
encode	+/0123456789ABCDEFGHIJKLMNOPQRSTUVWXYZabcdefghijklmnopqrstuvwxyz	0c94ecd1-64d9-2bcf-7155-ee5242979abc		+AZCnFNBYfnr3JvZ70Ztew
decode	+/0123456789ABCDEFGHIJKLMNOPQRSTUVWXYZabcdefghijklmnopqrstuvwxyz	+AZCnFNBYfnr3JvZ70Ztew	0	0c94ecd1-64d9-2bcf-7155-ee5242979abc
encode	+/0123456789ABCDEFGHIJKLMNOPQRSTUVWXYZabcdefghijklmnopqrstuvwxyz	f0d88cad-713f-28d9-a64d-c34f673eb635		1kq6mhQHwcqONBkoxbDfMp
decode	+/0123456789ABCDEFGHIJKLMNOPQRSTUVWXYZabcdefghijklmnopqrstuvwxyz	1kq6mhQHwcqONBkoxbDfMp	0	f0d88cad-713f-28d9-a64d-c34f673eb635
encode	+/0123456789ABCDEFGHIJKLMNOPQRSTUVWXYZabcdefghijklmnopqrstuvwxyz	62d058b4-98a8-6ea7-1a5e-971b5e553d27		/Wo3Woa8VidldSZlhSJHob
decode	+/0123456789ABCDEFGHIJKLMNOPQRSTUVWXYZabcdefghijklmnopqrstuvwxyz	/Wo3Woa8VidldSZlhSJHob	0	62d058b4-98a8-6ea7-1a5e-971b5e553d27
encode	+/0123456789ABCDEFGHIJKLMNOPQRSTUVWXYZabcdefghijklmnopqrstuvwxyz	8b1af739-3f0b-7c8a-766d-f74c415e438d		094jQtDkhwWbNhxol/LYCB
decode	+/0123456789ABCDEFGHIJKLMNOPQRSTUVWXYZabcdefghijklmnopqrstuvwxyz	094jQtDkhwWbNhxol/LYCB	0	8b1af739-3f0b-7c8a-766d-f74c415e438d
encode	+/0123456789ABCDEFGHIJKLMNOPQRSTUVWXYZabcdefghijklmnopqrstuvwxyz	cfea4e4f-3457-5e4c-53fc-478f19c4c455		1DuYtDB3RSH3DwFswNlAFJ
decode	+/0123456789ABCDEFGHIJKLMNOPQRSTUVWXYZabcdefghijklmnopqrstuvwxyz	1DuYtDB3RSH3DwFswNlAFJ	0	cfea4e4f-3457-5e4c-53fc-478f19c4c455
encode	+/0123456789ABCDEFGHIJKLMNOPQRSTUVWXYZabcdefghijklmnopqrstuvwxyz	8bbe14f7-5484-cf31-955f-02b308c520c0		09jVHrJ6HDANJT+fA6lG1+
decode	+/0123456789ABCDEFGHIJKLMNOPQRSTUVWXYZabcdefghijklmnopqrstuvwxyz	09jVHrJ6HDANJT+fA6lG1+	0	8bbe14f7-5484-cf31-955f-02b308c520c0
encode	+/0123456789ABCDEFGHIJKLMNOPQRSTUVWXYZabcdefghijklmnopqrstuvwxyz	d6adc9c9-f930-8c7d-3d1c-40b34181c3a1		1KfQb7yH0ATHoQE9B/UQCV
decode	+/0123456789ABCDEFGHIJKLMNOPQRSTUVWXYZabcdefghijklmnopqrstuvwxyz	1KfQb7yH0ATHoQE9B/UQCV	0	d6adc9c9-f930-8c7d-3d1c-40b34181c3a1
encode	+/0123456789ABCDEFGHIJKLMNOPQRSTUVWXYZabcdefghijklmnopqrstuvwxyz	38475ce0-5d31-0ccd-7f0b-8641d36036d8		+sFpnULH2AnLw9VY5HM1PM
decode	+/0123456789ABCDEFGHIJKLMNOPQRSTUVWXYZabcdefghijklmnopqrstuvwxyz	+sFpnULH2AnLw9VY5HM1PM	0	38475ce0-5d31-0ccd-7f0b-8641d36036d8
encode	+/0123456789ABCDEFGHIJKLMNOPQRSTUVWXYZabcdefghijklmnopqrstuvwxyz	03d3befb-9433-c53b-5c9d-fca51f905c24		+1ovvvZ1D3CpmRz8ITY3kY
decode	+/0123456789ABCDEFGHIJKLMNOPQRSTUVWXYZabcdefghijklmnopqrstuvwxyz	+1ovvvZ1D3CpmRz8ITY3kY	0	03d3befb-9433-c53b-5c9d-fca51f905c24
encode	+/0123456789ABCDEFGHIJKLMNOPQRSTUVWXYZabcdefghijklmnopqrstuvwxyz	74ed187e-8a65-5da7-8109-da1687cb70e5		/ovFVyWaJRds27qVO5mr1Z
decode	+/0123456789ABCDEFGHIJKLMNOPQRSTUVWXYZabcdefghijklmnopqrstuvwxyz	/ovFVyWaJRds27qVO5mr1Z	0	74ed187e-8a65-5da7-8109-da1687cb70e5
encode	+/0123456789ABCDEFGHIJKLMNOPQRSTUVWXYZabcdefghijklmnopqrstuvwxyz	da682157-9d64-92b5-6006-3e90f1b33d77		1OO03LbKGGhK+4Dd1lgnpr
decode	+/0123456789ABCDEFGHIJKLMNOPQRSTUVWXYZabcdefghijklmnopqrstuvwxyz	1OO03LbKGGhK+4Dd1lgnpr	0	da682157-9d64-92b5-6006-3e90f1b33d77
encode	+/0123456789ABCDEFGHIJKLMNOPQRSTUVWXYZabcdefghijklmnopqrstuvwxyz	dffb4e2e-b499-ea1d-cc76-f20e3e2a8a14		1Tyosih7be5QlqwUsy8ccI
decode	+/0123456789ABCDEFGHIJKLMNOPQRSTUVWXYZabcdefghijklmnopqrstuvwxyz	1Tyosih7be5QlqwUsy8ccI	0	dffb4e2e-b499-ea1d-cc76-f20e3e2a8a14
encode	+/0123456789ABCDEFGHIJKLMNOPQRSTUVWXYZabcdefghijklmnopqrstuvwxyz	1affab4d-3a5a-6747-b513-64d2986d5794		+OzuhBCZdbFvIHNB8MPJSI
decode	+/0123456789ABCDEFGHIJKLMNOPQRSTUVWXYZabcdefghijklmnopqrstuvwxyz	+OzuhBCZdbFvIHNB8MPJSI	0	1affab4d-3a5a-6747-b513-64d2986d5794
encode	+/0123456789ABCDEFGHIJKLMNOPQRSTUVWXYZabcdefghijklmnopqrstuvwxyz	46eb04a9-434b-9185-74fa-f479e0638a87		/4ukGdEoiFVLHux5bUMse5
decode	+/0123456789ABCDEFGHIJKLMNOPQRSTUVWXYZabcdefghijklmnopqrstuvwxyz	/4ukGdEoiFVLHux5bUMse5	0	46eb04a9-434b-9185-74fa-f479e0638a87
encode	+/0123456789ABCDEFGHIJKLMNOPQRSTUVWXYZabcdefghijklmnopqrstuvwxyz	3fc50359-f0cb-4b1f-f0da-9c3d858eef4c		+zlEBNwAh95z1Ob1q3XixA
decode	+/0123456789ABCDEFGHIJKLMNOPQRSTUVWXYZabcdefghijklmnopqrstuvwxyz	+zlEBNwAh95z1Ob1q3XixA	0	3fc50359-f0cb-4b1f-f0da-9c3d858eef4c
encode	+/0123456789ABCDEFGHIJKLMNOPQRSTUVWXYZabcdefghijklmnopqrstuvwxyz	e61b4815-aeec-eb2f-3efa-827caabbdaa9		1a4oUJfinf9nvuUbmeixed
decode	+/0123456789ABCDEFGHIJKLMNOPQRSTUVWXYZabcdefghijklmnopqrstuvwxyz	1a4oUJfinf9nvuUbmeixed	0	e61b4815-aeec-eb2f-3efa-827caabbdaa9
encode	+/0123456789ABCDEFGHIJKLMNOPQRSTUVWXYZabcdefghijklmnopqrstuvwxyz	f6d14bb6-2400-bb2e-4e8a-891667b2cc06		1qoIiq7+0v9Yu8WFNbggk4
decode	+/0123456789ABCDEFGHIJKLMNOPQRSTUVWXYZabcdefghijklmnopqrstuvwxyz	1qoIiq7+0v9Yu8WFNbggk4	0	f6d14bb6-2400-bb2e-4e8a-891667b2cc06
encode	+/0123456789ABCDEFGHIJKLMNOPQRSTUVWXYZabcdefghijklmnopqrstuvwxyz	262cbf6b-e9d7-4d7a-e0cf-1ddd6a3f0162		+a99xfuRRBSi1D5RpeDk3W
decode	+/0123456789ABCDEFGHIJKLMNOPQRSTUVWXYZabcdefghijklmnopqrstuvwxyz	+a99xfuRRBSi1D5RpeDk3W	0	262cbf6b-e9d7-4d7a-e0cf-1ddd6a3f0162
encode	+/0123456789ABCDEFGHIJKLMNOPQRSTUVWXYZabcdefghijklmnopqrstuvwxyz	991efedf-bde5-4d7a-ac2b-08522d97934c		0N5jvTjSJBSekf036hZtBA
decode	+/0123456789ABCDEFGHIJKLMNOPQRSTUVWXYZabcdefghijklmnopqrstuvwxyz	0N5jvTjSJBSekf036hZtBA	0	991efedf-bde5-4d7a-ac2b-08522d97934c
encode	+/0123456789ABCDEFGHIJKLMNOPQRSTUVWXYZabcdefghijklmnopqrstuvwxyz	b94f3b77-935b-d2d6-d99e-b52a9d54b02a		0tHnhrYpjGphaShGeRJ9+e
decode	+/0123456789ABCDEFGHIJKLMNOPQRSTUVWXYZabcdefghijklmnopqrstuvwxyz	0tHnhrYpjGphaShGeRJ9+e	0	b94f3b77-935b-d2d6-d99e-b52a9d54b02a
encode	+/0123456789ABCDEFGHIJKLMNOPQRSTUVWXYZabcdefghijklmnopqrstuvwxyz	97d937d0-645f-6f41-31dd-09ac6a862aea		0LqHTEN3xjEH5R0OleVWfe
decode	+/0123456789ABCDEFGHIJKLMNOPQRSTUVWXYZabcdefghijklmnopqrstuvwxyz	0LqHTEN3xjEH5R0OleVWfe	0	97d937d0-645f-6f41-31dd-09ac6a862aea
encode	+/0123456789ABCDEFGHIJKLMNOPQRSTUVWXYZabcdefghijklmnopqrstuvwxyz	3eb8209a-1327-d9c4-4a77-1b6836f0c36c		+yi00O2mTNl2dr4qUqwABg
decode	+/0123456789ABCDEFGHIJKLMNOPQRSTUVWXYZabcdefghijklmnopqrstuvwxyz	+yi00O2mTNl2dr4qUqwABg	0	3eb8209a-1327-d9c4-4a77-1b6836f0c36c
encode	+/0123456789ABCDEFGHIJKLMNOPQRSTUVWXYZabcdefghijklmnopqrstuvwxyz	dd729b2c-fed9-d646-49ec-c745cae660c3		1RQdggzhbKFYbgloL8ta11
decode	+/0123456789ABCDEFGHIJKLMNOPQRSTUVWXYZabcdefghijklmnopqrstuvwxyz	1RQdggzhbKFYbgloL8ta11	0	dd729b2c-fed9-d646-49ec-c745cae660c3
encode	+/0123456789ABCDEFGHIJKLMNOPQRSTUVWXYZabcdefghijklmnopqrstuvwxyz	56155083-e357-0979-ecaa-448e5b1a647f		/K3J01spQ7SSmeF6tP4aFz
decode	+/0123456789ABCDEFGHIJKLMNOPQRSTUVWXYZabcdefghijklmnopqrstuvwxyz	/K3J01spQ7SSmeF6tP4aFz	0	56155083-e357-0979-ecaa-448e5b1a647f
encode	+/0123456789ABCDEFGHIJKLMNOPQRSTUVWXYZabcdefghijklmnopqrstuvwxyz	b9745a41-a1ee-38ac-5c1a-282fd97db881		0tR3d/cSssf3kO80zNTPW/
decode	+/0123456789ABCDEFGHIJKLMNOPQRSTUVWXYZabcdefghijklmnopqrstuvwxyz	0tR3d/cSssf3kO80zNTPW/	0	b9745a41-a1ee-38ac-5c1a-282fd97db881
encode	+/0123456789ABCDEFGHIJKLMNOPQRSTUVWXYZabcdefghijklmnopqrstuvwxyz	77b23656-7ca9-2b00-5c04-ac1c0a3c9c46		/rgXNKT8Yf+3k2f/k8D7l4
decode	+/0123456789ABCDEFGHIJKLMNOPQRSTUVWXYZabcdefghijklmnopqrstuvwxyz	/rgXNKT8Yf+3k2f/k8D7l4	0	77b23656-7ca9-2b00-5c04-ac1c0a3c9c46
encode	+/0123456789ABCDEFGHIJKLMNOPQRSTUVWXYZabcdefghijklmnopqrstuvwxyz	4dc56b83-460d-1c31-3bf9-ad95aae1a751		/BlKi1FUoQAHjtfNKesORF
decode	+/0123456789ABCDEFGHIJKLMNOPQRSTUVWXYZabcdefghijklmnopqrstuvwxyz	/BlKi1FUoQAHjtfNKesORF	0	4dc56b83-460d-1c31-3bf9-ad95aae1a751
encode	+/0123456789ABCDEFGHIJKLMNOPQRSTUVWXYZabcdefghijklmnopqrstuvwxyz	1e59c4e4-244b-7428-5ad7-75f5239e0afc		+SKQHY72ho83fLRTIXbUfw
decode	+/0123456789ABCDEFGHIJKLMNOPQRSTUVWXYZabcdefghijklmnopqrstuvwxyz	+SKQHY72ho83fLRTIXbUfw	0	1e59c4e4-244b-7428-5ad7-75f5239e0afc
encode	+/0123456789ABCDEFGHIJKLMNOPQRSTUVWXYZabcdefghijklmnopqrstuvwxyz	0ae3fe40-df77-7d3b-7c77-9479d5d3096a		+8szt+rrRxCrlrZ5bJokZe
decode	+/0123456789ABCDEFGHIJKLMNOPQRSTUVWXYZabcdefghijklmnopqrstuvwxyz	+8szt+rrRxCrlrZ5bJokZe	0	0ae3fe40-df77-7d3b-7c77-9479d5d3096a
encode	+/0123456789ABCDEFGHIJKLMNOPQRSTUVWXYZabcdefghijklmnopqrstuvwxyz	611012b1-55af-ae79-8b00-efd3ae026bcc		/V2/8lJOyiSMg+vxCi+ajA
decode	+/0123456789ABCDEFGHIJKLMNOPQRSTUVWXYZabcdefghijklmnopqrstuvwxyz	/V2/8lJOyiSMg+vxCi+ajA	0	611012b1-55af-ae79-8b00-efd3ae026bcc
encode	+/0123456789ABCDEFGHIJKLMNOPQRSTUVWXYZabcdefghijklmnopqrstuvwxyz	1b37d3c7-aa33-5b59-ca1e-6d367c1709cd		+PBxD5eXBPKQcSPHNw3kbB
decode	+/0123456789ABCDEFGHIJKLMNOPQRSTUVWXYZabcdefghijklmnopqrstuvwxyz	+PBxD5eXBPKQcSPHNw3kbB	0	1b37d3c7-aa33-5b59-ca1e-6d367c1709cd
encode	+/0123456789ABCDEFGHIJKLMNOPQRSTUVWXYZabcdefghijklmnopqrstuvwxyz	e9879352-0298-bebe-60c7-6256a46a1b98		1dVtBG+dWyja15MZOYOViM
decode	+/0123456789ABCDEFGHIJKLMNOPQRSTUVWXYZabcdefghijklmnopqrstuvwxyz	1dVtBG+dWyja15MZOYOViM	0	e9879352-0298-bebe-60c7-6256a46a1b98
encode	+/0123456789ABCDEFGHIJKLMNOPQRSTUVWXYZabcdefghijklmnopqrstuvwxyz	f8311338-8427-1cfc-0ff6-e5fe822fa607		1sAFAsV0QQz+zqtTu09uM5
decode	+/0123456789ABCDEFGHIJKLMNOPQRSTUVWXYZabcdefghijklmnopqrstuvwxyz	1sAFAsV0QQz+zqtTu09uM5	0	f8311338-8427-1cfc-0ff6-e5fe822fa607
encode	+/0123456789ABCDEFGHIJKLMNOPQRSTUVWXYZabcdefghijklmnopqrstuvwxyz	1912329b-5f62-4a70-3ebb-bc9d2f4a3397		+N2X8PLq78Q1uvj7ojGXCL
decode	+/0123456789ABCDEFGHIJKLMNOPQRSTUVWXYZabcdefghijklmnopqrstuvwxyz	+N2X8PLq78Q1uvj7ojGXCL	0	1912329b-5f62-4a70-3ebb-bc9d2f4a3397
encode	+/0123456789ABCDEFGHIJKLMNOPQRSTUVWXYZabcdefghijklmnopqrstuvwxyz	0c5eb4a3-f7bc-a6cb-984d-f8c1c17c3154		+ALfGXxvmamtVByA5/T13I
decode	+/0123456789ABCDEFGHIJKLMNOPQRSTUVWXYZabcdefghijklmnopqrstuvwxyz	+ALfGXxvmamtVByA5/T13I	0	0c5eb4a3-f7bc-a6cb-984d-f8c1c17c3154
encode	+/0123456789ABCDEFGHIJKLMNOPQRSTUVWXYZabcdefghijklmnopqrstuvwxyz	b4ea7d27-6abe-9d37-9078-a798eb0f9e74		0oubobOfuRBt/sdtXf1tto
decode	+/0123456789ABCDEFGHIJKLMNOPQRSTUVWXYZabcdefghijklmnopqrstuvwxyz	0oubobOfuRBt/sdtXf1tto	0	b4ea7d27-6abe-9d37-9078-a798eb0f9e74
encode	+/0123456789ABCDEFGHIJKLMNOPQRSTUVWXYZabcdefghijklmnopqrstuvwxyz	1c897771-cbbf-d5c7-8f8c-83c24d92b8c6		+QWLRlmvzJlsyAUw7BYfX4
decode	+/0123456789ABCDEFGHIJKLMNOPQRSTUVWXYZabcdefghijklmnopqrstuvwxyz	+QWLRlmvzJlsyAUw7BYfX4	0	1c897771-cbbf-d5c7-8f8c-83c24d92b8c6
encode	+/0123456789ABCDEFGHIJKLMNOPQRSTUVWXYZabcdefghijklmnopqrstuvwxyz	8060cc05-54da-2b8a-ff89-80a4d08172a6		0+MAk3JBcfWjy7U8HEUL8a
decode	+/0123456789ABCDEFGHIJKLMNOPQRSTUVWXYZabcdefghijklmnopqrstuvwxyz	0+MAk3JBcfWjy7U8HEUL8a	0	8060cc05-54da-2b8a-ff89-80a4d08172a6
encode	+/0123456789ABCDEFGHIJKLMNOPQRSTUVWXYZabcdefghijklmnopqrstuvwxyz	edb1220d-309c-93a1-b38d-0b0cecd290d7		1hgG6BA7mHcPCB0kngod1L
decode	+/0123456789ABCDEFGHIJKLMNOPQRSTUVWXYZabcdefghijklmnopqrstuvwxyz	1hgG6BA7mHcPCB0kngod1L	0	edb1220d-309c-93a1-b38d-0b0cecd290d7
encode	+/0123456789ABCDEFGHIJKLMNOPQRSTUVWXYZabcdefghijklmnopqrstuvwxyz	7c67cda3-b5a6-d50e-0cb4-8aa2a5c8b37d		/wNwqXhOPJ1UmoWe8Zm9Bx
decode	+/0123456789ABCDEFGHIJKLMNOPQRSTUVWXYZabcdefghijklmnopqrstuvwxyz	/wNwqXhOPJ1UmoWe8Zm9Bx	0	7c67cda3-b5a6-d50e-0cb4-8aa2a5c8b37d
encode	+/0123456789ABCDEFGHIJKLMNOPQRSTUVWXYZabcdefghijklmnopqrstuvwxyz	f55f59ff-39f8-7860-51fb-713078a84466		1pLpbzCTVsM35vQH/se2Fa
decode	+/0123456789ABCDEFGHIJKLMNOPQRSTUVWXYZabcdefghijklmnopqrstuvwxyz	1pLpbzCTVsM35vQH/se2Fa	0	f55f59ff-39f8-7860-51fb-713078a84466
encode	+/0123456789ABCDEFGHIJKLMNOPQRSTUVWXYZabcdefghijklmnopqrstuvwxyz	ce509663-f862-0bd7-e213-4683fd593d43		1CI7NXy469py6HFcDxKHp1
decode	+/0123456789ABCDEFGHIJKLMNOPQRSTUVWXYZabcdefghijklmnopqrstuvwxyz	1CI7NXy469py6HFcDxKHp1	0	ce509663-f862-0bd7-e213-4683fd593d43
encode	+/0123456789ABCDEFGHIJKLMNOPQRSTUVWXYZabcdefghijklmnopqrstuvwxyz	a0561b5e-3ba6-7cbc-03ca-ebbd5820f257		0UJVhSCuNwj+D8uvpM6D7L
decode	+/0123456789ABCDEFGHIJKLMNOPQRSTUVWXYZabcdefghijklmnopqrstuvwxyz	0UJVhSCuNwj+D8uvpM6D7L	0	a0561b5e-3ba6-7cbc-03ca-ebbd5820f257
encode	+/0123456789ABCDEFGHIJKLMNOPQRSTUVWXYZabcdefghijklmnopqrstuvwxyz	671e7f9e-e5e9-44b6-4482-d7331c227d4e		/b5byStSZ2hYG0pnAQ6bpC
decode	+/0123456789ABCDEFGHIJKLMNOPQRSTUVWXYZabcdefghijklmnopqrstuvwxyz	/b5byStSZ2hYG0pnAQ6bpC	0	671e7f9e-e5e9-44b6-4482-d7331c227d4e
encode	+/0123456789ABCDEFGHIJKLMNOPQRSTUVWXYZabcdefghijklmnopqrstuvwxyz	2fbc08ea-e198-8bae-04a3-9942fc2909dc		+jj+XesNW9fUGXaI9w8EbQ
decode	+/0123456789ABCDEFGHIJKLMNOPQRSTUVWXYZabcdefghijklmnopqrstuvwxyz	+jj+XesNW9fUGXaI9w8EbQ	0	2fbc08ea-e198-8bae-04a3-9942fc2909dc
encode	+/0123456789ABCDEFGHIJKLMNOPQRSTUVWXYZabcdefghijklmnopqrstuvwxyz	3f99c28f-c01a-b6d8-91d4-18d396eb7c57		+zaQ8Dk/eqq75I4BCKurlL
decode	+/0123456789ABCDEFGHIJKLMNOPQRSTUVWXYZabcdefghijklmnopqrstuvwxyz	+zaQ8Dk/eqq75I4BCKurlL	0	3f99c28f-c01a-b6d8-91d4-18d396eb7c57
encode	+/0123456789ABCDEFGHIJKLMNOPQRSTUVWXYZabcdefghijklmnopqrstuvwxyz	e57cf09a-5f4a-0f17-b925-c0d3fc1728d4		1ZTD0OLocD3vYZkBDw3mXI
decode	+/0123456789ABCDEFGHIJKLMNOPQRSTUVWXYZabcdefghijklmnopqrstuvwxyz	1ZTD0OLocD3vYZkBDw3mXI	0	e57cf09a-5f4a-0f17-b925-c0d3fc1728d4
encode	+/0123456789ABCDEFGHIJKLMNOPQRSTUVWXYZabcdefghijklmnopqrstuvwxyz	bece59a7-ac8b-e6f9-f1b5-4dfe33df6a00		0ynZabf6jayT4pHTsnrqc+
decode	+/0123456789ABCDEFGHIJKLMNOPQRSTUVWXYZabcdefghijklmnopqrstuvwxyz	0ynZabf6jayT4pHTsnrqc+	0	bece59a7-ac8b-e6f9-f1b5-4dfe33df6a00
encode	+/0123456789ABCDEFGHIJKLMNOPQRSTUVWXYZabcdefghijklmnopqrstuvwxyz	1258a0c4-a94a-8b22-8d23-c0cb750e67cc		+GK812eIe96coXkAhp1aTA
decode	+/0123456789ABCDEFGHIJKLMNOPQRSTUVWXYZabcdefghijklmnopqrstuvwxyz	+GK812eIe96coXkAhp1aTA	0	1258a0c4-a94a-8b22-8d23-c0cb750e67cc
encode	+/0123456789ABCDEFGHIJKLMNOPQRSTUVWXYZabcdefghijklmnopqrstuvwxyz	0bd35ea1-60ef-f3b0-7f00-9579ab86e631		+9opuVMCzng5w+ZLafViMl
decode	+/0123456789ABCDEFGHIJKLMNOPQRSTUVWXYZabcdefghijklmnopqrstuvwxyz	+9opuVMCzng5w+ZLafViMl	0	0bd35ea1-60ef-f3b0-7f00-9579ab86e631
encode	+/0123456789ABCDEFGHIJKLMNOPQRSTUVWXYZabcdefghijklmnopqrstuvwxyz	6dfde4e3-c567-80a9-466c-28a971d23246		/hzSHXlKS+eINg88ZloX74
decode	+/0123456789ABCDEFGHIJKLMNOPQRSTUVWXYZabcdefghijklmnopqrstuvwxyz	/hzSHXlKS+eINg88ZloX74	0	6dfde4e3-c567-80a9-466c-28a971d23246
encode	+/0123456789ABCDEFGHIJKLMNOPQRSTUVWXYZabcdefghijklmnopqrstuvwxyz	72dbe580-a13e-c791-f3f9-f0fbbbd83ec3		/mqyK+cHv5YTDtwDivq1v1
decode	+/0123456789ABCDEFGHIJKLMNOPQRSTUVWXYZabcdefghijklmnopqrstuvwxyz	/mqyK+cHv5YTDtwDivq1v1	0	72dbe580-a13e-c791-f3f9-f0fbbbd83ec3
encode	+/0123456789ABCDEFGHIJKLMNOPQRSTUVWXYZabcdefghijklmnopqrstuvwxyz	98148af9-9e1c-1fd7-ff9b-626e75cde284		0M36ftbVkTpzyPMatpnS82
decode	+/0123456789ABCDEFGHIJKLMNOPQRSTUVWXYZabcdefghijklmnopqrstuvwxyz	0M36ftbVkTpzyPMatpnS82	0	98148af9-9e1c-1fd7-ff9b-626e75cde284
encode	+/0123456789ABCDEFGHIJKLMNOPQRSTUVWXYZabcdefghijklmnopqrstuvwxyz	76d181d6-e1f4-fe16-7ce3-5aaf65da7645		/qoM5KsTHy3bnXKexZqbN3
decode	+/0123456789ABCDEFGHIJKLMNOPQRSTUVWXYZabcdefghijklmnopqrstuvwxyz	/qoM5KsTHy3bnXKexZqbN3	0	76d181d6-e1f4-fe16-7ce3-5aaf65da7645
encode	+/0123456789ABCDEFGHIJKLMNOPQRSTUVWXYZabcdefghijklmnopqrstuvwxyz	f8924fc8-7c3a-aa18-abe6-465d62e19213		1sYYz6T1ee48jaFZpWsN6H
decode	+/0123456789ABCDEFGHIJKLMNOPQRSTUVWXYZabcdefghijklmnopqrstuvwxyz	1sYYz6T1ee48jaFZpWsN6H	0	f8924fc8-7c3a-aa18-abe6-465d62e19213
encode	+/0123456789ABCDEFGHIJKLMNOPQRSTUVWXYZabcdefghijklmnopqrstuvwxyz	890a8ac9-6616-bed3-17aa-65b2df88eb8a		070cf7NVOyolSeNP9TWCi8
decode	+/0123456789ABCDEFGHIJKLMNOPQRSTUVWXYZabcdefghijklmnopqrstuvwxyz	070cf7NVOyolSeNP9TWCi8	0	890a8ac9-6616-bed3-17aa-65b2df88eb8a
encode	+/0123456789ABCDEFGHIJKLMNOPQRSTUVWXYZabcdefghijklmnopqrstuvwxyz	55cf94e3-f4b0-0bee-8d36-1018a8322233		/JntHXx9+9vcoq2/WcAW6n
decode	+/0123456789ABCDEFGHIJKLMNOPQRSTUVWXYZabcdefghijklmnopqrstuvwxyz	/JntHXx9+9vcoq2/WcAW6n	0	55cf94e3-f4b0-0bee-8d36-1018a8322233
encode	+/0123456789ABCDEFGHIJKLMNOPQRSTUVWXYZabcdefghijklmnopqrstuvwxyz	2bbd85b2-b1c5-0129-b7e5-d3ac5c2739b3		+fjMKmgQI/8PTZoulQ7nan
decode	+/0123456789ABCDEFGHIJKLMNOPQRSTUVWXYZabcdefghijklmnopqrstuvwxyz	+fjMKmgQI/8PTZoulQ7nan	0	2bbd85b2-b1c5-0129-b7e5-d3ac5c2739b3
encode	+/0123456789ABCDEFGHIJKLMNOPQRSTUVWXYZabcdefghijklmnopqrstuvwxyz	4358ec35-bf84-cc8e-010d-321287bfd8a4		/1KCkpjsHAXU2BAV85jxWY
decode	+/0123456789ABCDEFGHIJKLMNOPQRSTUVWXYZabcdefghijklmnopqrstuvwxyz	/1KCkpjsHAXU2BAV85jxWY	0	4358ec35-bf84-cc8e-010d-321287bfd8a4
encode	+/0123456789ABCDEFGHIJKLMNOPQRSTUVWXYZabcdefghijklmnopqrstuvwxyz	1e9fed81-695d-dae8-e9a5-c87477a88da1		+Sbyq/OJrOuCaZm5Fre6qV
decode	+/0123456789ABCDEFGHIJKLMNOPQRSTUVWXYZabcdefghijklmnopqrstuvwxyz	+Sbyq/OJrOuCaZm5Fre6qV	0	1e9fed81-695d-dae8-e9a5-c87477a88da1
encode	+/0123456789ABCDEFGHIJKLMNOPQRSTUVWXYZabcdefghijklmnopqrstuvwxyz	9ac4ec8e-28f0-3cbc-58ac-1713663df94f		0OlCmC8D+wj3Wg3lBaDTZD
decode	+/0123456789ABCDEFGHIJKLMNOPQRSTUVWXYZabcdefghijklmnopqrstuvwxyz	0OlCmC8D+wj3Wg3lBaDTZD	0	9ac4ec8e-28f0-3cbc-58ac-1713663df94f
encode	+/0123456789ABCDEFGHIJKLMNOPQRSTUVWXYZabcdefghijklmnopqrstuvwxyz	b8b28a1a-1d5b-c942-546c-dbae309440ee		0sgccO5Jj7EZFgquskZ21i
decode	+/0123456789ABCDEFGHIJKLMNOPQRSTUVWXYZabcdefghijklmnopqrstuvwxyz	0sgccO5Jj7EZFgquskZ21i	0	b8b28a1a-1d5b-c942-546c-dbae309440ee
encode	+/0123456789ABCDEFGHIJKLMNOPQRSTUVWXYZabcdefghijklmnopqrstuvwxyz	cca3c3cf-8764-8074-6ab0-c5d42098b031		1AcwDDVqG+R4eklREUa9+l
decode	+/0123456789ABCDEFGHIJKLMNOPQRSTUVWXYZabcdefghijklmnopqrstuvwxyz	1AcwDDVqG+R4eklREUa9+l	0	cca3c3cf-8764-8074-6ab0-c5d42098b031
encode	+/0123456789ABCDEFGHIJKLMNOPQRSTUVWXYZabcdefghijklmnopqrstuvwxyz	13bffc1e-4b33-d794-1379-827c02db72c7		+HjzkSGnDLZ/BtUbk0qr95
decode	+/0123456789ABCDEFGHIJKLMNOPQRSTUVWXYZabcdefghijklmnopqrstuvwxyz	+HjzkSGnDLZ/BtUbk0qr95	0	13bffc1e-4b33-d794-1379-827c02db72c7
encode	+/0123456789ABCDEFGHIJKLMNOPQRSTUVWXYZabcdefghijklmnopqrstuvwxyz	5a1d584c-f97d-37d8-d8e6-ae6fdd1a2365		/O5JVAyLorqBXafazR4WBZ
decode	+/0123456789ABCDEFGHIJKLMNOPQRSTUVWXYZabcdefghijklmnopqrstuvwxyz	/O5JVAyLorqBXafazR4WBZ	0	5a1d584c-f97d-37d8-d8e6-ae6fdd1a2365
encode	+/0123456789ABCDEFGHIJKLMNOPQRSTUVWXYZabcdefghijklmnopqrstuvwxyz	a5636769-2d5f-56c9-12f6-0b1dc6fe6c31		0ZMqRd9JxKmF9q0lr4zakl
decode	+/0123456789ABCDEFGHIJKLMNOPQRSTUVWXYZabcdefghijklmnopqrstuvwxyz	0ZMqRd9JxKmF9q0lr4zakl	0	a5636769-2d5f-56c9-12f6-0b1dc6fe6c31
encode	+/0123456789ABCDEFGHIJKLMNOPQRSTUVWXYZabcdefghijklmnopqrstuvwxyz	d295b152-6ed8-bf90-7a99-8b62729ef783		1GZP3GPhWzY5eNWq7mbjS1
decode	+/0123456789ABCDEFGHIJKLMNOPQRSTUVWXYZabcdefghijklmnopqrstuvwxyz	1GZP3GPhWzY5eNWq7mbjS1	0	d295b152-6ed8-bf90-7a99-8b62729ef783
encode	+/0123456789ABCDEFGHIJKLMNOPQRSTUVWXYZabcdefghijklmnopqrstuvwxyz	3e8c2c7f-6697-b1fe-6799-1b8291ec721b		+yX0lzNdSlzaSN4s8Fv56P
decode	+/0123456789ABCDEFGHIJKLMNOPQRSTUVWXYZabcdefghijklmnopqrstuvwxyz	+yX0lzNdSlzaSN4s8Fv56P	0	3e8c2c7f-6697-b1fe-6799-1b8291ec721b
encode	+/0123456789ABCDEFGHIJKLMNOPQRSTUVWXYZabcdefghijklmnopqrstuvwxyz	593590bf-0aaf-cbee-9488-f5d7bfade1ef		/NBN0z0ez9vdG6xRSzfS5j
decode	+/0123456789ABCDEFGHIJKLMNOPQRSTUVWXYZabcdefghijklmnopqrstuvwxyz	/NBN0z0ez9vdG6xRSzfS5j	0	593590bf-0aaf-cbee-9488-f5d7bfade1ef
encode	+/0123456789ABCDEFGHIJKLMNOPQRSTUVWXYZabcdefghijklmnopqrstuvwxyz	c45594e7-181c-750a-9692-0a514c87a72e		12JNHb4/lp0dOG0Z3AVuQi
decode	+/0123456789ABCDEFGHIJKLMNOPQRSTUVWXYZabcdefghijklmnopqrstuvwxyz	12JNHb4/lp0dOG0Z3AVuQi	0	c45594e7-181c-750a-9692-0a514c87a72e
encode	+/0123456789ABCDEFGHIJKLMNOPQRSTUVWXYZabcdefghijklmnopqrstuvwxyz	446f92e9-dea7-f8af-a383-31bcaf592e3f		/2Pt9dreTsfuC1APmjKGsz
decode	+/0123456789ABCDEFGHIJKLMNOPQRSTUVWXYZabcdefghijklmnopqrstuvwxyz	/2Pt9dreTsfuC1APmjKGsz	0	446f92e9-dea7-f8af-a383-31bcaf592e3f
encode	+/0123456789ABCDEFGHIJKLMNOPQRSTUVWXYZabcdefghijklmnopqrstuvwxyz	839aa83e-f697-59f6-20b0-e0879db3ad27		01aeUyxdRNxW0ks6SRguob
decode	+/0123456789ABCDEFGHIJKLMNOPQRSTUVWXYZabcdefghijklmnopqrstuvwxyz	01aeUyxdRNxW0ks6SRguob	0	839aa83e-f697-59f6-20b0-e0879db3ad27
encode	+/0123456789ABCDEFGHIJKLMNOPQRSTUVWXYZabcdefghijklmnopqrstuvwxyz	a14079c2-7138-20fe-fe91-602056290b05		0VE5b0QHUUzjuFM0/K8Eg3
decode	+/0123456789ABCDEFGHIJKLMNOPQRSTUVWXYZabcdefghijklmnopqrstuvwxyz	0VE5b0QHUUzjuFM0/K8Eg3	0	a14079c2-7138-20fe-fe91-602056290b05
encode	+/0123456789ABCDEFGHIJKLMNOPQRSTUVWXYZabcdefghijklmnopqrstuvwxyz	a6da9876-fd13-4489-6360-d7de61ad4ba1		0aqdVqzFB2WKBUpxtVfIiV
decode	+/0123456789ABCDEFGHIJKLMNOPQRSTUVWXYZabcdefghijklmnopqrstuvwxyz	0aqdVqzFB2WKBUpxtVfIiV	0	a6da9876-fd13-4489-6360-d7de61ad4ba1
encode	+/0123456789ABCDEFGHIJKLMNOPQRSTUVWXYZabcdefghijklmnopqrstuvwxyz	0f3f0303-c46a-12b4-c8c3-bcc3ada0e0ac		+DDkA1l4cGhAX1jAChcC0g
decode	+/0123456789ABCDEFGHIJKLMNOPQRSTUVWXYZabcdefghijklmnopqrstuvwxyz	+DDkA1l4cGhAX1jAChcC0g	0	0f3f0303-c46a-12b4-c8c3-bcc3ada0e0ac
encode	+/0123456789ABCDEFGHIJKLMNOPQRSTUVWXYZabcdefghijklmnopqrstuvwxyz	a2b10e7e-a72a-6a4c-a99f-b352f3ca4cfd		0WgEtydmdeH8aTgp9nmYnx
decode	+/0123456789ABCDEFGHIJKLMNOPQRSTUVWXYZabcdefghijklmnopqrstuvwxyz	0WgEtydmdeH8aTgp9nmYnx	0	a2b10e7e-a72a-6a4c-a99f-b352f3ca4cfd
encode	+/0123456789ABCDEFGHIJKLMNOPQRSTUVWXYZabcdefghijklmnopqrstuvwxyz	f7bb5479-fa8b-30c8-0bb0-77028f9d3e89		1ripFtycgkm+ikRk8DbHu7
decode	+/0123456789ABCDEFGHIJKLMNOPQRSTUVWXYZabcdefghijklmnopqrstuvwxyz	1ripFtycgkm+ikRk8DbHu7	0	f7bb5479-fa8b-30c8-0bb0-77028f9d3e89
encode	+/0123456789ABCDEFGHIJKLMNOPQRSTUVWXYZabcdefghijklmnopqrstuvwxyz	72b76c38-e507-8d1c-9f20-eaf481a9c544		/mhqkstESB57wUujG/eQJ2
decode	+/0123456789ABCDEFGHIJKLMNOPQRSTUVWXYZabcdefghijklmnopqrstuvwxyz	/mhqkstESB57wUujG/eQJ2	0	72b76c38-e507-8d1c-9f20-eaf481a9c544
encode	+/0123456789ABCDEFGHIJKLMNOPQRSTUVWXYZabcdefghijklmnopqrstuvwxyz	a950292a-bed3-f2a4-94f2-27b0b890a9e8		0dI0YejhDmd7Hm7v0sY8bc
decode	+/0123456789ABCDEFGHIJKLMNOPQRSTUVWXYZabcdefghijklmnopqrstuvwxyz	0dI0YejhDmd7Hm7v0sY8bc	0	a950292a-bed3-f2a4-94f2-27b0b890a9e8
encode	+/0123456789ABCDEFGHIJKLMNOPQRSTUVWXYZabcdefghijklmnopqrstuvwxyz	639cf9f9-f549-cc3c-3a90-97458d0a566e		/XbDbtxIbAD1eEZoKB0ZNi
decode	+/0123456789ABCDEFGHIJKLMNOPQRSTUVWXYZabcdefghijklmnopqrstuvwxyz	/XbDbtxIbAD1eEZoKB0ZNi	0	639cf9f9-f549-cc3c-3a90-97458d0a566e
encode	+/0123456789ABCDEFGHIJKLMNOPQRSTUVWXYZabcdefghijklmnopqrstuvwxyz	c77d65e0-c46c-a182-b094-ecee2e023d71		15TKLUl4mVUf0IvCsi+Xpl
decode	+/0123456789ABCDEFGHIJKLMNOPQRSTUVWXYZabcdefghijklmnopqrstuvwxyz	15TKLUl4mVUf0IvCsi+Xpl	0	c77d65e0-c46c-a182-b094-ecee2e023d71
encode	+/0123456789ABCDEFGHIJKLMNOPQRSTUVWXYZabcdefghijklmnopqrstuvwxyz	83248160-c149-ddbe-a285-a63b0c97dc95		01763UkIbRje83dXgAZxmJ
decode	+/0123456789ABCDEFGHIJKLMNOPQRSTUVWXYZabcdefghijklmnopqrstuvwxyz	01763UkIbRje83dXgAZxmJ	0	83248160-c149-ddbe-a285-a63b0c97dc95
encode	+/0123456789ABCDEFGHIJKLMNOPQRSTUVWXYZabcdefghijklmnopqrstuvwxyz	8c80560f-9a67-d478-4df0-52eaafcaf7a6		0AU3MDaaTIS2rkIiejmjSa
decode	+/0123456789ABCDEFGHIJKLMNOPQRSTUVWXYZabcdefghijklmnopqrstuvwxyz	0AU3MDaaTIS2rkIiejmjSa	0	8c80560f-9a67-d478-4df0-52eaafcaf7a6
encode	+/0123456789ABCDEFGHIJKLMNOPQRSTUVWXYZabcdefghijklmnopqrstuvwxyz	17fcbd9f-5d6c-f24f-db42-de081e1c2dd8		+Lz9qTLKnmHxh0rUUS50rM
decode	+/0123456789ABCDEFGHIJKLMNOPQRSTUVWXYZabcdefghijklmnopqrstuvwxyz	+Lz9qTLKnmHxh0rUUS50rM	0	17fcbd9f-5d6c-f24f-db42-de081e1c2dd8
encode	+/0123456789ABCDEFGHIJKLMNOPQRSTUVWXYZabcdefghijklmnopqrstuvwxyz	6a703d4b-bb06-0683-19fd-ee64e2bace68		/eQ1p9ikM4UlbxvaHWigtc
decode	+/0123456789ABCDEFGHIJKLMNOPQRSTUVWXYZabcdefghijklmnopqrstuvwxyz	/eQ1p9ikM4UlbxvaHWigtc	0	6a703d4b-bb06-0683-19fd-ee64e2bace68
encode	+/0123456789ABCDEFGHIJKLMNOPQRSTUVWXYZabcdefghijklmnopqrstuvwxyz	58fbde7c-28fd-2871-ef9a-f171e83d80d4		/Myxtw8DocQSyOwL5cDM1I
decode	+/0123456789ABCDEFGHIJKLMNOPQRSTUVWXYZabcdefghijklmnopqrstuvwxyz	/Myxtw8DocQSyOwL5cDM1I	0	58fbde7c-28fd-2871-ef9a-f171e83d80d4
encode	+/0123456789ABCDEFGHIJKLMNOPQRSTUVWXYZabcdefghijklmnopqrstuvwxyz	acd5879a-6edf-d1d1-df54-4f3d480c64e1		0gpMSOPhzFoRxIHnp614HV
decode	+/0123456789ABCDEFGHIJKLMNOPQRSTUVWXYZabcdefghijklmnopqrstuvwxyz	0gpMSOPhzFoRxIHnp614HV	0	acd5879a-6edf-d1d1-df54-4f3d480c64e1
encode	+/0123456789ABCDEFGHIJKLMNOPQRSTUVWXYZabcdefghijklmnopqrstuvwxyz	b5d449ae-8a8e-25ac-2e60-6cd343791cac		0pp2aiWcsZf0tUPBB1SFmg
decode	+/0123456789ABCDEFGHIJKLMNOPQRSTUVWXYZabcdefghijklmnopqrstuvwxyz	0pp2aiWcsZf0tUPBB1SFmg	0	b5d449ae-8a8e-25ac-2e60-6cd343791cac
encode	+/0123456789ABCDEFGHIJKLMNOPQRSTUVWXYZabcdefghijklmnopqrstuvwxyz	e5bb8ced-b2c5-b03a-2728-d63155650583		1ZisnhggKkCWQcpX3JNEK1
decode	+/0123456789ABCDEFGHIJKLMNOPQRSTUVWXYZabcdefghijklmnopqrstuvwxyz	1ZisnhggKkCWQcpX3JNEK1	0	e5bb8ced-b2c5-b03a-2728-d63155650583
encode	+/0123456789ABCDEFGHIJKLMNOPQRSTUVWXYZabcdefghijklmnopqrstuvwxyz	2ed83bb2-d422-6e8f-0835-260510492341		+iq1imp07iXkUp7UIEGGB/
decode	+/0123456789ABCDEFGHIJKLMNOPQRSTUVWXYZabcdefghijklmnopqrstuvwxyz	+iq1imp07iXkUp7UIEGGB/	0	2ed83bb2-d422-6e8f-0835-260510492341
encode	+/0123456789ABCDEFGHIJKLMNOPQRSTUVWXYZabcdefghijklmnopqrstuvwxyz	98b58bad-23a9-922e-e4de-9d03be5a7c2d		0MhMih6uaG9iHSbECyKbkh
decode	+/0123456789ABCDEFGHIJKLMNOPQRSTUVWXYZabcdefghijklmnopqrstuvwxyz	0MhMih6uaG9iHSbECyKbkh	0	98b58bad-23a9-922e-e4de-9d03be5a7c2d
encode	+/0123456789ABCDEFGHIJKLMNOPQRSTUVWXYZabcdefghijklmnopqrstuvwxyz	c55fcb3f-03a2-20fb-c7c6-25b47463c453		13Lwgz+u6UywT47PFoMwFH
decode	+/0123456789ABCDEFGHIJKLMNOPQRSTUVWXYZabcdefghijklmnopqrstuvwxyz	13Lwgz+u6UywT47PFoMwFH	0	c55fcb3f-03a2-20fb-c7c6-25b47463c453
encode	+/0123456789ABCDEFGHIJKLMNOPQRSTUVWXYZabcdefghijklmnopqrstuvwxyz	a127b1f5-5e7c-86b3-032d-8cb0f1770dec		0V7v5pLbm4gkAhX91lRkrg
decode	+/0123456789ABCDEFGHIJKLMNOPQRSTUVWXYZabcdefghijklmnopqrstuvwxyz	0V7v5pLbm4gkAhX91lRkrg	0	a127b1f5-5e7c-86b3-032d-8cb0f1770dec
encode	+/0123456789ABCDEFGHIJKLMNOPQRSTUVWXYZabcdefghijklmnopqrstuvwxyz	522ae008-ed56-22d6-c009-3de57d4db42a		/G8i+6vJMWpg+7DSJxHPEe
decode	+/0123456789ABCDEFGHIJKLMNOPQRSTUVWXYZabcdefghijklmnopqrstuvwxyz	/G8i+6vJMWpg+7DSJxHPEe	0	522ae008-ed56-22d6-c009-3de57d4db42a
encode	+/0123456789ABCDEFGHIJKLMNOPQRSTUVWXYZabcdefghijklmnopqrstuvwxyz	9a5376b9-fb20-bb30-276c-21192f539f39		0OIrOtym0vA0Rg6FYjItwt
decode	+/0123456789ABCDEFGHIJKLMNOPQRSTUVWXYZabcdefghijklmnopqrstuvwxyz	0OIrOtym0vA0Rg6FYjItwt	0	9a5376b9-fb20-bb30-276c-21192f539f39
encode	+/0123456789ABCDEFGHIJKLMNOPQRSTUVWXYZabcdefghijklmnopqrstuvwxyz	ef6d05a0-7f0e-75d4-32d8-2b850efdb685		1jPEKUTktpp19M8sICzPO3
decode	+/0123456789ABCDEFGHIJKLMNOPQRSTUVWXYZabcdefghijklmnopqrstuvwxyz	1jPEKUTktpp19M8sICzPO3	0	ef6d05a0-7f0e-75d4-32d8-2b850efdb685
encode	+/0123456789ABCDEFGHIJKLMNOPQRSTUVWXYZabcdefghijklmnopqrstuvwxyz	69d89f08-3d8f-54f0-fd77-3f3923b95b84		/dq7w6DMxIwDprDnYXiJi2
decode	+/0123456789ABCDEFGHIJKLMNOPQRSTUVWXYZabcdefghijklmnopqrstuvwxyz	/dq7w6DMxIwDprDnYXiJi2	0	69d89f08-3d8f-54f0-fd77-3f3923b95b84
encode	+/0123456789ABCDEFGHIJKLMNOPQRSTUVWXYZabcdefghijklmnopqrstuvwxyz	be200c61-ebcc-c3de-9f17-776b30c2db45		0y6+lVuwn1rdwLRqgkkhh3
decode	+/0123456789ABCDEFGHIJKLMNOPQRSTUVWXYZabcdefghijklmnopqrstuvwxyz	0y6+lVuwn1rdwLRqgkkhh3	0	be200c61-ebcc-c3de-9f17-776b30c2db45
encode	+/0123456789ABCDEFGHIJKLMNOPQRSTUVWXYZabcdefghijklmnopqrstuvwxyz	0e92854f-9abf-3c8a-9e13-95b8df121c38		+CYcJDafwwWdsHZPXT2Vks
decode	+/0123456789ABCDEFGHIJKLMNOPQRSTUVWXYZabcdefghijklmnopqrstuvwxyz	+CYcJDafwwWdsHZPXT2Vks	0	0e92854f-9abf-3c8a-9e13-95b8df121c38
encode	+/0123456789ABCDEFGHIJKLMNOPQRSTUVWXYZabcdefghijklmnopqrstuvwxyz	5f59fa00-63e0-307b-255a-4c4cebc02a8e		/TKTc+My+kSmJOH2nfk0eC
decode	+/0123456789ABCDEFGHIJKLMNOPQRSTUVWXYZabcdefghijklmnopqrstuvwxyz	/TKTc+My+kSmJOH2nfk0eC	0	5f59fa00-63e0-307b-255a-4c4cebc02a8e
encode	+/0123456789ABCDEFGHIJKLMNOPQRSTUVWXYZabcdefghijklmnopqrstuvwxyz	7e6e1992-9ab2-9426-bf0c-38067ff297b4		/yPVaGaf8I7fwAC+NzwdSo
decode	+/0123456789ABCDEFGHIJKLMNOPQRSTUVWXYZabcdefghijklmnopqrstuvwxyz	/yPVaGaf8I7fwAC+NzwdSo	0	7e6e1992-9ab2-9426-bf0c-38067ff297b4
encode	+/0123456789ABCDEFGHIJKLMNOPQRSTUVWXYZabcdefghijklmnopqrstuvwxyz	42783c27-5250-bb10-1c18-567659386d7d		/0S1kbIZ0v2/kMJbNNC4px
decode	+/0123456789ABCDEFGHIJKLMNOPQRSTUVWXYZabcdefghijklmnopqrstuvwxyz	/0S1kbIZ0v2/kMJbNNC4px	0	42783c27-5250-bb10-1c18-567659386d7d
encode	+/0123456789ABCDEFGHIJKLMNOPQRSTUVWXYZabcdefghijklmnopqrstuvwxyz	293b37b6-8a6c-7982-c295-c0f76bd0abc1		+dCnSqWaltUg8JkDRfo8j/
decode	+/0123456789ABCDEFGHIJKLMNOPQRSTUVWXYZabcdefghijklmnopqrstuvwxyz	+dCnSqWaltUg8JkDRfo8j/	0	293b37b6-8a6c-7982-c295-c0f76bd0abc1
encode	+/0123456789ABCDEFGHIJKLMNOPQRSTUVWXYZabcdefghijklmnopqrstuvwxyz	5f57c5cf-fd29-2434-d505-bc063a7279d3		/TJwLDzGYYBBI3j+MuQbbH
decode	+/0123456789ABCDEFGHIJKLMNOPQRSTUVWXYZabcdefghijklmnopqrstuvwxyz	/TJwLDzGYYBBI3j+MuQbbH	0	5f57c5cf-fd29-2434-d505-bc063a7279d3
encode	+/0123456789ABCDEFGHIJKLMNOPQRSTUVWXYZabcdefghijklmnopqrstuvwxyz	fff7d614-d769-570b-162b-07b37c6c6fd2		1zxxMIpqZL0lMf/vBwP4zG
decode	+/0123456789ABCDEFGHIJKLMNOPQRSTUVWXYZabcdefghijklmnopqrstuvwxyz	1zxxMIpqZL0lMf/vBwP4zG	0	fff7d614-d769-570b-162b-07b37c6c6fd2
encode	+/0123456789ABCDEFGHIJKLMNOPQRSTUVWXYZabcdefghijklmnopqrstuvwxyz	828595a3-ef76-df23-84f3-07f187d933a1		00VNKXvrPT6sHn/z45qHCV
decode	+/0123456789ABCDEFGHIJKLMNOPQRSTUVWXYZabcdefghijklmnopqrstuvwxyz	00VNKXvrPT6sHn/z45qHCV	0	828595a3-ef76-df23-84f3-07f187d933a1
encode	+/0123456789ABCDEFGHIJKLMNOPQRSTUVWXYZabcdefghijklmnopqrstuvwxyz	4665820d-c099-15cf-f92c-7f650c84dac8		/4NM6Bk7YJnzYgTqIAVBf6
decode	+/0123456789ABCDEFGHIJKLMNOPQRSTUVWXYZabcdefghijklmnopqrstuvwxyz	/4NM6Bk7YJnzYgTqIAVBf6	0	4665820d-c099-15cf-f92c-7f650c84dac8
encode	+/0123456789ABCDEFGHIJKLMNOPQRSTUVWXYZabcdefghijklmnopqrstuvwxyz	37964c7f-0b8a-2bb5-46c4-9b7e2e231bf4		+rZYlz0scfhIP2arsi6ljo
decode	+/0123456789ABCDEFGHIJKLMNOPQRSTUVWXYZabcdefghijklmnopqrstuvwxyz	+rZYlz0scfhIP2arsi6ljo	0	37964c7f-0b8a-2bb5-46c4-9b7e2e231bf4
encode	+/0123456789ABCDEFGHIJKLMNOPQRSTUVWXYZabcdefghijklmnopqrstuvwxyz	33df5bbf-c243-f2e5-8418-e630d18503b2		+nrpizkYDmtMEMtX1FVECm
decode	+/0123456789ABCDEFGHIJKLMNOPQRSTUVWXYZabcdefghijklmnopqrstuvwxyz	+nrpizkYDmtMEMtX1FVECm	0	33df5bbf-c243-f2e5-8418-e630d18503b2
encode	+/0123456789ABCDEFGHIJKLMNOPQRSTUVWXYZabcdefghijklmnopqrstuvwxyz	39df55bd-4425-62c5-1c57-64e170fa3b51		+trpKxF0JWlFlLNC3kyXhF
decode	+/0123456789ABCDEFGHIJKLMNOPQRSTUVWXYZabcdefghijklmnopqrstuvwxyz	+trpKxF0JWlFlLNC3kyXhF	0	39df55bd-4425-62c5-1c57-64e170fa3b51
encode	+/0123456789ABCDEFGHIJKLMNOPQRSTUVWXYZabcdefghijklmnopqrstuvwxyz	3d973267-addb-beb5-d885-52c6cd839563		+xZn7bfRiyhRW3IgPBUtJX
decode	+/0123456789ABCDEFGHIJKLMNOPQRSTUVWXYZabcdefghijklmnopqrstuvwxyz	+xZn7bfRiyhRW3IgPBUtJX	0	3d973267-addb-beb5-d885-52c6cd839563
encode	+/0123456789ABCDEFGHIJKLMNOPQRSTUVWXYZabcdefghijklmnopqrstuvwxyz	64015d6b-efca-4070-5ba3-aeb2c575ff1d		/Y+Jpfvwd+Q3iXff93RTwR
decode	+/0123456789ABCDEFGHIJKLMNOPQRSTUVWXYZabcdefghijklmnopqrstuvwxyz	/Y+Jpfvwd+Q3iXff93RTwR	0	64015d6b-efca-4070-5ba3-aeb2c575ff1d
encode	+/0123456789ABCDEFGHIJKLMNOPQRSTUVWXYZabcdefghijklmnopqrstuvwxyz	9b70ff73-aa55-228f-8647-150cf401eb6a		0PQDxneZIWXsN53Eno+She
decode	+/0123456789ABCDEFGHIJKLMNOPQRSTUVWXYZabcdefghijklmnopqrstuvwxyz	0PQDxneZIWXsN53Eno+She	0	9b70ff73-aa55-228f-8647-150cf401eb6a
encode	+/0123456789ABCDEFGHIJKLMNOPQRSTUVWXYZabcdefghijklmnopqrstuvwxyz	dbf625ae-c3c2-c4cb-26ab-372bd00fff21		1PxWKikw92mmOfBmjE1zwV
decode	+/0123456789ABCDEFGHIJKLMNOPQRSTUVWXYZabcdefghijklmnopqrstuvwxyz	1PxWKikw92mmOfBmjE1zwV	0	dbf625ae-c3c2-c4cb-26ab-372bd00fff21
encode	+/0123456789ABCDEFGHIJKLMNOPQRSTUVWXYZabcdefghijklmnopqrstuvwxyz	151114fd-5664-d521-b2af-5982c3385926		+J2FHxJaHJ6P8jKM91C3Ya
decode	+/0123456789ABCDEFGHIJKLMNOPQRSTUVWXYZabcdefghijklmnopqrstuvwxyz	+J2FHxJaHJ6P8jKM91C3Ya	0	151114fd-5664-d521-b2af-5982c3385926
encode	+/0123456789ABCDEFGHIJKLMNOPQRSTUVWXYZabcdefghijklmnopqrstuvwxyz	937120ed-706d-aa0d-680d-6a196b8310e4		0HQG1hQ4qe1KUBOVZfUl1Y
decode	+/0123456789ABCDEFGHIJKLMNOPQRSTUVWXYZabcdefghijklmnopqrstuvwxyz	0HQG1hQ4qe1KUBOVZfUl1Y	0	937120ed-706d-aa0d-680d-6a196b8310e4
encode	+/0123456789ABCDEFGHIJKLMNOPQRSTUVWXYZabcdefghijklmnopqrstuvwxyz	37c1818f-88e9-2e47-9f1a-ef9e7953314d		+rkM4DWCYiFtwOvtttIn3B
decode	+/0123456789ABCDEFGHIJKLMNOPQRSTUVWXYZabcdefghijklmnopqrstuvwxyz	+rkM4DWCYiFtwOvtttIn3B	0	37c1818f-88e9-2e47-9f1a-ef9e7953314d
encode	+/0123456789ABCDEFGHIJKLMNOPQRSTUVWXYZabcdefghijklmnopqrstuvwxyz	7ef077a6-6b62-12af-729e-7fab50c7f6f4		/yw5SaOq6Gfr8STuhElzPo
decode	+/0123456789ABCDEFGHIJKLMNOPQRSTUVWXYZabcdefghijklmnopqrstuvwxyz	/yw5SaOq6Gfr8STuhElzPo	0	7ef077a6-6b62-12af-729e-7fab50c7f6f4
encode	+/0123456789ABCDEFGHIJKLMNOPQRSTUVWXYZabcdefghijklmnopqrstuvwxyz	651cce94-6c97-a8cf-6541-e8741a95d561		/Z5AuIP7ScnqJ/u5EOZRJV
decode	+/0123456789ABCDEFGHIJKLMNOPQRSTUVWXYZabcdefghijklmnopqrstuvwxyz	/Z5AuIP7ScnqJ/u5EOZRJV	0	651cce94-6c97-a8cf-6541-e8741a95d561
encode	+/0123456789ABCDEFGHIJKLMNOPQRSTUVWXYZabcdefghijklmnopqrstuvwxyz	f8166998-2758-b05c-a4bd-2b65259160f3		1s3aaM7pWkL8Gx8qIZYK1n
decode	+/0123456789ABCDEFGHIJKLMNOPQRSTUVWXYZabcdefghijklmnopqrstuvwxyz	1s3aaM7pWkL8Gx8qIZYK1n	0	f8166998-2758-b05c-a4bd-2b65259160f3
encode	+/0123456789ABCDEFGHIJKLMNOPQRSTUVWXYZabcdefghijklmnopqrstuvwxyz	24e5d0d1-ce4f-2b77-5c85-ed50ce362ff6		+YtR1FnYwfRpm3vJ1CBWzq
decode	+/0123456789ABCDEFGHIJKLMNOPQRSTUVWXYZabcdefghijklmnopqrstuvwxyz	+YtR1FnYwfRpm3vJ1CBWzq	0	24e5d0d1-ce4f-2b77-5c85-ed50ce362ff6
encode	+/0123456789ABCDEFGHIJKLMNOPQRSTUVWXYZabcdefghijklmnopqrstuvwxyz	82d15ded-5622-4dd8-eaa8-6e39ac4d96f3		00oJrhJW7BqCecPXagHNPn
decode	+/0123456789ABCDEFGHIJKLMNOPQRSTUVWXYZabcdefghijklmnopqrstuvwxyz	00oJrhJW7BqCecPXagHNPn	0	82d15ded-5622-4dd8-eaa8-6e39ac4d96f3
encode	+/0123456789ABCDEFGHIJKLMNOPQRSTUVWXYZabcdefghijklmnopqrstuvwxyz	5d66f9cf-f406-a116-c133-97190e4f8476		/RNjbDx+OV3g2nZlYCHsFq
decode	+/0123456789ABCDEFGHIJKLMNOPQRSTUVWXYZabcdefghijklmnopqrstuvwxyz	/RNjbDx+OV3g2nZlYCHsFq	0	5d66f9cf-f406-a116-c133-97190e4f8476
encode	+/0123456789ABCDEFGHIJKLMNOPQRSTUVWXYZabcdefghijklmnopqrstuvwxyz	75d3d623-eee5-9005-17c3-0f7044e3293e		/poxMXviKE/FT11r/2smYy
decode	+/0123456789ABCDEFGHIJKLMNOPQRSTUVWXYZabcdefghijklmnopqrstuvwxyz	/poxMXviKE/FT11r/2smYy	0	75d3d623-eee5-9005-17c3-0f7044e3293e
encode	+/0123456789ABCDEFGHIJKLMNOPQRSTUVWXYZabcdefghijklmnopqrstuvwxyz	21adceeb-242a-7e11-c1c2-7aa76fa82888		+VfQvf70dy2Q50SeRje0W6
decode	+/0123456789ABCDEFGHIJKLMNOPQRSTUVWXYZabcdefghijklmnopqrstuvwxyz	+VfQvf70dy2Q50SeRje0W6	0	21adceeb-242a-7e11-c1c2-7aa76fa82888
encode	+/0123456789ABCDEFGHIJKLMNOPQRSTUVWXYZabcdefghijklmnopqrstuvwxyz	5bef9d28-1732-1e37-6c53-75f3dcee76e3		/Pvtoc3n6SBqlHRTDQvbPX
decode	+/0123456789ABCDEFGHIJKLMNOPQRSTUVWXYZabcdefghijklmnopqrstuvwxyz	/Pvtoc3n6SBqlHRTDQvbPX	0	5bef9d28-1732-1e37-6c53-75f3dcee76e3
encode	+/0123456789ABCDEFGHIJKLMNOPQRSTUVWXYZabcdefghijklmnopqrstuvwxyz	9e72b017-ca15-40c6-9f13-548f50857fe3		0SQf+LmVJ+ldwHJ6xEVLzX
decode	+/0123456789ABCDEFGHIJKLMNOPQRSTUVWXYZabcdefghijklmnopqrstuvwxyz	0SQf+LmVJ+ldwHJ6xEVLzX	0	9e72b017-ca15-40c6-9f13-548f50857fe3
encode	+/0123456789ABCDEFGHIJKLMNOPQRSTUVWXYZabcdefghijklmnopqrstuvwxyz	980399b0-8465-9848-8bd2-782bcbed9255		0M+takV4KMG6jGS0j9vN7J
decode	+/0123456789ABCDEFGHIJKLMNOPQRSTUVWXYZabcdefghijklmnopqrstuvwxyz	0M+takV4KMG6jGS0j9vN7J	0	980399b0-8465-9848-8bd2-782bcbed9255
encode	+/0123456789ABCDEFGHIJKLMNOPQRSTUVWXYZabcdefghijklmnopqrstuvwxyz	93bd31a6-888f-d192-5984-49a73671780d		0HjH4aW6zFYZa2GOQqQLUB
decode	+/0123456789ABCDEFGHIJKLMNOPQRSTUVWXYZabcdefghijklmnopqrstuvwxyz	0HjH4aW6zFYZa2GOQqQLUB	0	93bd31a6-888f-d192-5984-49a73671780d
encode	+/0123456789ABCDEFGHIJKLMNOPQRSTUVWXYZabcdefghijklmnopqrstuvwxyz	7eceb62f-b1fe-7564-1d34-66ede96b7bcd		/ynfMjgTtpN/ooNirdOrjB
decode	+/0123456789ABCDEFGHIJKLMNOPQRSTUVWXYZabcdefghijklmnopqrstuvwxyz	/ynfMjgTtpN/ooNirdOrjB	0	7eceb62f-b1fe-7564-1d34-66ede96b7bcd
encode	+/0123456789ABCDEFGHIJKLMNOPQRSTUVWXYZabcdefghijklmnopqrstuvwxyz	97b9ca97-3f4b-5f62-4aca-3ed91ee9afcf		0LiQeLDohTMYf8DhYSuOzD
decode	+/0123456789ABCDEFGHIJKLMNOPQRSTUVWXYZabcdefghijklmnopqrstuvwxyz	0LiQeLDohTMYf8DhYSuOzD	0	97b9ca97-3f4b-5f62-4aca-3ed91ee9afcf
encode	+/0123456789ABCDEFGHIJKLMNOPQRSTUVWXYZabcdefghijklmnopqrstuvwxyz	bae8120e-a9d6-581a-036e-1a8489243435		0uu/6CeRNM4UBi4cG771Ep
decode	+/0123456789ABCDEFGHIJKLMNOPQRSTUVWXYZabcdefghijklmnopqrstuvwxyz	0uu/6CeRNM4UBi4cG771Ep	0	bae8120e-a9d6-581a-036e-1a8489243435
encode	+/0123456789ABCDEFGHIJKLMNOPQRSTUVWXYZabcdefghijklmnopqrstuvwxyz	f1fff608-6ca8-26f2-32d4-241a86340290		1lzzM6P8UawX9I7/e4B+8E
decode	+/0123456789ABCDEFGHIJKLMNOPQRSTUVWXYZabcdefghijklmnopqrstuvwxyz	1lzzM6P8UawX9I7/e4B+8E	0	f1fff608-6ca8-26f2-32d4-241a86340290
encode	+/0123456789ABCDEFGHIJKLMNOPQRSTUVWXYZabcdefghijklmnopqrstuvwxyz	bc1d1525-f52a-ac04-2b4a-c38909462335		0w5FIZxGeg/0h8ksY7FWAp
decode	+/0123456789ABCDEFGHIJKLMNOPQRSTUVWXYZabcdefghijklmnopqrstuvwxyz	0w5FIZxGeg/0h8ksY7FWAp	0	bc1d1525-f52a-ac04-2b4a-c38909462335
encode	+/0123456789ABCDEFGHIJKLMNOPQRSTUVWXYZabcdefghijklmnopqrstuvwxyz	360d69f5-804b-99f3-7fd7-89c7d8710418		+q1KbpU2iNwrzLWQTMQEEM
decode	+/0123456789ABCDEFGHIJKLMNOPQRSTUVWXYZabcdefghijklmnopqrstuvwxyz	+q1KbpU2iNwrzLWQTMQEEM	0	360d69f5-804b-99f3-7fd7-89c7d8710418
encode	+/0123456789ABCDEFGHIJKLMNOPQRSTUVWXYZabcdefghijklmnopqrstuvwxyz	c2276ae4-5160-19cd-5bba-c1ea5d3b4b42		107qfYIK+NnJiukSdRCoh0
decode	+/0123456789ABCDEFGHIJKLMNOPQRSTUVWXYZabcdefghijklmnopqrstuvwxyz	107qfYIK+NnJiukSdRCoh0	0	c2276ae4-5160-19cd-5bba-c1ea5d3b4b42
encode	+/0123456789ABCDEFGHIJKLMNOPQRSTUVWXYZabcdefghijklmnopqrstuvwxyz	c1a5d3e7-13af-f473-8091-89d3e08f0062		1/dRDb2uzoQs0FWRDUXk/W
decode	+/0123456789ABCDEFGHIJKLMNOPQRSTUVWXYZabcdefghijklmnopqrstuvwxyz	1/dRDb2uzoQs0FWRDUXk/W	0	c1a5d3e7-13af-f473-8091-89d3e08f0062
encode	+/0123456789ABCDEFGHIJKLMNOPQRSTUVWXYZabcdefghijklmnopqrstuvwxyz	078a7354-a3ae-5d78-c9a7-3f653521fe3f		+5WbBIcutRSAabDqIp6Tsz
decode	+/0123456789ABCDEFGHIJKLMNOPQRSTUVWXYZabcdefghijklmnopqrstuvwxyz	+5WbBIcutRSAabDqIp6Tsz	0	078a7354-a3ae-5d78-c9a7-3f653521fe3f
encode	+/0123456789ABCDEFGHIJKLMNOPQRSTUVWXYZabcdefghijklmnopqrstuvwxyz	216d38ce-2e3a-3651-79e9-6d713dbf452e		+VPHXC9XcqILbdPL2xjoIi
decode	+/0123456789ABCDEFGHIJKLMNOPQRSTUVWXYZabcdefghijklmnopqrstuvwxyz	+VPHXC9XcqILbdPL2xjoIi	0	216d38ce-2e3a-3651-79e9-6d713dbf452e
encode	+/0123456789ABCDEFGHIJKLMNOPQRSTUVWXYZabcdefghijklmnopqrstuvwxyz	a23aeade-fbeb-f3cc-521c-2c1d8696a4eb		0WCifSyyjnn36Q9/q4ZeHf
decode	+/0123456789ABCDEFGHIJKLMNOPQRSTUVWXYZabcdefghijklmnopqrstuvwxyz	0WCifSyyjnn36Q9/q4ZeHf	0	a23aeade-fbeb-f3cc-521c-2c1d8696a4eb
encode	+/0123456789ABCDEFGHIJKLMNOPQRSTUVWXYZabcdefghijklmnopqrstuvwxyz	1dea3364-6236-3b8e-5f6f-398a745c3a5a		+RuXBYMXMvXZxjCMdoL1dO
decode	+/0123456789ABCDEFGHIJKLMNOPQRSTUVWXYZabcdefghijklmnopqrstuvwxyz	+RuXBYMXMvXZxjCMdoL1dO	0	1dea3364-6236-3b8e-5f6f-398a745c3a5a
encode	+/0123456789ABCDEFGHIJKLMNOPQRSTUVWXYZabcdefghijklmnopqrstuvwxyz	1b4a43c8-d64b-9f05-08ae-dd1847b83c13		+PGYD6pYiT/EWirFV5i1kH
decode	+/0123456789ABCDEFGHIJKLMNOPQRSTUVWXYZabcdefghijklmnopqrstuvwxyz	+PGYD6pYiT/EWirFV5i1kH	0	1b4a43c8-d64b-9f05-08ae-dd1847b83c13
encode	+/0123456789ABCDEFGHIJKLMNOPQRSTUVWXYZabcdefghijklmnopqrstuvwxyz	af4bc6c5-37ae-f831-c61f-e4d994251e98		0jGwP3BuvsAQMTtBaI7FuM
decode	+/0123456789ABCDEFGHIJKLMNOPQRSTUVWXYZabcdefghijklmnopqrstuvwxyz	0jGwP3BuvsAQMTtBaI7FuM	0	af4bc6c5-37ae-f831-c61f-e4d994251e98
encode	+/0123456789ABCDEFGHIJKLMNOPQRSTUVWXYZabcdefghijklmnopqrstuvwxyz	a4a62fd6-46b0-fe2c-e79b-27e52582ca8c		0YdWzKFf1y9CSP7yIZUgeA
decode	+/0123456789ABCDEFGHIJKLMNOPQRSTUVWXYZabcdefghijklmnopqrstuvwxyz	0YdWzKFf1y9CSP7yIZUgeA	0	a4a62fd6-46b0-fe2c-e79b-27e52582ca8c
encode	+/0123456789ABCDEFGHIJKLMNOPQRSTUVWXYZabcdefghijklmnopqrstuvwxyz	90b45252-0dea-65b0-98aa-8dbe3976efab		0Eh37G1SdZg7WeXPstRiyf
decode	+/0123456789ABCDEFGHIJKLMNOPQRSTUVWXYZabcdefghijklmnopqrstuvwxyz	0Eh37G1SdZg7WeXPstRiyf	0	90b45252-0dea-65b0-98aa-8dbe3976efab
encode	+/0123456789ABCDEFGHIJKLMNOPQRSTUVWXYZabcdefghijklmnopqrstuvwxyz	e6b27037-4da0-52f8-df9b-61bb6cf069c6		1agb+rHO/GyByPMPhgw4b4
decode	+/0123456789ABCDEFGHIJKLMNOPQRSTUVWXYZabcdefghijklmnopqrstuvwxyz	1agb+rHO/GyByPMPhgw4b4	0	e6b27037-4da0-52f8-df9b-61bb6cf069c6
encode	+/0123456789ABCDEFGHIJKLMNOPQRSTUVWXYZabcdefghijklmnopqrstuvwxyz	550d1d5c-bd8d-42a4-1711-3d9bdd9b92e5		/J1FpQjMp0d/QFDNjRat9Z
decode	+/0123456789ABCDEFGHIJKLMNOPQRSTUVWXYZabcdefghijklmnopqrstuvwxyz	/J1FpQjMp0d/QFDNjRat9Z	0	550d1d5c-bd8d-42a4-1711-3d9bdd9b92e5
encode	+/0123456789ABCDEFGHIJKLMNOPQRSTUVWXYZabcdefghijklmnopqrstuvwxyz	c8098ec2-5a12-b764-95f7-120e9882aafc		160Mv0KV8rN7Lr2UuMUefw
decode	+/0123456789ABCDEFGHIJKLMNOPQRSTUVWXYZabcdefghijklmnopqrstuvwxyz	160Mv0KV8rN7Lr2UuMUefw	0	c8098ec2-5a12-b764-95f7-120e9882aafc
encode	+/0123456789ABCDEFGHIJKLMNOPQRSTUVWXYZabcdefghijklmnopqrstuvwxyz	8b721646-fcbb-9119-7e87-06318ad26965		09QVN4z9iF4Lu5/X48oaZZ
decode	+/0123456789ABCDEFGHIJKLMNOPQRSTUVWXYZabcdefghijklmnopqrstuvwxyz	09QVN4z9iF4Lu5/X48oaZZ	0	8b721646-fcbb-9119-7e87-06318ad26965
encode	+/0123456789ABCDEFGHIJKLMNOPQRSTUVWXYZabcdefghijklmnopqrstuvwxyz	97e44713-e4ac-8b9a-b06a-da05a45d19ac		0Lt2QHt8m9af/eqUKYLFag
decode	+/0123456789ABCDEFGHIJKLMNOPQRSTUVWXYZabcdefghijklmnopqrstuvwxyz	0Lt2QHt8m9af/eqUKYLFag	0	97e44713-e4ac-8b9a-b06a-da05a45d19ac
encode	+/0123456789ABCDEFGHIJKLMNOPQRSTUVWXYZabcdefghijklmnopqrstuvwxyz	63d5162e-0c45-0cb4-5e35-b24ab517de3f		/XpFMi12IAh3spgYep3xsz
decode	+/0123456789ABCDEFGHIJKLMNOPQRSTUVWXYZabcdefghijklmnopqrstuvwxyz	/XpFMi12IAh3spgYep3xsz	0	63d5162e-0c45-0cb4-5e35-b24ab517de3f
encode	+/0123456789ABCDEFGHIJKLMNOPQRSTUVWXYZabcdefghijklmnopqrstuvwxyz	54ca67b7-5de4-403f-4e12-1557c42594f7		/ImaSrLSF+DosG3JT27NHr
decode	+/0123456789ABCDEFGHIJKLMNOPQRSTUVWXYZabcdefghijklmnopqrstuvwxyz	/ImaSrLSF+DosG3JT27NHr	0	54ca67b7-5de4-403f-4e12-1557c42594f7
encode_pad	+/0123456789ABCDEFGHIJKLMNOPQRSTUVWXYZabcdefghijklmnopqrstuvwxyz	74031b44-984e-1508-a081-dfe61fbeb403	1	/o+lh2a2sJ080/ryMTjfE1
encode_pad	+/0123456789ABCDEFGHIJKLMNOPQRSTUVWXYZabcdefghijklmnopqrstuvwxyz	dfb38ed7-6803-3ea7-878b-178faa310b3f	5	1TgsvLO+AydsS93syeAEgz
encode_pad	+/0123456789ABCDEFGHIJKLMNOPQRSTUVWXYZabcdefghijklmnopqrstuvwxyz	aa89c148-f9d8-2c2a-7935-5791260225a1	22	0eWQ36yRUg8bYpJt2a+WKV
encode_pad	+/0123456789ABCDEFGHIJKLMNOPQRSTUVWXYZabcdefghijklmnopqrstuvwxyz	8d35d27f-425a-8730-bb4f-f34227c31f4d	40	++++++++++++++++++0BBR7zEZe5A9hDwo6bklxB
decode	+/0123456789ABCDEFGHIJKLMNOPQRSTUVWXYZabcdefghijklmnopqrstuvwxyz	1	0	00000000-0000-0000-0000-000000000003
decode	+/0123456789ABCDEFGHIJKLMNOPQRSTUVWXYZabcdefghijklmnopqrstuvwxyz	1zi	0	00000000-0000-0000-0000-000000003fee
decode	+/0123456789ABCDEFGHIJKLMNOPQRSTUVWXYZabcdefghijklmnopqrstuvwxyz	1zitnPT	0	00000000-0000-0000-0000-003feee736df
decode	+/0123456789ABCDEFGHIJKLMNOPQRSTUVWXYZabcdefghijklmnopqrstuvwxyz	xZPYGibErcyOsnFTPntiz1	1	ffbb9cdb-7d1c-f86b-ea37-427b9291b97d
get_alphabet	aaaaabcdefgh1230123	0		0123abcdefgh
get_alphabet	aaaaabcdefgh1230123	1		abcdefgh1230
encoded_length	0123abcdefgh	16		36
encoded_length	0123abcdefgh	8		18
encoded_length	0123abcdefgh	4		9
encoded_length	0123abcdefgh	32		72
encode	0123abcdefgh	00f3179f-b7d1-a239-8747-f9d947ba130c		0030h13ghdc33b0bd2ab10dce32hgfada1ga
decode	0123abcdefgh	0030h13ghdc33b0bd2ab10dce32hgfada1ga	0	00f3179f-b7d1-a239-8747-f9d947ba130c
encode	0123abcdefgh	f593d13c-0d97-da95-22a0-5763b1a654df		bc3fdhafe2bgfdb23gggeac3cfhf0dh1hfhh
decode	0123abcdefgh	bc3fdhafe2bgfdb23gggeac3cfhf0dh1hfhh	0	f593d13c-0d97-da95-22a0-5763b1a654df
encode	0123abcdefgh	4b3ed8db-0163-0a9f-a079-9aa3e9fc2a86		1e3g0bdbfaa0ehbffgeddcffd1afcebg0e0c
decode	0123abcdefgh	1e3g0bdbfaa0ehbffgeddcffd1afcebg0e0c	0	4b3ed8db-0163-0a9f-a079-9aa3e9fc2a86
encode	0123abcdefgh	c3b51855-0115-a1c5-0b8e-c471eb70136a		aag2ae03b02000bb2fa11fc0h1dbcaec1hg2
decode	0123abcdefgh	aag2ae03b02000bb2fa11fc0h1dbcaec1hg2	0	c3b51855-0115-a1c5-0b8e-c471eb70136a
encode	0123abcdefgh	c90199b7-34ac-fbce-1782-db70f93dd684		ac3ab3fea0fg23gd0g3fgdaef2a22f32fcea
decode	0123abcdefgh	ac3ab3fea0fg23gd0g3fgdaef2a22f32fcea	0	c90199b7-34ac-fbce-1782-db70f93dd684
encode	0123abcdefgh	4fab1e4a-4536-97b7-6345-5c3ef45a4121		1fc20ach2d3cabgdfd3d333bgdgbafgd03fb
decode	0123abcdefgh	1fc20ach2d3cabgdfd3d333bgdgbafgd03fb	0	4fab1e4a-4536-97b7-6345-5c3ef45a4121
encode	0123abcdefgh	cec17e2c-3b65-fd3c-23b4-35cd09fc1a19		adg003cadcdfccd03hah0heah2db2de0ghef
decode	0123abcdefgh	adg003cadcdfccd03hah0heah2db2de0ghef	0	cec17e2c-3b65-fd3c-23b4-35cd09fc1a19
encode	0123abcdefgh	70a5e6b1-961b-4f92-a3e9-093f02c01f3e		2cb0bhb1ac22gb33d2gfd3ca3d3g2ddffff2
decode	0123abcdefgh	2cb0bhb1ac22gb33d2gfd3ca3d3g2ddffff2	0	70a5e6b1-961b-4f92-a3e9-093f02c01f3e
encode	0123abcdefgh	55600333-72b8-b804-6c26-2b63e934c018		1h0dh3ef1gge303hac01a1fc0331f01g1bha
decode	0123abcdefgh	1h0dh3ef1gge303hac01a1fc0331f01g1bha	0	55600333-72b8-b804-6c26-2b63e934c018
encode	0123abcdefgh	59dc4272-035d-d4f2-6a86-4a9b37f87902		2032aa1db0gea3ghb100heddg3gbgacf3ce2
decode	0123abcdefgh	2032aa1db0gea3ghb100heddg3gbgacf3ce2	0	59dc4272-035d-d4f2-6a86-4a9b37f87902
encode	0123abcdefgh	cba5d0e7-db5b-1675-ba6c-e14c5d5a77f8		achh1h1e32ae0d00010hdbaa0e002332ff3a
decode	0123abcdefgh	achh1h1e32ae0d00010hdbaa0e002332ff3a	0	cba5d0e7-db5b-1675-ba6c-e14c5d5a77f8
encode	0123abcdefgh	7762c274-353f-3614-8359-3bfc62cd61a2		2e2gc0bb0hehgaae2cfd0a3edf0g011cae2g
decode	0123abcdefgh	2e2gc0bb0hehgaae2cfd0a3edf0g011cae2g	0	7762c274-353f-3614-8359-3bfc62cd61a2
encode	0123abcdefgh	4323953d-4ad1-2552-7305-a1b0254eede4		1c1cfdh20eahae1203g2cb0afb2c32dfagbe
decode	0123abcdefgh	1c1cfdh20eahae1203g2cb0afb2c32dfagbe	0	4323953d-4ad1-2552-7305-a1b0254eede4
encode	0123abcdefgh	f01b5964-39b9-6620-1026-22e4c1367e09		bag0h1hgb0hg1aabhhaggh3bdgc13ha2egef
decode	0123abcdefgh	bag0h1hgb0hg1aabhhaggh3bdgc13ha2egef	0	f01b5964-39b9-6620-1026-22e4c1367e09
encode	0123abcdefgh	4f05def9-48e8-ff8a-141f-80f5fc9fa926		1fa0h2012bdc0dd10bd1hhbhdff1g2320bd2
decode	0123abcdefgh	1fa0h2012bdc0dd10bd1hhbhdff1g2320bd2	0	4f05def9-48e8-ff8a-141f-80f5fc9fa926
encode	0123abcdefgh	09702cba-18de-6cce-ab0c-cc42ded727f5		02cd02dhhd2cbc3abfgaf3g2hh0gcd3da3bf
decode	0123abcdefgh	02cd02dhhd2cbc3abfgaf3g2hh0gcd3da3bf	0	09702cba-18de-6cce-ab0c-cc42ded727f5
encode	0123abcdefgh	c3be367e-c950-0812-56cb-c3884b8431ce		aag3f3bcg2e3cdbg2aa32cabfe10acd3h0hg
decode	0123abcdefgh	aag3f3bcg2e3cdbg2aa32cabfe10acd3h0hg	0	c3be367e-c950-0812-56cb-c3884b8431ce
encode	0123abcdefgh	6e42fe2b-f5f1-1d2a-3cd8-9680c10f96e3		2bf3ead31g0c3hach2hcg010d00fgg0ghae3
decode	0123abcdefgh	2bf3ead31g0c3hach2hcg010d00fgg0ghae3	0	6e42fe2b-f5f1-1d2a-3cd8-9680c10f96e3
encode	0123abcdefgh	ac9dbf1c-30ad-cd23-1315-996699a032e3		3gdabahh30dc0bd31dd0gg3d3dhefccgagbd
decode	0123abcdefgh	3gdabahh30dc0bd31dd0gg3d3dhefccgagbd	0	ac9dbf1c-30ad-cd23-1315-996699a032e3
encode	0123abcdefgh	70df866d-5f24-158e-283d-c867eea83a84		2cbf2hgc01ce3f2ffcc13fgbd1gbbeee2eh0
decode	0123abcdefgh	2cbf2hgc01ce3f2ffcc13fgbd1gbbeee2eh0	0	70df866d-5f24-158e-283d-c867eea83a84
encode	0123abcdefgh	7d754249-6a21-4cb3-f077-ab3fd519168d		2fgcdd11e2ga2haadde10ch3b03dgb3geacb
decode	0123abcdefgh	2fgcdd11e2ga2haadde10ch3b03dgb3geacb	0	7d754249-6a21-4cb3-f077-ab3fd519168d
encode	0123abcdefgh	6e7ea966-bdce-1812-60d7-1dd450b4b2e8		2bg0f1fag3df2dbbheb1d00ba1hdbbgcg2c0
decode	0123abcdefgh	2bg0f1fag3df2dbbheb1d00ba1hdbbgcg2c0	0	6e7ea966-bdce-1812-60d7-1dd450b4b2e8
encode	0123abcdefgh	db952945-c335-3d58-2d1c-66861cc5f6b6		ah3cffbgb2b30ddb1b30c2dcefb0bd3bhc1g
decode	0123abcdefgh	ah3cffbgb2b30ddb1b30c2dcefb0bd3bhc1g	0	db952945-c335-3d58-2d1c-66861cc5f6b6
encode	0123abcdefgh	cd238a47-9beb-07ea-0b60-6186535c6983		adaf1eg3baeb3ba112fb01agg2eddh3b00gh
decode	0123abcdefgh	adaf1eg3baeb3ba112fb01agg2eddh3b00gh	0	cd238a47-9beb-07ea-0b60-6186535c6983
encode	0123abcdefgh	e394e789-668a-a67f-d13e-d1c102f772a4		b1bbgb2abefgg1ecbce02bfe2dh3f233eg0a
decode	0123abcdefgh	b1bbgb2abefgg1ecbce02bfe2dh3f233eg0a	0	e394e789-668a-a67f-d13e-d1c102f772a4
encode	0123abcdefgh	bb01b586-91fc-fa1c-0242-f13280dfe7a5		a2c00cgac2b3fbfbb31b23dcafgebf21cgh1
decode	0123abcdefgh	a2c00cgac2b3fbfbb31b23dcafgebf21cgh1	0	bb01b586-91fc-fa1c-0242-f13280dfe7a5
encode	0123abcdefgh	3dc33451-81bd-df94-f0e6-bc676d775cff		1ae1efba3fcbd02e1ecebf1hedheedg1b3hh
decode	0123abcdefgh	1ae1efba3fcbd02e1ecebf1hedheedg1b3hh	0	3dc33451-81bd-df94-f0e6-bc676d775cff
encode	0123abcdefgh	bce96b8d-b56b-85df-8baa-d2018f42e5bd		a3021cggd1dah1dg20b3b0eab3baabfc0cdf
decode	0123abcdefgh	a3021cggd1dah1dg20b3b0eab3baabfc0cdf	0	bce96b8d-b56b-85df-8baa-d2018f42e5bd
encode	0123abcdefgh	3347236b-c48d-e919-b621-92792b6a5755		11g203011hagfdb0cfc21f1011aeb11g2cff
decode	0123abcdefgh	11g203011hagfdb0cfc21f1011aeb11g2cff	0	3347236b-c48d-e919-b621-92792b6a5755
encode	0123abcdefgh	c424a0bd-85ad-22f2-0052-b4a5221adff7		aahd3hdggg2bc3cbd212eedbe0agfdgg20fh
decode	0123abcdefgh	aahd3hdggg2bc3cbd212eedbe0agfdgg20fh	0	c424a0bd-85ad-22f2-0052-b4a5221adff7
encode	0123abcdefgh	203d297c-0b8c-55c3-ceb6-ed5884fd5cee		0eebdh1eab33fdghgf1hgecc3h0b3000a3b2
decode	0123abcdefgh	0eebdh1eab33fdghgf1hgecc3h0b3000a3b2	0	203d297c-0b8c-55c3-ceb6-ed5884fd5cee
encode	0123abcdefgh	be9df491-1160-363f-e7f5-5d61cd7d7ac1		a3beb3ccag1ce01201eacafbff2be1hfhc2f
decode	0123abcdefgh	a3beb3ccag1ce01201eacafbff2be1hfhc2f	0	be9df491-1160-363f-e7f5-5d61cd7d7ac1
encode	0123abcdefgh	5fa056c9-6893-dffc-4d24-bd0cffe27747		21fgchba1c2had30h1h0abdg21h0efe010h3
decode	0123abcdefgh	21fgchba1c2had30h1h0abdg21h0efe010h3	0	5fa056c9-6893-dffc-4d24-bd0cffe27747
encode	0123abcdefgh	f23bd111-13a7-0811-5248-540707b5c616		bbahddc0d200cfd320dhcf0ccghaebb310d2
decode	0123abcdefgh	bbahddc0d200cfd320dhcf0ccghaebb310d2	0	f23bd111-13a7-0811-5248-540707b5c616
encode	0123abcdefgh	84284057-2bf5-63c5-bf1f-64a395ba931f		2he31e3f2daegbcdgffddcfgb1c2eg0f3gb3
decode	0123abcdefgh	2he31e3f2daegbcdgffddcfgb1c2eg0f3gb3	0	84284057-2bf5-63c5-bf1f-64a395ba931f
encode	0123abcdefgh	32316347-20b8-0be3-8c0f-95026bdb60eb		11cdfhch1dba3eed1h3agcbhg111ac0c3hg3
decode	0123abcdefgh	11cdfhch1dba3eed1h3agcbhg111ac0c3hg3	0	32316347-20b8-0be3-8c0f-95026bdb60eb
encode	0123abcdefgh	a08ad664-7125-79c0-0bea-1575a4a1dbb5		3da2h3af01a222312333ce1dg313ccee2h0b
decode	0123abcdefgh	3da2h3af01a222312333ce1dg313ccee2h0b	0	a08ad664-7125-79c0-0bea-1575a4a1dbb5
encode	0123abcdefgh	05b7f2a2-5848-9054-cfbb-683e6408de39		01ccabha2ege3f2cf2f3ccbdefcb30facg21
decode	0123abcdefgh	01ccabha2ege3f2cf2f3ccbdefcb30facg21	0	05b7f2a2-5848-9054-cfbb-683e6408de39
encode	0123abcdefgh	984e4a32-cd92-c62c-640a-612e346fae5e		3b1cdfe0bhggc3gd1b1ab2fceab3f1h1ggb2
decode	0123abcdefgh	3b1cdfe0bhggc3gd1b1ab2fceab3f1h1ggb2	0	984e4a32-cd92-c62c-640a-612e346fae5e
encode	0123abcdefgh	9eeda4bc-8035-7809-16d5-234567af171f		3ch0213fecd3be1db121d22b2dda1fh1db13
decode	0123abcdefgh	3ch0213fecd3be1db121d22b2dda1fh1db13	0	9eeda4bc-8035-7809-16d5-234567af171f
encode	0123abcdefgh	825a9fcd-2410-e768-4379-adb375adadf9		2h2b02fgdf1f00af3adghcaaeba0a0f1d30f
decode	0123abcdefgh	2h2b02fgdf1f00af3adghcaaeba0a0f1d30f	0	825a9fcd-2410-e768-4379-adb375adadf9
encode	0123abcdefgh	3778cfa5-bdb1-0313-a482-5a94113f0a52		12hf1a2ab3c21gh2gbdegeg0eh0bchfcgecg
decode	0123abcdefgh	12hf1a2ab3c21gh2gbdegeg0eh0bchfcgecg	0	3778cfa5-bdb1-0313-a482-5a94113f0a52
encode	0123abcdefgh	f3748493-f6d7-0287-8be6-cd8c4c2554d7		bbeh1db2dbb20cbc0a33bfh0b2ac0da3ff0d
decode	0123abcdefgh	bbeh1db2dbb20cbc0a33bfh0b2ac0da3ff0d	0	f3748493-f6d7-0287-8be6-cd8c4c2554d7
encode	0123abcdefgh	88b8366e-2efe-b8cb-bdfb-3c53d7bf2a10		30h0cdh3dcgdc2b3eb2c3cb3bfa3ff2bce1a
decode	0123abcdefgh	30h0cdh3dcgdc2b3eb2c3cb3bfa3ff2bce1a	0	88b8366e-2efe-b8cb-bdfb-3c53d7bf2a10
encode	0123abcdefgh	2b5fa785-f35a-d45d-0ead-c6c766a450a7		0hecdfh3212300d3cbh0h3ce0db23d3hfeed
decode	0123abcdefgh	0hecdfh3212300d3cbh0h3ce0db23d3hfeed	0	2b5fa785-f35a-d45d-0ead-c6c766a450a7
encode	0123abcdefgh	2d1ed536-2e1f-77be-efae-675908478781		1022chad31bedha2d11f2d1hh0cdgbcdeabb
decode	0123abcdefgh	1022chad31bedha2d11f2d1hh0cdgbcdeabb	0	2d1ed536-2e1f-77be-efae-675908478781
encode	0123abcdefgh	55697048-fb68-dd86-7d89-15c106b7c5fb		1h0fabghdd0cde3fdefc30eh0g0efga0dhhd
decode	0123abcdefgh	1h0fabghdd0cde3fdefc30eh0g0efga0dhhd	0	55697048-fb68-dd86-7d89-15c106b7c5fb
encode	0123abcdefgh	119f1dde-6bd6-35d5-468c-69b27fb6999f		0af12gfb203g1caaeebc1f31fade2ege3fcd
decode	0123abcdefgh	0af12gfb203g1caaeebc1f31fade2ege3fcd	0	119f1dde-6bd6-35d5-468c-69b27fb6999f
encode	0123abcdefgh	85720a7e-7d83-65d9-331e-17f56f9e9e22		300b2g0addafb03bcd03adc302b0cb3f2cbc
decode	0123abcdefgh	300b2g0addafb03bcd03adc302b0cb3f2cbc	0	85720a7e-7d83-65d9-331e-17f56f9e9e22
encode	0123abcdefgh	b8e6f819-2482-244d-2183-1e296b1abcc0		a1h22cdchg0d3e01ehd0f2g0eaf1aa33bd1a
decode	0123abcdefgh	a1h22cdchg0d3e01ehd0f2g0eaf1aa33bd1a	0	b8e6f819-2482-244d-2183-1e296b1abcc0
encode	0123abcdefgh	ce943460-f747-8211-b91d-238d1e75b051		adfb1egh1d3gahbahge303hbh00b1b2e00cf
decode	0123abcdefgh	adfb1egh1d3gahbahge303hbh00b1b2e00cf	0	ce943460-f747-8211-b91d-238d1e75b051
encode	0123abcdefgh	f80203fc-09d7-1b8e-2a7b-80b9917dec48		bche21211dcghebhdfbdc2eae0a0aa3a0dda
decode	0123abcdefgh	bche21211dcghebhdfbdc2eae0a0aa3a0dda	0	f80203fc-09d7-1b8e-2a7b-80b9917dec48
encode	0123abcdefgh	190bea64-5209-c477-66d4-715bd292f120		0cf1he3a3cgghfb3a0ehhhefc2bd3233eda0
decode	0123abcdefgh	0cf1he3a3cgghfb3a0ehhhefc2bd3233eda0	0	190bea64-5209-c477-66d4-715bd292f120
encode	0123abcdefgh	ad6ba406-3ccc-22b7-fcf3-04907244e0e7		3gfheedh303hb3b302dd1a330gefcg0hga33
decode	0123abcdefgh	3gfheedh303hb3b302dd1a330gefcg0hga33	0	ad6ba406-3ccc-22b7-fcf3-04907244e0e7
encode	0123abcdefgh	770d22a1-8a51-48b2-ed36-2f3a637c752f		2e1fbhcada321cf33gacaag2hgf3dgagef2d
decode	0123abcdefgh	2e1fbhcada321cf33gacaag2hgf3dgagef2d	0	770d22a1-8a51-48b2-ed36-2f3a637c752f
encode	0123abcdefgh	a17c0e5b-424e-4569-50e5-7d3722de6c85		3dd3cheg32bbfgcg0f03a1g3d1fbg3cdf1ab
decode	0123abcdefgh	3dd3cheg32bbfgcg0f03a1g3d1fbg3cdf1ab	0	a17c0e5b-424e-4569-50e5-7d3722de6c85
encode	0123abcdefgh	358f83e4-475a-000d-d6f0-103c8f7d440a		12bcfbbg3e32233ea2bdecefb22132edhahc
decode	0123abcdefgh	12bcfbbg3e32233ea2bdecefb22132edhahc	0	358f83e4-475a-000d-d6f0-103c8f7d440a
encode	0123abcdefgh	bd95fa7f-320d-7d91-24e5-5bca3e42afb9		a32aa1af023fbg0g01bhb0230a1210aee30f
decode	0123abcdefgh	a32aa1af023fbg0g01bhb0230a1210aee30f	0	bd95fa7f-320d-7d91-24e5-5bca3e42afb9
encode	0123abcdefgh	e3753d0d-9cb8-e2ac-51fb-f55870c84afe		b1b10ecce2fg02ggf0ebeha0ab0g03fgg2dg
decode	0123abcdefgh	b1b10ecce2fg02ggf0ebeha0ab0g03fgg2dg	0	e3753d0d-9cb8-e2ac-51fb-f55870c84afe
encode	0123abcdefgh	c0d7fa6f-fdac-68e9-9b2b-174dee23c5a9		aa0h0a0db3ggd32d3fcha03333fhe1cde121
decode	0123abcdefgh	aa0h0a0db3ggd32d3fcha03333fhe1cde121	0	c0d7fa6f-fdac-68e9-9b2b-174dee23c5a9
encode	0123abcdefgh	220e9983-1301-73e3-ca07-710b37afa163		0f2aa3hf3ddbc21bd33egeefcha01fahbe2h
decode	0123abcdefgh	0f2aa3hf3ddbc21bd33egeefcha01fahbe2h	0	220e9983-1301-73e3-ca07-710b37afa163
encode	0123abcdefgh	b5b3d423-ef81-71a4-a780-13daa27b10fb		a10ffb00d003g1b1f3eh3d11ga2hgddfdeah
decode	0123abcdefgh	a10ffb00d003g1b1f3eh3d11ga2hgddfdeah	0	b5b3d423-ef81-71a4-a780-13daa27b10fb
encode	0123abcdefgh	9f36c833-bc7d-17ce-db1b-06906ea9b494		3chh3b1ca2gc0f1ah2fg3g02hgc3cg1efcfe
decode	0123abcdefgh	3chh3b1ca2gc0f1ah2fg3g02hgc3cg1efcfe	0	9f36c833-bc7d-17ce-db1b-06906ea9b494
encode	0123abcdefgh	eac3bf30-562a-3afa-a1b0-1e8a57207143		b3af23be2ac2b1hg3cdeec101de1bfgb3003
decode	0123abcdefgh	b3af23be2ac2b1hg3cdeec101de1bfgb3003	0	eac3bf30-562a-3afa-a1b0-1e8a57207143
encode	0123abcdefgh	d257271b-dd0d-93ca-8dc4-5763b6bfb6f3		aefdb01ef1bhd1he3cgffg30221a2g0e22ch
decode	0123abcdefgh	aefdb01ef1bhd1he3cgffg30221a2g0e22ch	0	d257271b-dd0d-93ca-8dc4-5763b6bfb6f3
encode	0123abcdefgh	0e899127-c16f-b90b-2322-22b813e45a38		03h13eb02chc210223ebg2efhf1d12fa1c20
decode	0123abcdefgh	03h13eb02chc210223ebg2efhf1d12fa1c20	0	0e899127-c16f-b90b-2322-22b813e45a38
encode	0123abcdefgh	6a20496d-8830-c7ae-73e8-28325143dc58		2adggcfc30g2hheea20ghh2h031afd32be20
decode	0123abcdefgh	2adggcfc30g2hheea20ghh2h031afd32be20	0	6a20496d-8830-c7ae-73e8-28325143dc58
encode	0123abcdefgh	30e05ba7-84fc-e981-20a7-bd687835a4e0		112addbgeccehchd3dgb0bb3egh012b2bf1a
decode	0123abcdefgh	112addbgeccehchd3dgb0bb3egh012b2bf1a	0	30e05ba7-84fc-e981-20a7-bd687835a4e0
encode	0123abcdefgh	a55dc21d-b014-5dd0-7faf-a93f07208511		3edgc3e133fcgf3h032bh1bf0b3bee13gacf
decode	0123abcdefgh	3edgc3e133fcgf3h032bh1bf0b3bee13gacf	0	a55dc21d-b014-5dd0-7faf-a93f07208511
encode	0123abcdefgh	471daa66-cec0-0b3c-abe6-6e5534d4bca3		1d2bbb1ghggedfcaaa2ha12c2deeg3cbd0e3
decode	0123abcdefgh	1d2bbb1ghggedfcaaa2ha12c2deeg3cbd0e3	0	471daa66-cec0-0b3c-abe6-6e5534d4bca3
encode	0123abcdefgh	b97fe390-a940-3f5e-2ba1-3106b4bba21f		a211b3cdcgf1131add0g32fch31c1dc3e1hh
decode	0123abcdefgh	a211b3cdcgf1131add0g32fch31c1dc3e1hh	0	b97fe390-a940-3f5e-2ba1-3106b4bba21f
encode	0123abcdefgh	7cfe0353-2bc9-8b83-e942-e5b88c7c682f		2ff0c2ehadc1ebdeaac30c3d21b2fcfce03h
decode	0123abcdefgh	2ff0c2ehadc1ebdeaac30c3d21b2fcfce03h	0	7cfe0353-2bc9-8b83-e942-e5b88c7c682f
encode	0123abcdefgh	f4570ad8-3a85-08a7-fe73-6c8a7bcfde71		bbhfccaa1cf112cgc301da22ae1fh3b2hh01
decode	0123abcdefgh	bbhfccaa1cf112cgc301da22ae1fh3b2hh01	0	f4570ad8-3a85-08a7-fe73-6c8a7bcfde71
encode	0123abcdefgh	7123a32f-e007-5abf-c69c-73b63f6c0258		2ccdd1eh0hf31dfe0f3200102c0adc0gea20
decode	0123abcdefgh	2ccdd1eh0hf31dfe0f3200102c0adc0gea20	0	7123a32f-e007-5abf-c69c-73b63f6c0258
encode	0123abcdefgh	cbb22419-93f1-b3e7-fa12-8bd848a82a46		ad010aefdcadcb2eaggdccg2a0bbe3gdh1fg
decode	0123abcdefgh	ad010aefdcadcb2eaggdccg2a0bbe3gdh1fg	0	cbb22419-93f1-b3e7-fa12-8bd848a82a46
encode	0123abcdefgh	d70d8ffa-8420-9171-3fbd-841b4d3318d1		ag0ge0fa333ghc0fe0dfhgbeafegedfc3acf
decode	0123abcdefgh	ag0ge0fa333ghc0fe0dfhgbeafegedfc3acf	0	d70d8ffa-8420-9171-3fbd-841b4d3318d1
encode	0123abcdefgh	4ed7d7d1-c039-175e-138d-3c83690526fe		1f3bh32bfh3hh12bacee23bagh20afca1dcc
decode	0123abcdefgh	1f3bh32bfh3hh12bacee23bagh20afca1dcc	0	4ed7d7d1-c039-175e-138d-3c83690526fe
encode	0123abcdefgh	e9a8ef39-6e07-cfe3-90f6-d88ebfb79889		b3122f3gba203cf3hfbh3f01hd303e3gh0c1
decode	0123abcdefgh	b3122f3gba203cf3hfbh3f01hd303e3gh0c1	0	e9a8ef39-6e07-cfe3-90f6-d88ebfb79889
encode	0123abcdefgh	9d68d1e5-67cd-9e05-9e84-64be3e0acb9a		3cc11a3ec1dgbdb230agcd1c323aabb31gag
decode	0123abcdefgh	3cc11a3ec1dgbdb230agcd1c323aabb31gag	0	9d68d1e5-67cd-9e05-9e84-64be3e0acb9a
encode	0123abcdefgh	3799f36a-7866-8666-5d90-83b4390e1327		13021f103ha0dhcaa1bc0egfe2gaegbadch3
decode	0123abcdefgh	13021f103ha0dhcaa1bc0egfe2gaegbadch3	0	3799f36a-7866-8666-5d90-83b4390e1327
encode	0123abcdefgh	1ea50e9a-72b9-bd35-75db-66d9097482ce		0e33e0aca2fbfee332dc0edc30da1fea223g
decode	0123abcdefgh	0e33e0aca2fbfee332dc0edc30da1fea223g	0	1ea50e9a-72b9-bd35-75db-66d9097482ce
encode	0123abcdefgh	8e8ec4de-260a-50f0-c0b6-bb8945a3b1ad		32bhchah2ce1heeddhdhf1gaaga2f1hb13b1
decode	0123abcdefgh	32bhchah2ce1heeddhdhf1gaaga2f1hb13b1	0	8e8ec4de-260a-50f0-c0b6-bb8945a3b1ad
encode	0123abcdefgh	e67ce197-22dd-d7c1-2ce8-379ac7f2557b		b22ggcedafa1eddddh023e1gfh1bfhf3gb3d
decode	0123abcdefgh	b22ggcedafa1eddddh023e1gfh1bfhf3gb3d	0	e67ce197-22dd-d7c1-2ce8-379ac7f2557b
encode	0123abcdefgh	128dde2a-1009-ac41-666b-37894be19722		0b01c11gaga2d1dcfhb2e3e3ehe2d0dbcg02
decode	0123abcdefgh	0b01c11gaga2d1dcfhb2e3e3ehe2d0dbcg02	0	128dde2a-1009-ac41-666b-37894be19722
encode	0123abcdefgh	729b9791-1f6e-b7cd-cdcb-ce19832765e0		2chaeb31af3ddga0aehcdde2cfh1a232fbce
decode	0123abcdefgh	2chaeb31af3ddga0aehcdde2cfh1a232fbce	0	729b9791-1f6e-b7cd-cdcb-ce19832765e0
encode	0123abcdefgh	18e84bf2-6e6e-ebb6-3f11-2b4db63e4343		0ceecf1hachdch23bgec3ebc3ab1ed32hba3
decode	0123abcdefgh	0ceecf1hachdch23bgec3ebc3ab1ed32hba3	0	18e84bf2-6e6e-ebb6-3f11-2b4db63e4343
encode	0123abcdefgh	e63bf8b2-b225-4ed9-18a4-b2be3222fb5c		b22102gfh301g1ed0d2b3deb3fghfcfhdf10
decode	0123abcdefgh	b22102gfh301g1ed0d2b3deb3fghfcfhdf10	0	e63bf8b2-b225-4ed9-18a4-b2be3222fb5c
encode	0123abcdefgh	3505a3b6-6a28-a1f8-51ac-8dce0fe33b79		123fg1ddfacgaeh0hcghdf22dhff1fefdbef
decode	0123abcdefgh	123fg1ddfacgaeh0hcghdf22dhff1fefdbef	0	3505a3b6-6a28-a1f8-51ac-8dce0fe33b79
encode	0123abcdefgh	6bace200-4b67-05a4-a21d-a3aa2feffd63		2b0h1bff0bdagc3ac1a3headf32gc1eaggbd
decode	0123abcdefgh	2b0h1bff0bdagc3ac1a3headf32gc1eaggbd	0	6bace200-4b67-05a4-a21d-a3aa2feffd63
encode	0123abcdefgh	29f184ab-abe0-dd19-645c-20ad5e71338a		0h3h0b2321feefg3cbfabbfa01e3ahdgg3dc
decode	0123abcdefgh	0h3h0b2321feefg3cbfabbfa01e3ahdgg3dc	0	29f184ab-abe0-dd19-645c-20ad5e71338a
encode	0123abcdefgh	f83289ac-1326-0c62-e63d-d4f76a3a6179		bd03cccahha3deg2fh0ae1a2dag1ac13fg21
decode	0123abcdefgh	bd03cccahha3deg2fh0ae1a2dag1ac13fg21	0	f83289ac-1326-0c62-e63d-d4f76a3a6179
encode	0123abcdefgh	9cd4219d-a32c-e848-c875-8ffaf1ff8de6		3ca2c3h3afbgd20db30egdbdc1b0af3ffdac
decode	0123abcdefgh	3ca2c3h3afbgd20db30egdbdc1b0af3ffdac	0	9cd4219d-a32c-e848-c875-8ffaf1ff8de6
encode	0123abcdefgh	4416e5e7-2d7b-eb1d-f4f1-72f06fffa784		1cadf21cg11fahhbec0ga311dbbacgc2aabe
decode	0123abcdefgh	1cadf21cg11fahhbec0ga311dbbacgc2aabe	0	4416e5e7-2d7b-eb1d-f4f1-72f06fffa784
encode	0123abcdefgh	e585bd0e-6822-6518-cb3e-bcf360b9fe09		b1hfa0fca02hfaa1dece3bha0hbchedeb0c1
decode	0123abcdefgh	b1hfa0fca02hfaa1dece3bha0hbchedeb0c1	0	e585bd0e-6822-6518-cb3e-bcf360b9fe09
encode	0123abcdefgh	deeb65ca-99c8-a309-bb08-b84fa88b0eab		b02acgfcbb20dgcfaa3g21gee1af1bd2gf23
decode	0123abcdefgh	b02acgfcbb20dgcfaa3g21gee1af1bd2gf23	0	deeb65ca-99c8-a309-bb08-b84fa88b0eab
encode	0123abcdefgh	d5632d56-6d50-bd03-8b3c-ebc7bba71abe		afdbgg1gecd2bf1beb32gcd0d13dh1ec0eb2
decode	0123abcdefgh	afdbgg1gecd2bf1beb32gcd0d13dh1ec0eb2	0	d5632d56-6d50-bd03-8b3c-ebc7bba71abe
encode	0123abcdefgh	ea93e2c8-72dd-d604-246f-918063286aa4		b3a1h0ch210g0caehbdfb1gd1fehdc23fb1e
decode	0123abcdefgh	b3a1h0ch210g0caehbdfb1gd1fehdc23fb1e	0	ea93e2c8-72dd-d604-246f-918063286aa4
encode	0123abcdefgh	c105feaa-5edb-f358-afdc-61c9c3dd5984		aa1c02d2ff3gb2ccc33b0fd3df0ggb10f1aa
decode	0123abcdefgh	aa1c02d2ff3gb2ccc33b0fd3df0ggb10f1aa	0	c105feaa-5edb-f358-afdc-61c9c3dd5984
encode	0123abcdefgh	2f761827-570c-819a-0123-38b62d64cba9		10ffd3ba320e2d2f0begbach1cadb0001eef
decode	0123abcdefgh	10ffd3ba320e2d2f0begbach1cadb0001eef	0	2f761827-570c-819a-0123-38b62d64cba9
encode	0123abcdefgh	c66d7f3d-1adb-9dbc-1ac9-950c2d41be87		abd020gge2h1bgee01d2fagd3e0303bfec33
decode	0123abcdefgh	abd020gge2h1bgee01d2fagd3e0303bfec33	0	c66d7f3d-1adb-9dbc-1ac9-950c2d41be87
encode	0123abcdefgh	6d716788-a7aa-27b6-505a-44e98fe3446d		2bcdga1d0231de01222b1cegcchfddfc0a3f
decode	0123abcdefgh	2bcdga1d0231de01222b1cegcchfddfc0a3f	0	6d716788-a7aa-27b6-505a-44e98fe3446d
encode	0123abcdefgh	76b7d25a-4f74-5c73-abfd-5ef1fe9b1663		2e0ecbagg3d1bgddh0ddaba1gecbdcgh0c03
decode	0123abcdefgh	2e0ecbagg3d1bgddh0ddaba1gecbdcgh0c03	0	76b7d25a-4f74-5c73-abfd-5ef1fe9b1663
encode	0123abcdefgh	d62e0cb0-f8de-d882-0653-78db6957f384		afg0edeeg3c3dg0gch3df3aee2c2cag3geh0
decode	0123abcdefgh	afg0edeeg3c3dg0gch3df3aee2c2cag3geh0	0	d62e0cb0-f8de-d882-0653-78db6957f384
encode	0123abcdefgh	22073218-1d08-cee4-ba7f-bda2cb974053		0f232g0a20e2aba2d0ehcc032gfh3cg20h2h
decode	0123abcdefgh	0f232g0a20e2aba2d0ehcc032gfh3cg20h2h	0	22073218-1d08-cee4-ba7f-bda2cb974053
encode	0123abcdefgh	ba594aae-7bb5-9d55-0ca8-63f53bcb218c		a23gbchbc0ggb1ce12ccdf22ec2bfh00da10
decode	0123abcdefgh	a23gbchbc0ggb1ce12ccdf22ec2bfh00da10	0	ba594aae-7bb5-9d55-0ca8-63f53bcb218c
encode	0123abcdefgh	f38e0fdb-c35d-b73f-ecef-8b36bfd15dd1		bbf30221db30hddf302fbbfa11ab3fh0gh2f
decode	0123abcdefgh	bbf30221db30hddf302fbbfa11ab3fh0gh2f	0	f38e0fdb-c35d-b73f-ecef-8b36bfd15dd1
encode	0123abcdefgh	c7db4913-3b56-49f1-8490-6d224faa5104		abhdeg0db213221b2aa1d2he2hbbdcbbaeh0
decode	0123abcdefgh	abhdeg0db213221b2aa1d2he2hbbdcbbaeh0	0	c7db4913-3b56-49f1-8490-6d224faa5104
encode	0123abcdefgh	18d1a454-8574-0875-5ac3-750a896c018a		0ceb1bdb20ae323fhg3c02ad30e0ad0ccbag
decode	0123abcdefgh	0ceb1bdb20ae323fhg3c02ad30e0ad0ccbag	0	18d1a454-8574-0875-5ac3-750a896c018a
encode	0123abcdefgh	4634f281-a790-1c34-3373-088815f543a0		1chc12ehhfg2e03b00c2agba02hhdba00cba
decode	0123abcdefgh	1chc12ehhfg2e03b00c2agba02hhdba00cba	0	4634f281-a790-1c34-3373-088815f543a0
encode	0123abcdefgh	dcc43c67-9795-c28b-96bb-ba334defd026		ahdag2g2g2faa3b1ff1b1cfecdhef13ce032
decode	0123abcdefgh	ahdag2g2g2faa3b1ff1b1cfecdhef13ce032	0	dcc43c67-9795-c28b-96bb-ba334defd026
encode	0123abcdefgh	c40caf46-bab4-ee4d-885c-879b6b533c9c		aah3e3h232c20eccg1g211ecdcfe0fffbgb0
decode	0123abcdefgh	aah3e3h232c20eccg1g211ecdcfe0fffbgb0	0	c40caf46-bab4-ee4d-885c-879b6b533c9c
encode	0123abcdefgh	44b40d47-4aee-08ce-4c3d-f9a41c275939		1ccddddhfbecbaa3gg123bdc2cge22g2adc1
decode	0123abcdefgh	1ccddddhfbecbaa3gg123bdc2cge22g2adc1	0	44b40d47-4aee-08ce-4c3d-f9a41c275939
encode	0123abcdefgh	0acb2993-f15b-673b-ac43-283760853b66		02gheecfhcgdgc32fd11cd0dd1cdd0ahhgh2
decode	0123abcdefgh	02gheecfhcgdgc32fd11cd0dd1cdd0ahhgh2	0	0acb2993-f15b-673b-ac43-283760853b66
encode	0123abcdefgh	309ffd45-4823-5813-bc64-729ecbb010f1		111cg3c1bbc1c33fgedcccgd1baafceh3301
decode	0123abcdefgh	111cg3c1bbc1c33fgedcccgd1baafceh3301	0	309ffd45-4823-5813-bc64-729ecbb010f1
encode	0123abcdefgh	8c605351-a039-534c-efc1-41200abfecd1		31ggf0230d1ffehhah1h1cg0f02bgdgdhca1
decode	0123abcdefgh	31ggf0230d1ffehhah1h1cg0f02bgdgdhca1	0	8c605351-a039-534c-efc1-41200abfecd1
encode	0123abcdefgh	2d46c01b-9a75-0dfb-784c-b5a6bc5f6b54		102edeca0h1hd133ca1gc020ehf2gf31be1e
decode	0123abcdefgh	102edeca0h1hd133ca1gc020ehf2gf31be1e	0	2d46c01b-9a75-0dfb-784c-b5a6bc5f6b54
encode	0123abcdefgh	ab7bcbfd-31f9-f6a9-eb5d-81e71cf5463c		3g3eagee30bdchfa3gg3ebfac1eededf3ega
decode	0123abcdefgh	3g3eagee30bdchfa3gg3ebfac1eededf3ega	0	ab7bcbfd-31f9-f6a9-eb5d-81e71cf5463c
encode	0123abcdefgh	a1533473-ffdc-91de-6f05-18deaa090dd3		3dcfac20ed2dabhebeefcafaf2feehh03fgh
decode	0123abcdefgh	3dcfac20ed2dabhebeefcafaf2feehh03fgh	0	a1533473-ffdc-91de-6f05-18deaa090dd3
encode	0123abcdefgh	c664ac5a-6d05-8c80-eae0-99f0bf9e8478		abcgfhgfbd2a31af13ehb0fd11c120eb23c0
decode	0123abcdefgh	abcgfhgfbd2a31af13ehb0fd11c120eb23c0	0	c664ac5a-6d05-8c80-eae0-99f0bf9e8478
encode	0123abcdefgh	1d831052-0ad9-acf5-ab7e-7235a377d9f3		0dhddb1g02cg0ca0f32h3eag0010g3202dgh
decode	0123abcdefgh	0dhddb1g02cg0ca0f32h3eag0010g3202dgh	0	1d831052-0ad9-acf5-ab7e-7235a377d9f3
encode	0123abcdefgh	228edc04-313a-966b-da3a-f49f92983cc9		0f3hg1bhbheb1c2cbfb2cgbd2gfa0hb02bg1
decode	0123abcdefgh	0f3hg1bhbheb1c2cbfb2cgbd2gfa0hb02bg1	0	228edc04-313a-966b-da3a-f49f92983cc9
encode	0123abcdefgh	6e56d8d7-dcb4-a321-63f1-d7beb1772bec		2bfcecge12h1db21b1fcff313fab13g2b03e
decode	0123abcdefgh	2bfcecge12h1db21b1fcff313fab13g2b03e	0	6e56d8d7-dcb4-a321-63f1-d7beb1772bec
encode	0123abcdefgh	84d7a80c-a518-fee1-6595-fda2d3ee6e82		2hgbfb0ga0bhgfebf0gfabc1ae1dfd0hg002
decode	0123abcdefgh	2hgbfb0ga0bhgfebf0gfabc1ae1dfd0hg002	0	84d7a80c-a518-fee1-6595-fda2d3ee6e82
encode	0123abcdefgh	aaeec4ba-4369-5536-1b76-697b4cf6175e		3g1ghfghb12c01b3b23ad23a212ad1ggbcb2
decode	0123abcdefgh	3g1ghfghb12c01b3b23ad23a212ad1ggbcb2	0	aaeec4ba-4369-5536-1b76-697b4cf6175e
encode	0123abcdefgh	4f08527a-31d9-cac0-4b1c-5e0dc1752baf		1fa13ddbhf133f2ad1ffce02bg233fc3ag13
decode	0123abcdefgh	1fa13ddbhf133f2ad1ffce02bg233fc3ag13	0	4f08527a-31d9-cac0-4b1c-5e0dc1752baf
encode	0123abcdefgh	19734e1d-b733-18ca-f8c1-134df97194a4		0cgbe1fbh1gcfb1abgfd0cade0a0ce12beea
decode	0123abcdefgh	0cgbe1fbh1gcfb1abgfd0cade0a0ce12beea	0	19734e1d-b733-18ca-f8c1-134df97194a4
encode	0123abcdefgh	2d20afb8-3482-0559-0653-44b932f070bf		1022g3h1chhffbhhbdc22dfeggdga0gadff3
decode	0123abcdefgh	1022g3h1chhffbhhbdc22dfeggdga0gadff3	0	2d20afb8-3482-0559-0653-44b932f070bf
encode	0123abcdefgh	76ab66d8-222e-eae9-0493-a1b26d007ecd		2e0cdfega03dee1he2chcaae13fehhgff1gb
decode	0123abcdefgh	2e0cdfega03dee1he2chcaae13fehhgff1gb	0	76ab66d8-222e-eae9-0493-a1b26d007ecd
encode	0123abcdefgh	dd13cbf5-5099-eccd-2e67-17ec76674fe8		aheah31e3333bc00edghabaecfg200dede3a
decode	0123abcdefgh	aheah31e3333bc00edghabaecfg200dede3a	0	dd13cbf5-5099-eccd-2e67-17ec76674fe8
encode	0123abcdefgh	35fb16c3-cdad-8f5a-3184-8e3fb55385fe		12ch1cc33dhca01cbfdacbfbceeh0bfe03cc
decode	0123abcdefgh	12ch1cc33dhca01cbfdacbfbceeh0bfe03cc	0	35fb16c3-cdad-8f5a-3184-8e3fb55385fe
encode	0123abcdefgh	9b30bf27-5bf7-4f89-f42d-5f42a26b872d		3bggfgbaee310beaghbhe10ddeg1eea2dgcb
decode	0123abcdefgh	3bggfgbaee310beaghbhe10ddeg1eea2dgcb	0	9b30bf27-5bf7-4f89-f42d-5f42a26b872d
encode	0123abcdefgh	8486b647-433d-0b88-5393-e913ac1383cf		2hfbbgc2debffbfdbgegd1fg1b0chd010ahh
decode	0123abcdefgh	2hfbbgc2debffbfdbgegd1fg1b0chd010ahh	0	8486b647-433d-0b88-5393-e913ac1383cf
encode	0123abcdefgh	25ab789e-7dd6-e594-9754-8c8bb86160c8		0g20g2a0ddbfe02hbf0c0cadg2d3eghfb3da
decode	0123abcdefgh	0g20g2a0ddbfe02hbf0c0cadg2d3eghfb3da	0	25ab789e-7dd6-e594-9754-8c8bb86160c8
encode	0123abcdefgh	bf2ee2e0-c684-5a7e-239e-ab0705152bf5		a3dcbbedbh3120effh2g0gdedf1eec2chcd1
decode	0123abcdefgh	a3dcbbedbh3120effh2g0gdedf1eec2chcd1	0	bf2ee2e0-c684-5a7e-239e-ab0705152bf5
encode	0123abcdefgh	8ed74bcd-1130-4569-6590-8e8c8d9af557		32cgd1g1gdc0e3d210cff2hafde1dh0afe1h
decode	0123abcdefgh	32cgd1g1gdc0e3d210cff2hafde1dh0afe1h	0	8ed74bcd-1130-4569-6590-8e8c8d9af557
encode	0123abcdefgh	6f6c578d-eb64-8968-9a01-a873d5142a28		2c10gaef0ecdacgdgbh20dabgfg2ge0cg120
decode	0123abcdefgh	2c10gaef0ecdacgdgbh20dabgfg2ge0cg120	0	6f6c578d-eb64-8968-9a01-a873d5142a28
encode	0123abcdefgh	cd2926b9-022e-3f95-824d-c6e5625f9e88		adafhhd1ac1d200gba23cfh3defc2f3eb1ae
decode	0123abcdefgh	adafhhd1ac1d200gba23cfh3defc2f3eb1ae	0	cd2926b9-022e-3f95-824d-c6e5625f9e88
encode	0123abcdefgh	2e09b860-3fa1-4e98-edd4-0488246fabf1		10b2312g33aefgg01gadhee0faabgfff3afb
decode	0123abcdefgh	10b2312g33aefgg01gadhee0faabgfff3afb	0	2e09b860-3fa1-4e98-edd4-0488246fabf1
encode	0123abcdefgh	8bcd2492-c727-a39c-7800-ec6936cebeda		31f0aef1cbf0ea3da1fbcddh320b2h3hd10g
decode	0123abcdefgh	31f0aef1cbf0ea3da1fbcddh320b2h3hd10g	0	8bcd2492-c727-a39c-7800-ec6936cebeda
encode	0123abcdefgh	648d020e-89db-30b8-c489-4a5c2d5641d4		231g0gh2bdeg0agh1b002afgd1hdb2ag11h0
decode	0123abcdefgh	231g0gh2bdeg0agh1b002afgd1hdb2ag11h0	0	648d020e-89db-30b8-c489-4a5c2d5641d4
encode	0123abcdefgh	0b844b09-0463-68d5-f6eb-457256da38fc		0313g20efhde0132cbf2eegg21dcaf2h3310
decode	0123abcdefgh	0313g20efhde0132cbf2eegg21dcaf2h3310	0	0b844b09-0463-68d5-f6eb-457256da38fc
encode	0123abcdefgh	31e1af0b-f64e-f0a6-58e2-7d0ad039764a		11bdee1gb2gag233cecagbh2fd2gfb2gbac2
decode	0123abcdefgh	11bdee1gb2gag233cecagbh2fd2gfb2gbac2	0	31e1af0b-f64e-f0a6-58e2-7d0ad039764a
encode	0123abcdefgh	1f5cfd78-d256-67e2-243c-eee2c906b909		0ebdd3e0hd1hdhhb20h23ghf2h3fhee1ge0f
decode	0123abcdefgh	0ebdd3e0hd1hdhhb20h23ghf2h3fhee1ge0f	0	1f5cfd78-d256-67e2-243c-eee2c906b909
encode	0123abcdefgh	6ef726c1-46bb-0324-a330-497969669e04		2bhd0fa0ddee1200da3dd3c20gd2acb3hebe
decode	0123abcdefgh	2bhd0fa0ddee1200da3dd3c20gd2acb3hebe	0	6ef726c1-46bb-0324-a330-497969669e04
encode	0123abcdefgh	7bea7a63-9e35-3c3e-9443-0fe39f7bf55c		2fbcdhfa3013eec2facfcdh0ag0df13g3bca
decode	0123abcdefgh	2fbcdhfa3013eec2facfcdh0ag0df13g3bca	0	7bea7a63-9e35-3c3e-9443-0fe39f7bf55c
encode	0123abcdefgh	88a77551-8475-7839-8d45-0646edc219b2		30gg01bcd23ff210dch1hhgce33gd10gaea2
decode	0123abcdefgh	30gg01bcd23ff210dch1hhgce33gd10gaea2	0	88a77551-8475-7839-8d45-0646edc219b2
encode	0123abcdefgh	50ed1e64-98e7-468e-0ee6-09e1597bc89d		1fg2h3ghh1cfaedc0f2gcafb20103bfagf11
decode	0123abcdefgh	1fg2h3ghh1cfaedc0f2gcafb20103bfagf11	0	50ed1e64-98e7-468e-0ee6-09e1597bc89d
encode	0123abcdefgh	1522f505-3477-8470-e68c-cbd3edc03ec0		0bebh1db3fec11hhg3b023b31ef2hadg01a0
decode	0123abcdefgh	0bebh1db3fec11hhg3b023b31ef2hadg01a0	0	1522f505-3477-8470-e68c-cbd3edc03ec0
encode	0123abcdefgh	c38829a4-0546-0e0c-8c76-b6865badf5c3		aafdcf22g1eg3ebcfbbfh1afbebbee2f0ebd
decode	0123abcdefgh	aafdcf22g1eg3ebcfbbfh1afbebbee2f0ebd	0	c38829a4-0546-0e0c-8c76-b6865badf5c3
encode	0123abcdefgh	8861be09-7e9a-78e9-4972-3c8d6eaad745		30fhb0c2bgde3131d3b13h213hgefebe2g31
decode	0123abcdefgh	30fhb0c2bgde3131d3b13h213hgefebe2g31	0	8861be09-7e9a-78e9-4972-3c8d6eaad745
encode	0123abcdefgh	ab52fbe2-69ce-7357-971e-f5bd32db9523		3g322bhh32a0cgf1e2g3cba1edagf12hdb1d
decode	0123abcdefgh	3g322bhh32a0cgf1e2g3cba1edagf12hdb1d	0	ab52fbe2-69ce-7357-971e-f5bd32db9523
encode	0123abcdefgh	52d3fcfa-6863-da4a-2b3b-f2f83796c442		1gaagfcd2c02eb0c1acbdhegd0002hdaeh1c
decode	0123abcdefgh	1gaagfcd2c02eb0c1acbdhegd0002hdaeh1c	0	52d3fcfa-6863-da4a-2b3b-f2f83796c442
encode	0123abcdefgh	fbbb72d0-d04c-9c40-83b0-1d2831f7b24a		bdhf0033ch0bbhe3131bgf0bfah0gehc12eg
decode	0123abcdefgh	bdhf0033ch0bbhe3131bgf0bfah0gehc12eg	0	fbbb72d0-d04c-9c40-83b0-1d2831f7b24a
encode	0123abcdefgh	290e3067-1f95-52fc-6fab-183eb3d26581		0h10c0dh0c0eh3egcaaeeg3efcg1gcheec2f
decode	0123abcdefgh	0h10c0dh0c0eh3egcaaeeg3efcg1gcheec2f	0	290e3067-1f95-52fc-6fab-183eb3d26581
encode	0123abcdefgh	e6b5b6b8-f8e3-44ca-5d2f-d1f604e5e18f		b23dc1g32fg32gfc1e1hd3efabf3d1g03fb3
decode	0123abcdefgh	b23dc1g32fg32gfc1e1hd3efabf3d1g03fb3	0	e6b5b6b8-f8e3-44ca-5d2f-d1f604e5e18f
encode	0123abcdefgh	e8f36353-4489-6b4b-51b3-baa3f2d785b0		b2ggdg2f20gch02e201003fd3cbb111ddc1a
decode	0123abcdefgh	b2ggdg2f20gch02e201003fd3cbb111ddc1a	0	e8f36353-4489-6b4b-51b3-baa3f2d785b0
encode	0123abcdefgh	ddd7413b-1c63-5fe6-ed38-36e21ed0780e		ahggdccac2dbcb3db2d310d0c1dahb1e2hdg
decode	0123abcdefgh	ahggdccac2dbcb3db2d310d0c1dahb1e2hdg	0	ddd7413b-1c63-5fe6-ed38-36e21ed0780e
encode	0123abcdefgh	38d6e685-bf99-6457-0fe7-9d5d91e7deea		13a23bha0gd1ea0dfcgafhea22gcccgcagc2
decode	0123abcdefgh	13a23bha0gd1ea0dfcgafhea22gcccgcagc2	0	38d6e685-bf99-6457-0fe7-9d5d91e7deea
encode	0123abcdefgh	8b0f6700-7900-64f4-022e-db86885b574f		31cdcgb2d3031cd0cbebeg1ahcfbgda231gd
decode	0123abcdefgh	31cdcgb2d3031cd0cbebeg1ahcfbgda231gd	0	8b0f6700-7900-64f4-022e-db86885b574f
encode	0123abcdefgh	0ac441eb-2ec2-8ad7-3bd3-8dc83cc7e4fe		02gge1caf2eabfdfae1fe2dda0fcc1c33g2c
decode	0123abcdefgh	02gge1caf2eabfdfae1fe2dda0fcc1c33g2c	0	0ac441eb-2ec2-8ad7-3bd3-8dc83cc7e4fe
encode	0123abcdefgh	32bee543-0957-65be-444f-ba877038c47b		11eb3ggbh2f30hb0ae0gbddhgbecefah1ag3
decode	0123abcdefgh	11eb3ggbh2f30hb0ae0gbddhgbecefah1ag3	0	32bee543-0957-65be-444f-ba877038c47b
encode	0123abcdefgh	61647fcf-283e-80e7-fb6d-17d75dec195a		223d31g3ga1h3e00f22aggb2d2cee0g0ah3c
decode	0123abcdefgh	223d31g3ga1h3e00f22aggb2d2cee0g0ah3c	0	61647fcf-283e-80e7-fb6d-17d75dec195a
encode	0123abcdefgh	5626ec69-dc56-12aa-1169-f6492ba0393c		1h321gdfa3f10b1afhdc2233e3ae1egfbhca
decode	0123abcdefgh	1h321gdfa3f10b1afhdc2233e3ae1egfbhca	0	5626ec69-dc56-12aa-1169-f6492ba0393c
encode	0123abcdefgh	2dd960cd-f28f-9d0a-135b-26b109da5a9b		10acghfffgfc30habbbb1gchbd3g3g33b33d
decode	0123abcdefgh	10acghfffgfc30habbbb1gchbd3g3g33b33d	0	2dd960cd-f28f-9d0a-135b-26b109da5a9b
encode	0123abcdefgh	9b24676a-af31-ba59-1bef-804fec10580b		3bgehabdbdbg3a3cheh0fdca3aea31bh2c3d
decode	0123abcdefgh	3bgehabdbdbg3a3cheh0fdca3aea31bh2c3d	0	9b24676a-af31-ba59-1bef-804fec10580b
encode	0123abcdefgh	7aa3c422-2fd3-e3ba-211f-fec514ec25f2		2f1b0bad11c3ach3gc1gadaaaef0e23hbf2g
decode	0123abcdefgh	2f1b0bad11c3ach3gc1gadaaaef0e23hbf2g	0	7aa3c422-2fd3-e3ba-211f-fec514ec25f2
encode	0123abcdefgh	0eac2862-a567-d288-4c4f-b9a573dab140		03hccf0ccchb1ace30d3ahecbee32hdde0ba
decode	0123abcdefgh	03hccf0ccchb1ace30d3ahecbee32hdde0ba	0	0eac2862-a567-d288-4c4f-b9a573dab140
encode	0123abcdefgh	6bc2ee12-35a9-40b0-43f5-39703bba6e77		2b12be0fah0fb1aa32gagcehceg31chagb33
decode	0123abcdefgh	2b12be0fah0fb1aa32gagcehceg31chagb33	0	6bc2ee12-35a9-40b0-43f5-39703bba6e77
encode	0123abcdefgh	2212c8a8-5da8-94ba-8ff7-dbfb57895db1		0f2ahhc0dcccf002hghbbfcha1bfgcgafefb
decode	0123abcdefgh	0f2ahhc0dcccf002hghbbfcha1bfgcgafefb	0	2212c8a8-5da8-94ba-8ff7-dbfb57895db1
encode	0123abcdefgh	0ed01fa0-061e-c097-814b-0bd172f915af		0a0003ehhgh0hg2fcedc10chagdg10cagghh
decode	0123abcdefgh	0a0003ehhgh0hg2fcedc10chagdg10cagghh	0	0ed01fa0-061e-c097-814b-0bd172f915af
encode	0123abcdefgh	84cb8225-9cbc-a998-2dce-8ef937283b7d		2hg3h3a22h0aged0gdh121g3ccagg2c2d3hf
decode	0123abcdefgh	2hg3h3a22h0aged0gdh121g3ccagg2c2d3hf	0	84cb8225-9cbc-a998-2dce-8ef937283b7d
encode	0123abcdefgh	0953eb09-753c-96bc-7fe0-4d86b15f2587		02c2eed0hfhb230dc11h0ghaffab3ad3ac33
decode	0123abcdefgh	02c2eed0hfhb230dc11h0ghaffab3ad3ac33	0	0953eb09-753c-96bc-7fe0-4d86b15f2587
encode	0123abcdefgh	9b7549c5-9d3d-eb0d-699e-3da2284a9373		3bhf2febbg2c3aehcf22b11abgeg3gaafafd
decode	0123abcdefgh	3bhf2febbg2c3aehcf22b11abgeg3gaafafd	0	9b7549c5-9d3d-eb0d-699e-3da2284a9373
encode	0123abcdefgh	71b131b8-db19-3cb1-63d3-b2c1eef1749e		2ceb121a3ee2ac033db0fadbfa1330cgfgb2
decode	0123abcdefgh	2ceb121a3ee2ac033db0fadbfa1330cgfgb2	0	71b131b8-db19-3cb1-63d3-b2c1eef1749e
encode	0123abcdefgh	ad8bc9ea-c9f6-1dce-91b2-2ac1ec5a6b51		3ggad3g3bd01dacf0fggfdeagfg3g0b2hbbb
decode	0123abcdefgh	3ggad3g3bd01dacf0fggfdeagfg3g0b2hbbb	0	ad8bc9ea-c9f6-1dce-91b2-2ac1ec5a6b51
encode	0123abcdefgh	be9b1fad-65ed-5d15-b159-5e3da2ce72cf		a3be01d3afc2hfa22ac0d1bg3gcbe2a3d0hh
decode	0123abcdefgh	a3be01d3afc2hfa22ac0d1bg3gcbe2a3d0hh	0	be9b1fad-65ed-5d15-b159-5e3da2ce72cf
encode	0123abcdefgh	efc361bd-4726-ed71-961a-d951183208be		baehcfffe2ceba12h2ab1gec3ff1c2gggbf2
decode	0123abcdefgh	baehcfffe2ceba12h2ab1gec3ff1c2gggbf2	0	efc361bd-4726-ed71-961a-d951183208be
encode	0123abcdefgh	badb454d-efaa-7f38-1845-ffc47b66d331		a2bc2c0ggfadhe12afe03b2de2c2a111bdgf
decode	0123abcdefgh	a2bc2c0ggfadhe12afe03b2de2c2a111bdgf	0	badb454d-efaa-7f38-1845-ffc47b66d331
encode	0123abcdefgh	585f27c4-37ae-2979-b596-afaa2dda77dd		1hgabdheffehb12b0ad20gd131g123f3c0df
decode	0123abcdefgh	1hgabdheffehb12b0ad20gd131g123f3c0df	0	585f27c4-37ae-2979-b596-afaa2dda77dd
encode	0123abcdefgh	4501886f-ccb5-0753-6afe-ccd9b9e77bd8		1cddagbcdebded1b2d3hba3age31g1cea1c0
decode	0123abcdefgh	1cddagbcdebded1b2d3hba3age31g1cea1c0	0	4501886f-ccb5-0753-6afe-ccd9b9e77bd8
encode	0123abcdefgh	b0deb08c-9c88-2adc-b83c-b40423bfa147		3hf1ga2b3db2b1hf3ahc2aa130b2e2aa1hd3
decode	0123abcdefgh	3hf1ga2b3db2b1hf3ahc2aa130b2e2aa1hd3	0	b0deb08c-9c88-2adc-b83c-b40423bfa147
encode	0123abcdefgh	fc225ea1-877c-290d-09d2-467a72fd4024		be10ddcbg312fh0hfcf0ega3cbafcbeah3aa
decode	0123abcdefgh	be10ddcbg312fh0hfcf0ega3cbafcbeah3aa	0	fc225ea1-877c-290d-09d2-467a72fd4024
encode	0123abcdefgh	3ef829cb-049f-69ff-e82c-797920c8a5a9		1b00dhc2eb1hd0cb1ddh2g03effcd0b13dg1
decode	0123abcdefgh	1b00dhc2eb1hd0cb1ddh2g03effcd0b13dg1	0	3ef829cb-049f-69ff-e82c-797920c8a5a9
encode	0123abcdefgh	0846089b-dbb6-e8cf-25bc-d414445e348f		022fef2dda2gea2ah2hhcf0de2ch1b12e0hh
decode	0123abcdefgh	022fef2dda2gea2ah2hhcf0de2ch1b12e0hh	0	0846089b-dbb6-e8cf-25bc-d414445e348f
encode	0123abcdefgh	25599996-7c61-4a7e-ef81-ec56d61ac3e1		0g10ahc1eb0fbdedccf3ffa2hefede1g20e1
decode	0123abcdefgh	0g10ahc1eb0fbdedccf3ffa2hefede1g20e1	0	25599996-7c61-4a7e-ef81-ec56d61ac3e1
encode	0123abcdefgh	45135346-b683-2182-6663-24ffda5da9b3		1cdg13df20geb2hhc0g03121g02hc02e1b2h
decode	0123abcdefgh	1cdg13df20geb2hhc0g03121g02hc02e1b2h	0	45135346-b683-2182-6663-24ffda5da9b3
encode	0123abcdefgh	cf2d887a-b826-0c84-ff7b-e07fe6df1c9a		adhab2f31cg2ccdc0gbaafca0e1dd2dfhfc2
decode	0123abcdefgh	adhab2f31cg2ccdc0gbaafca0e1dd2dfhfc2	0	cf2d887a-b826-0c84-ff7b-e07fe6df1c9a
encode	0123abcdefgh	07158091-4a96-fe1c-c316-49421dfaf279		01ghbdhgh2hf3ee12hgcgb1ehbgfa1ach3hb
decode	0123abcdefgh	01ghbdhgh2hf3ee12hgcgb1ehbgfa1ach3hb	0	07158091-4a96-fe1c-c316-49421dfaf279
encode	0123abcdefgh	97efd416-e7c9-330d-a66f-7179713287d9		3b0a3dbahddchhd0de1eegd1dh2ebghgecg1
decode	0123abcdefgh	3b0a3dbahddchhd0de1eegd1dh2ebghgecg1	0	97efd416-e7c9-330d-a66f-7179713287d9
encode	0123abcdefgh	f5e3a5f9-cef6-240f-e9b3-7af110d25d29		bcaffbd2adbh1be1323d00d3adhgca3d03g1
decode	0123abcdefgh	bcaffbd2adbh1be1323d00d3adhgca3d03g1	0	f5e3a5f9-cef6-240f-e9b3-7af110d25d29
encode	0123abcdefgh	8867b92f-f2a0-6124-3e60-9cdb3e15859e		30g03ha1e3ba0h3chagc3bad2gg2a3gbgf12
decode	0123abcdefgh	30g03ha1e3ba0h3chagc3bad2gg2a3gbgf12	0	8867b92f-f2a0-6124-3e60-9cdb3e15859e
encode	0123abcdefgh	0e59e0f5-0922-585c-ba4d-3f1090b09dcd		03gc0f3d1b3hfd2323ab2de2fda1h3gecfb1
decode	0123abcdefgh	03gc0f3d1b3hfd2323ab2de2fda1h3gecfb1	0	0e59e0f5-0922-585c-ba4d-3f1090b09dcd
encode	0123abcdefgh	1da05b63-1045-f3ad-3bce-4fc64082019d		0e000fgg21eegaafheaaeba2efcacae2fb11
decode	0123abcdefgh	0e000fgg21eegaafheaaeba2efcacae2fb11	0	1da05b63-1045-f3ad-3bce-4fc64082019d
encode	0123abcdefgh	09e90072-a923-979c-8ef4-9b498e361c13		02e1abd2ag2c2bheg3hfgcg0edhc2cffe1gh
decode	0123abcdefgh	02e1abd2ag2c2bheg3hfgcg0edhc2cffe1gh	0	09e90072-a923-979c-8ef4-9b498e361c13
encode	0123abcdefgh	5fa61efa-943b-5df5-2ed8-60623fddd055		21fhbbh0a0hh1hcc3gfh02100ff2e303ced1
decode	0123abcdefgh	21fhbbh0a0hh1hcc3gfh02100ff2e303ced1	0	5fa61efa-943b-5df5-2ed8-60623fddd055
encode	0123abcdefgh	b24b4f93-b3c2-8ad2-efb1-d1f2725e4186		a01f2hffc2bh130agaefdb2acgfgfacdfg32
decode	0123abcdefgh	a01f2hffc2bh130agaefdb2acgfgfacdfg32	0	b24b4f93-b3c2-8ad2-efb1-d1f2725e4186
encode	0123abcdefgh	dfd2b8f0-2dc1-ee79-3777-a46ce99133a5		b0b3ecee0cbfhb3dafbfch2ed1gd0ahcggh1
decode	0123abcdefgh	b0b3ecee0cbfhb3dafbfch2ed1gd0ahcggh1	0	dfd2b8f0-2dc1-ee79-3777-a46ce99133a5
encode	0123abcdefgh	66d158d6-9f5c-33c2-5ee4-d58b7098e57d		23f22f111fha33he3ffe3g1debd231ddh0b1
decode	0123abcdefgh	23f22f111fha33he3ffe3g1debd231ddh0b1	0	66d158d6-9f5c-33c2-5ee4-d58b7098e57d
encode	0123abcdefgh	25a18556-1f38-e91a-77e3-03d4c729854b		0g1ha0e2hgb0dcfh2f001b210c2dfc01300h
decode	0123abcdefgh	0g1ha0e2hgb0dcfh2f001b210c2dfc01300h	0	25a18556-1f38-e91a-77e3-03d4c729854b
encode	0123abcdefgh	d5f0016f-d300-d44f-8a1b-a0024d50146f		aff33cd20c20dcbh1bchhb1gebgaee0ahghh
decode	0123abcdefgh	aff33cd20c20dcbh1bchhb1gebgaee0ahghh	0	d5f0016f-d300-d44f-8a1b-a0024d50146f
encode_pad	0123abcdefgh	bcc45b7b-cbb6-8db8-61c4-7e7e1c5fdd14	1	a2hec02bfh3fba12e2agbe1hdhaecgea3ed0
encode_pad	0123abcdefgh	f56ce832-75cb-2a93-10bc-8dc0237a20f4	5	bc33f03bcch232d0hfg32bfaf1gg023b121e
encode_pad	0123abcdefgh	ef4cbaa9-b4d8-590e-2263-a05b58746bd2	22	badbccba211fdgcde2dbb0fc1ef1ac2ggh2g
encode_pad	0123abcdefgh	a18e3e71-1313-1b4e-178e-3ac4f3a62ef9	40	00003ddca1cgc2ghddc2h1f3ahdgaehdbbghcc21
decode	0123abcdefgh	2	0	00000000-0000-0000-0000-000000000002
decode	0123abcdefgh	232	0	00000000-0000-0000-0000-000000000146
decode	0123abcdefgh	232d3bd	0	00000000-0000-0000-0000-000000675733
decode	0123abcdefgh	efaf0003g0gedcg3bddc32g22bh30db3d232	1	64c9a899-a851-8748-7e97-f29d65527f74
get_alphabet	abcdefg	0		abcdefg
get_alphabet	abcdefg	1		abcdefg
encoded_length	abcdefg	16		46
encoded_length	abcdefg	8		23
encoded_length	abcdefg	4		12
encoded_length	abcdefg	32		92
encode	abcdefg	c38956eb-20d4-a72a-b19c-4ccc29b0f1da		cdaaagadddeebaeaeccgeedgbgeaecgbeacfdgdbcfadee
decode	abcdefg	cdaaagadddeebaeaeccgeedgbgeaecgbeacfdgdbcfadee	0	c38956eb-20d4-a72a-b19c-4ccc29b0f1da
encode	abcdefg	409d9d30-560a-db31-1934-1babee8ee317		afeccbaffggcbffbfdcggbefeccecafgdgcceadgebcbgg
decode	abcdefg	afeccbaffggcbffbfdcggbefeccecafgdgcceadgebcbgg	0	409d9d30-560a-db31-1934-1babee8ee317
encode	abcdefg	80c93f1e-61ec-aab3-86cb-98aba947c3b1		bebcfabggdagdfdedgbgceabaggadbacbccgcgagfaagcg
decode	abcdefg	bebcfabggdagdfdedgbgceabaggadbacbccgcgagfaagcg	0	80c93f1e-61ec-aab3-86cb-98aba947c3b1
encode	abcdefg	8aa2ff24-7d3a-ddda-497a-2736b1ad0ce3		bfaceffgabdcggafefadggcegddcedaddgfgddaeefgecf
decode	abcdefg	bfaceffgabdcggafefadggcegddcedaddgfgddaeefgecf	0	8aa2ff24-7d3a-ddda-497a-2736b1ad0ce3
encode	abcdefg	4eddc573-51a1-caf8-5a86-1c796fe507a2		aggaabcaadfefcfagbgccbdddffegbcgdbbgbdfeegedec
decode	abcdefg	aggaabcaadfefcfagbgccbdddffegbcgdbbgbdfeegedec	0	4eddc573-51a1-caf8-5a86-1c796fe507a2
encode	abcdefg	24c10256-8e5d-0bcb-55e6-fcf36c7afa78		adbcebcacedaafdbdbbbbafdcacecbafdcafcffabddebe
decode	abcdefg	adbcebcacedaafdbdbbbbafdcacecbafdcafcffabddebe	0	24c10256-8e5d-0bcb-55e6-fcf36c7afa78
encode	abcdefg	fecbb554-579d-5db9-6128-34c5d80e05b9		dbbaebgccbgdabbdfagcbfbdebfebdgeafcgfddaeeadfb
decode	abcdefg	dbbaebgccbgdabbdfagcbfbdebfebdgeafcgfddaeeadfb	0	fecbb554-579d-5db9-6128-34c5d80e05b9
encode	abcdefg	5e49107c-da68-7c3f-f65f-ce9a12f3d8b3		bbbcfacgaababdgfdbeedcaaddbeeafaaaddaeaaagagae
decode	abcdefg	bbbcfacgaababdgfdbeedcaaddbeeafaaaddaeaaagagae	0	5e49107c-da68-7c3f-f65f-ce9a12f3d8b3
encode	abcdefg	f4aadddf-7369-c499-fa31-9a7b1aa16bf4		dabgdbceccfcdfgdaefcafgecdddggecedacabdgfagdca
decode	abcdefg	dabgdbceccfcdfgdaefcafgecdddggecedacabdgfagdca	0	f4aadddf-7369-c499-fa31-9a7b1aa16bf4
encode	abcdefg	26e8abb3-2258-16ce-e91a-a6ffb574dfa3		adcefdbcbdabbgdebfcbdagageeagcfgaddbccfdegcdcf
decode	abcdefg	adcefdbcbdabbgdebfcbdagageeagcfgaddbccfdegcdcf	0	26e8abb3-2258-16ce-e91a-a6ffb574dfa3
encode	abcdefg	f88223ab-249a-bd48-5821-f2b4f35a3ed8		daebffbfefeefgdfadbefgagggaegcebagebfgggggbbee
decode	abcdefg	daebffbfefeefgdfadbefgagggaegcebagebfgggggbbee	0	f88223ab-249a-bd48-5821-f2b4f35a3ed8
encode	abcdefg	0c01ab4e-7a63-5542-a195-af1ac4afa61b		abacbaeebebbacgcecabcceggcdgbaebgacfgdgfddceab
decode	abcdefg	abacbaeebebbacgcecabcceggcdgbaebgacfgdgfddceab	0	0c01ab4e-7a63-5542-a195-af1ac4afa61b
encode	abcdefg	3a404fe7-1a8c-6228-d913-30c4235e6797		afadbcceefadceccgfgedccgbebecadefaggfccceffebc
decode	abcdefg	afadbcceefadceccgfgedccgbebecadefaggfccceffebc	0	3a404fe7-1a8c-6228-d913-30c4235e6797
encode	abcdefg	49481303-4f38-7e27-3026-0ec9542db1ac		agcebeccbfgfefbebgggafaacgffdcbddcaagcdbeaaaec
decode	abcdefg	agcebeccbfgfefbebgggafaacgffdcbddcaagcdbeaaaec	0	49481303-4f38-7e27-3026-0ec9542db1ac
encode	abcdefg	47b504e7-87df-7ad7-ae5a-90d8af572e7c		agbedeecgadcacegbgcfdbegbfafffbacegbcfaaeeacaf
decode	abcdefg	agbedeecgadcacegbgcfdbegbfafffbacegbcfaaeeacaf	0	47b504e7-87df-7ad7-ae5a-90d8af572e7c
encode	abcdefg	bbd872d9-a603-aa7c-0209-732f267ac039		cccccdcfadgefbdaegbcgdegefgeeefbcgbbedegcgddaf
decode	abcdefg	cccccdcfadgefbdaegbcgdegefgeeefbcgbbedegcgddaf	0	bbd872d9-a603-aa7c-0209-732f267ac039
encode	abcdefg	bcffebf2-c869-bbbb-3328-0df7f56f679e		ccdabgcdcgccabeagdbedcbcgaebecfggccbbgcfeeddef
decode	abcdefg	ccdabgcdcgccabeagdbedcbcgaebecfggccbbgcfeeddef	0	bcffebf2-c869-bbbb-3328-0df7f56f679e
encode	abcdefg	6054a4dc-278a-a3da-3b14-299359d3ca92		bbcedacfeeaabgbfageeeabfffbdadegceegbbgfbfabga
decode	abcdefg	bbcedacfeeaabgbfageeeabfffbdadegceegbbgfbfabga	0	6054a4dc-278a-a3da-3b14-299359d3ca92
encode	abcdefg	27263f7c-d93e-a6c0-cec9-54f5853bf451		adcffecfgbbcfdfabbgfdgfaebcdfggdcdccecabaddccd
decode	abcdefg	adcffecfgbbcfdfabbgfdgfaebcdfggdcdccecabaddccd	0	27263f7c-d93e-a6c0-cec9-54f5853bf451
encode	abcdefg	e0b64d35-1a16-5742-c896-1255912836e4		cfdfdabdadfggagcecfecbegbebfefcccdacbgfddcdccg
decode	abcdefg	cfdfdabdadfggagcecfecbegbebfefcccdacbgfddcdccg	0	e0b64d35-1a16-5742-c896-1255912836e4
encode	abcdefg	4b1ab00f-0509-81b7-8e64-4846c8adc17b		agdegggaddegddfdcgaaadbgadggdgdbafbddcbfgfecfa
decode	abcdefg	agdegggaddegddfdcgaaadbgadggdgdbafbddcbfgfecfa	0	4b1ab00f-0509-81b7-8e64-4846c8adc17b
encode	abcdefg	53084bed-a9bc-815c-db60-6986e0e0f7cc		babdfdadbfgfabbagcbafeggfccgeacffgeacecddccgga
decode	abcdefg	babdfdadbfgfabbagcbafeggfccgeacffgeacecddccgga	0	53084bed-a9bc-815c-db60-6986e0e0f7cc
encode	abcdefg	db70ffcd-2537-bd6c-776c-2f94db7a71e9		cfadgffegcacdcfbfbfegfcefcggeddgdfgcddgbdgcdae
decode	abcdefg	cfadgffegcacdcfbfbfegfcefcggeddgdfgcddgbdgcdae	0	db70ffcd-2537-bd6c-776c-2f94db7a71e9
encode	abcdefg	559eca07-6f46-ed63-e93f-333f1e9b6c9a		badafeccggcdffebdbdgdfbbedbbfedcfdbbcdacdaabce
decode	abcdefg	badafeccggcdffebdbdgdfbbedbbfedcfdbbcdacdaabce	0	559eca07-6f46-ed63-e93f-333f1e9b6c9a
encode	abcdefg	f239a3d3-061f-c8ec-1b4c-8307614bef96		daadacdcfdfdaaeacfaadgebdbeafbeacagcdfdcadceee
decode	abcdefg	daadacdcfdfdaaeacfaadgebdbeafbeacagcdfdcadceee	0	f239a3d3-061f-c8ec-1b4c-8307614bef96
encode	abcdefg	06f3443c-4ec5-285f-e79d-9cdd3f77aa46		aaebecabgbceaafbgdedcdbeddeddgbgcfcgdcdgbgeagg
decode	abcdefg	aaebecabgbceaafbgdedcdbeddeddgbgcfcgdcdgbgeagg	0	06f3443c-4ec5-285f-e79d-9cdd3f77aa46
encode	abcdefg	33bc1045-0f3b-101a-3645-9317b4739b4b		aeddcggbbaebegecadfabgbcbgbcfbfcgedcebcaagbbad
decode	abcdefg	aeddcggbbaebegecadfabgbcbgbcfbfcgedcebcaagbbad	0	33bc1045-0f3b-101a-3645-9317b4739b4b
encode	abcdefg	26488592-68d6-0445-a1f5-abbbc40a1210		adccafeadefgfgdgebdegceddddgaeegfggcadfgfcgagc
decode	abcdefg	adccafeadefgfgdgebdegceddddgaeegfggcadfgfcgagc	0	26488592-68d6-0445-a1f5-abbbc40a1210
encode	abcdefg	f1df9793-9fe4-b694-add5-257c80bfae61		daabdgaccgacacbbcabgdfgeaececebfgceaebedbbdgcc
decode	abcdefg	daabdgaccgacacbbcabgdfgeaececebfgceaebedbbdgcc	0	f1df9793-9fe4-b694-add5-257c80bfae61
encode	abcdefg	6541e700-57a5-ddc4-7711-e76d9bd54e26		bbfecgggdefbfcebgdedcaecegcgcgccbggagaegagagad
decode	abcdefg	bbfecgggdefbfcebgdedcaecegcgcgccbggagaegagagad	0	6541e700-57a5-ddc4-7711-e76d9bd54e26
encode	abcdefg	4486d540-8b98-cd73-aef5-ab99bddd0699		afgegfedcdbbgfdacdffccafcacafbbaebcbdcdffgaebf
decode	abcdefg	afgegfedcdbbgfdacdffccafcacafbbaebcbdcdffgaebf	0	4486d540-8b98-cd73-aef5-ab99bddd0699
encode	abcdefg	15ef6df1-ee05-4af7-4ca5-b35a6ee839cb		abgcdbdegfaebfcebfeddbbacaedccbeaebagggecgebfb
decode	abcdefg	abgcdbdegfaebfcebfeddbbacaedccbeaebagggecgebfb	0	15ef6df1-ee05-4af7-4ca5-b35a6ee839cb
encode	abcdefg	b76a978b-3bab-49e6-48c4-babfaef49d64		cbgedcegbgfadadecbdafdbbbegfcfgcfbbdgafaggdafc
decode	abcdefg	cbgedcegbgfadadecbdafdbbbegfcfgcfbbdgafaggdafc	0	b76a978b-3bab-49e6-48c4-babfaef49d64
encode	abcdefg	2a64116f-0e2e-0e26-7e6d-a5726e0bbc95		adefecbabaaaccgbfbceegffddafeccegegbadbbbdgccf
decode	abcdefg	adefecbabaaaccgbfbceegffddafeccegegbadbbbdgccf	0	2a64116f-0e2e-0e26-7e6d-a5726e0bbc95
encode	abcdefg	4dda2973-4c33-0d34-0fe1-8fc1f8581be4		agfcegdggbcagddaedaebgbadeggbfafdgedeagecfabbb
decode	abcdefg	agfcegdggbcagddaedaebgbadeggbfafdgedeagecfabbb	0	4dda2973-4c33-0d34-0fe1-8fc1f8581be4
encode	abcdefg	ceaec3aa-92f4-866c-b573-7bbc9b24a88e		cdgfecafebadgcfaccdfcffbdfedafbabccadgcbdbaacb
decode	abcdefg	cdgfecafebadgcfaccdfcffbdfedafbabccadgcbdbaacb	0	ceaec3aa-92f4-866c-b573-7bbc9b24a88e
encode	abcdefg	195e42d0-6d98-080b-c5ff-354fa9216ffa		acbdaebefcaedeffeabbcfbbcfacdbcaeacgefbddadcdb
decode	abcdefg	acbdaebefcaedeffeabbcfbbcfacdbcaeacgefbddadcdb	0	195e42d0-6d98-080b-c5ff-354fa9216ffa
encode	abcdefg	ae8c928e-c5b3-def0-3c8d-a629337c6e33		cbbbegdadeededecgddfbbgfcaafecbacfagfaeffgacce
decode	abcdefg	cbbbegdadeededecgddfbbgfcaafecbacfagfaeffgacce	0	ae8c928e-c5b3-def0-3c8d-a629337c6e33
encode	abcdefg	d0811e6b-3b7f-aa9c-d2c3-c24ddb3139b6		ceagcedadcfbffdcaggdcfagcdbacbdfbbgbgefbbdfgdd
decode	abcdefg	ceagcedadcfbffdcaggdcfagcdbacbdfbbgbgefbbdfgdd	0	d0811e6b-3b7f-aa9c-d2c3-c24ddb3139b6
encode	abcdefg	3ed8d6e1-0b0e-326b-15b8-1f29b72bf89b		afdbfcgaecedgdgfbdbfededdefgcgcdebfgceggacceef
decode	abcdefg	afdbfcgaecedgdgfbdbfededdefgcgcdebfgceggacceef	0	3ed8d6e1-0b0e-326b-15b8-1f29b72bf89b
encode	abcdefg	7aaff2c4-8c58-0050-3cbe-f32947a8ec1c		bdeefbaabdfdcbgeadegbabfdfbadfbadfddccacgaefbb
decode	abcdefg	bdeefbaabdfdcbgeadegbabfdfbadfbadfddccacgaefbb	0	7aaff2c4-8c58-0050-3cbe-f32947a8ec1c
encode	abcdefg	56f9d660-0ffd-7de7-2e10-c5ea170c3aab		badgeacecagggaccacacfccgdfgffcdacddcfbbegeeeca
decode	abcdefg	badgeacecagggaccacacfccgdfgffcdacddcfbbegeeeca	0	56f9d660-0ffd-7de7-2e10-c5ea170c3aab
encode	abcdefg	882eac5e-003d-b06d-246e-34167a190af6		befgbecgfbagebdcggdfffcdfadegeeeabaddgabgfegfe
decode	abcdefg	befgbecgfbagebdcggdfffcdfadegeeeabaddgabgfegfe	0	882eac5e-003d-b06d-246e-34167a190af6
encode	abcdefg	92203aaf-970d-5118-d97f-acaa4289028e		bfegebcfbabccbbgccbdbbafgaefcecccfceeeebbccdae
decode	abcdefg	bfegebcfbabccbbgccbdbbafgaefcecccfceeeebbccdae	0	92203aaf-970d-5118-d97f-acaa4289028e
encode	abcdefg	c5d39cee-9f84-5554-a755-70a8a761f7ba		cdbcgbbcdbafbgedgfcbcgabdfebbadabaeecgcefcfcdd
decode	abcdefg	cdbcgbbcdbafbgedgfcbcgabdfebbadabaeecgcefcfcdd	0	c5d39cee-9f84-5554-a755-70a8a761f7ba
encode	abcdefg	994c8353-949f-475e-1ab3-85054679e36c		bgccbagddcfabdcaggdafgbeeddegegcbddcbcfceacecd
decode	abcdefg	bgccbagddcfabdcaggdafgbeeddegegcbddcbcfceacecd	0	994c8353-949f-475e-1ab3-85054679e36c
encode	abcdefg	14937882-67d4-9d61-b4e6-332922eb92a3		abfdeefcbfebggddcbgdddfbedfgcdbbgaaabgdfcdgeeb
decode	abcdefg	abfdeefcbfebggddcbgdddfbedfgcdbbgaaabgdfcdgeeb	0	14937882-67d4-9d61-b4e6-332922eb92a3
encode	abcdefg	d4ae21da-a526-6a37-5cfa-58857a483c01		ceddbbbfaeffcbccbgfdgeddcfecaebbeegdfgaegeddce
decode	abcdefg	ceddbbbfaeffcbccbgfdgeddcfecaebbeegdfgaegeddce	0	d4ae21da-a526-6a37-5cfa-58857a483c01
encode	abcdefg	7f26baea-8a9d-875f-536d-3a2563c699df		beacfbgfefbcabgebcdgfffadfaecffddbfgfbegfaffaa
decode	abcdefg	beacfbgfefbcabgebcdgfffadfaecffddbfgfbegfaffaa	0	7f26baea-8a9d-875f-536d-3a2563c699df
encode	abcdefg	0f53ed37-1f9e-33f8-4471-ae2c4c8270ed		abcccbadbbgcfbcbcfcabgadeegfbgggeegefeggdafbbb
decode	abcdefg	abcccbadbbgcfbcbcfcabgadeegfbgggeegefeggdafbbb	0	0f53ed37-1f9e-33f8-4471-ae2c4c8270ed
encode	abcdefg	ce8b175a-686b-cdbe-22b7-6b7c5fd2ad87		cdgfababadcdddeaebccaagagdccaaaffefefgbgdfdbcc
decode	abcdefg	cdgfababadcdddeaebccaagagdccaaaffefefgbgdfdbcc	0	ce8b175a-686b-cdbe-22b7-6b7c5fd2ad87
encode	abcdefg	6a26d061-0cf0-690c-32cd-2b5b41547227		bcbebgfcfggdgfdagefgbdcgedbeebdgadbeffgfebgegg
decode	abcdefg	bcbebgfcfggdgfdagefgbdcgedbeebdgadbeffgfebgegg	0	6a26d061-0cf0-690c-32cd-2b5b41547227
encode	abcdefg	e147b0d3-51d7-0f4d-a1f0-0c3742f4187c		cfeafgfcgebbddgaffadddfgdedceceabgffceaagfebca
decode	abcdefg	cfeafgfcgebbddgaffadddfgdedceceabgffceaagfebca	0	e147b0d3-51d7-0f4d-a1f0-0c3742f4187c
encode	abcdefg	4cc52f6c-f3a5-99dd-6ca6-879b4fc98233		agefaeefefcacgccdedcdbdececceffegdbdgdcacacbea
decode	abcdefg	agefaeefefcacgccdedcdbdececceffegdbdgdcacacbea	0	4cc52f6c-f3a5-99dd-6ca6-879b4fc98233
encode	abcdefg	d88cee0c-5d7e-da60-5b17-6faecfe13fe5		ceffeebgbabfdedcacgbcgbfadcbffbdagfafcacdfbgcf
decode	abcdefg	ceffeebgbabfdedcacgbcgbfadcbffbdagfafcacdfbgcf	0	d88cee0c-5d7e-da60-5b17-6faecfe13fe5
encode	abcdefg	32bbfadc-4921-6f0f-644a-7e0dd0a72ea1		aecgbbabfgfddbgacebagggcgdbcdbeabbfcdeecggeaae
decode	abcdefg	aecgbbabfgfddbgacebagggcgdbcdbeabbfcdeecggeaae	0	32bbfadc-4921-6f0f-644a-7e0dd0a72ea1
encode	abcdefg	7d13294c-7182-f857-e5ef-2fd35451016a		bdgagcdbfcfcegacfeebgecccgcfacecffebcgfeaadgac
decode	abcdefg	bdgagcdbfcfcegacfeebgecccgcfacecffebcgfeaadgac	0	7d13294c-7182-f857-e5ef-2fd35451016a
encode	abcdefg	75835535-33d7-cfce-e479-29da5c108565		bdbdeffbdfgabdedbgffbaggffgbbagccdbcceababdedb
decode	abcdefg	bdbdeffbdfgabdedbgffbaggffgbbagccdbcceababdedb	0	75835535-33d7-cfce-e479-29da5c108565
encode	abcdefg	071f8b40-e44a-a87c-2fb2-99cb09b9c2d5		aaeccdbabfaaegfbeeggeafgbebegdgeadcbcbbcccgacf
decode	abcdefg	aaeccdbabfaaegfbeeggeafgbebegdgeadcbcbbcccgacf	0	071f8b40-e44a-a87c-2fb2-99cb09b9c2d5
encode	abcdefg	fbf78a9b-9bea-0950-bc8f-264a3b60f5a2		dagcdgccaccfeaefggdcbfcfcaeeaggdceffadebdbagfe
decode	abcdefg	dagcdgccaccfeaefggdcbfcfcaeeaggdceffadebdbagfe	0	fbf78a9b-9bea-0950-bc8f-264a3b60f5a2
encode	abcdefg	315b4660-5e87-9a06-c089-58818e374922		aecacacfdcfaafbadfabgdegfdbbdaeadcdfebabgdccfb
decode	abcdefg	aecacacfdcfaafbadfabgdegfdbbdaeadcdfebabgdccfb	0	315b4660-5e87-9a06-c089-58818e374922
encode	abcdefg	8a68b5ad-24e8-a19c-3964-5df074b12432		bfabfacafgaagdcdbcefefaffgfdagcfdbdedggbffbegd
decode	abcdefg	bfabfacafgaagdcdbcefefaffgfdagcfdbdedggbffbegd	0	8a68b5ad-24e8-a19c-3964-5df074b12432
encode	abcdefg	f38a3a72-3146-c4cb-cd22-fe27843de059		dabbedggagbbgaffecbbeffgcececbgcefcadacegegdgd
decode	abcdefg	dabbedggagbbgaffecbbeffgcececbgcefcadacegegdgd	0	f38a3a72-3146-c4cb-cd22-fe27843de059
encode	abcdefg	86a91ca2-7cab-bd55-bb2c-672a41d8d4aa		beegfbfadgbgbcbecfcdcccaddgdbbfbbgdaaaadbggbga
decode	abcdefg	beegfbfadgbgbcbecfcdcccaddgdbbfbbgdaaaadbggbga	0	86a91ca2-7cab-bd55-bb2c-672a41d8d4aa
encode	abcdefg	b6967f0f-f5f6-9aa2-28b7-c145da1eaa89		cbgagefafcfgfcaacaegcebebcccgfdfggbgcgeadcbfgd
decode	abcdefg	cbgagefafcfgfcaacaegcebebcccgfdfggbgcgeadcbfgd	0	b6967f0f-f5f6-9aa2-28b7-c145da1eaa89
encode	abcdefg	a09b4839-b192-c4f5-e8b0-da07e268c04c		bggfcaeagbccbgcgbgdceaffbfbgcgedbafaeaafgddeda
decode	abcdefg	bggfcaeagbccbgcgbgdceaffbfbgcgedbafaeaafgddeda	0	a09b4839-b192-c4f5-e8b0-da07e268c04c
encode	abcdefg	dc20f5c6-9db1-b040-5929-c4213f3b8bed		cfaggccbdabbaceebgddafcgccedaceafeceeccdabdbaa
decode	abcdefg	cfaggccbdabbaceebgddafcgccedaceafeceeccdabdbaa	0	dc20f5c6-9db1-b040-5929-c4213f3b8bed
encode	abcdefg	4b28b75b-81d7-a5af-ef39-670bd5a9404e		agdfbecbaeecfdafbgfccddcefgafdfgccgcefabcgddfg
decode	abcdefg	agdfbecbaeecfdafbgfccddcefgafdfgccgcefabcgddfg	0	4b28b75b-81d7-a5af-ef39-670bd5a9404e
encode	abcdefg	3bc9a4f4-77ec-c72f-a228-c94d4edda5ce		afbcfbbadfcgdbfcfebfebdgcebgdbdfdccgggddeaabeg
decode	abcdefg	afbcfbbadfcgdbfcfebfebdgcebgdbdfdccgggddeaabeg	0	3bc9a4f4-77ec-c72f-a228-c94d4edda5ce
encode	abcdefg	17f8c507-7330-439a-d306-cbeae7d4eb98		acaeagegagaaddfcbdabadfdbedbfedcgaeffadcbgegcc
decode	abcdefg	acaeagegagaaddfcbdabadfdbedbfedcgaeffadcbgegcc	0	17f8c507-7330-439a-d306-cbeae7d4eb98
encode	abcdefg	a8481a4c-214d-ce1b-a3b1-77ad84ece247		caecgggeeeaddegecgefadebeaaeabeggccebaafeddddf
decode	abcdefg	caecgggeeeaddegecgefadebeaaeabeggccebaafeddddf	0	a8481a4c-214d-ce1b-a3b1-77ad84ece247
encode	abcdefg	a1fafb08-5123-62d1-dcf9-084c697c3110		caaebacgabddcafdbgdfdfebccdbdbcfccbfceadagbabe
decode	abcdefg	caaebacgabddcafdbgdfdfebccdbdbcfccbfceadagbabe	0	a1fafb08-5123-62d1-dcf9-084c697c3110
encode	abcdefg	2f899512-5b94-aea2-ce70-fb661a83c22c		aeagdfecacafbggbeafdagfeacefdfceecefgedfgaeacc
decode	abcdefg	aeagdfecacafbggbeafdagfeacefdfceecefgedfgaeacc	0	2f899512-5b94-aea2-ce70-fb661a83c22c
encode	abcdefg	2078ee09-b1bd-9537-b8bc-859d44b3f3b2		acffcdcgbcbfaefdaeecbccbgcdedddegfgacadabccdge
decode	abcdefg	acffcdcgbcbfaefdaeecbccbgcdedddegfgacadabccdge	0	2078ee09-b1bd-9537-b8bc-859d44b3f3b2
encode	abcdefg	7168ed75-411e-2e87-ff17-4e0bb2db80fa		bcgabdafdegggfaaebgegdgfeacfcggdbbbfecacgfeddc
decode	abcdefg	bcgabdafdegggfaaebgegdgfeacfcggdbbbfecacgfeddc	0	7168ed75-411e-2e87-ff17-4e0bb2db80fa
encode	abcdefg	53113a5f-5d19-b866-d39f-6ab3e42d48a9		babdgdcdbbcegabaececafgfbeegbdabeefcdeeadceddc
decode	abcdefg	babdgdcdbbcegabaececafgfbeegbdabeefcdeeadceddc	0	53113a5f-5d19-b866-d39f-6ab3e42d48a9
encode	abcdefg	600020d8-9b1a-12f7-2b46-80157a76005a		bbcdabdcccefcddgbeaeedgbgbdbgabcccdaabbfggedec
decode	abcdefg	bbcdabdcccefcddgbeaeedgbgbdbgabcccdaabbfggedec	0	600020d8-9b1a-12f7-2b46-80157a76005a
encode	abcdefg	bb5192a6-7701-0438-d3de-8c7eeec49bb8		cccaafcfccebddgaafeffbdcgedcbgacefdccabbdgecdc
decode	abcdefg	cccaafcfccebddgaafeffbdcgedcbgacefdccabbdgecdc	0	bb5192a6-7701-0438-d3de-8c7eeec49bb8
encode	abcdefg	efcde9bc-e71c-5298-e95b-f8d4796b6186		cgfgfbaeaagdcfgedeecafbdadgbcbdcfagbccbbgddegd
decode	abcdefg	cgfgfbaeaagdcfgedeecafbdadgbcbdcfagbccbbgddegd	0	efcde9bc-e71c-5298-e95b-f8d4796b6186
encode	abcdefg	347f4fbf-00f8-ee7e-f5b6-b8b0805f746b		aedgefafcgcfgcabdebdbegbbfegdcaebfaccgefgbfdea
decode	abcdefg	aedgefafcgcfgcabdebdbegbbfegdcaebfaccgefgbfdea	0	347f4fbf-00f8-ee7e-f5b6-b8b0805f746b
encode	abcdefg	5fb17a33-6bc4-050f-c5ae-35817f90423b		bbcbfacccegeaccabcabbcgbgbbceecdeadgagdfbcbead
decode	abcdefg	bbcbfacccegeaccabcabbcgbgbbceecdeadgagdfbcbead	0	5fb17a33-6bc4-050f-c5ae-35817f90423b
encode	abcdefg	032bb4bd-bd74-717c-817b-188fcdc5e288		aabgddgfcgaafbbfdceefgdfegeeeecdbacbdgggdcbbad
decode	abcdefg	aabgddgfcgaafbbfdceefgdfegeeeecdbacbdgggdcbbad	0	032bb4bd-bd74-717c-817b-188fcdc5e288
encode	abcdefg	89fad208-a951-7de7-0708-c64f1314d78d		begggbefeacadccdadagfcgfbbfcfgbgdcafbbecffdbcg
decode	abcdefg	begggbefeacadccdadagfcgfbbfcfgbgdcafbbecffdbcg	0	89fad208-a951-7de7-0708-c64f1314d78d
encode	abcdefg	9eb6bde7-ff5b-33cf-e54a-4fb64e808c09		bgfebedabgcgffeadbcacebcdfcefafeaeffgaecgdfdcg
decode	abcdefg	bgfebedabgcgffeadbcacebcdfcefafeaeffgaecgdfdcg	0	9eb6bde7-ff5b-33cf-e54a-4fb64e808c09
encode	abcdefg	2849164d-cc3d-b15a-d67c-9e893b3571b2		adddedebacaacbaccfcegfebgbcdfaedfcgaaaabaadecc
decode	abcdefg	adddedebacaacbaccfcegfebgbcdfaedfcgaaaabaadecc	0	2849164d-cc3d-b15a-d67c-9e893b3571b2
encode	abcdefg	d8442834-b722-2e10-dfea-3a0cdc9adf92		cefedagdaecdgdecagefedcgbeebdeebfceecgcbffaaed
decode	abcdefg	cefedagdaecdgdecagefedcgbeebdeebfceecgcbffaaed	0	d8442834-b722-2e10-dfea-3a0cdc9adf92
encode	abcdefg	dc07f820-9ea8-ea51-738c-141fddc8c32b		cfagdcgdfdbccecbaefegadbadgeeggggcabaceffdcbdg
decode	abcdefg	cfagdcgdfdbccecbaefegadbadgeeggggcabaceffdcbdg	0	dc07f820-9ea8-ea51-738c-141fddc8c32b
encode	abcdefg	f807f585-de76-25c5-5bdf-762496399e58		dadgfdecbgbacgadbeebabbfefegabfceaecgbbcdgcaae
decode	abcdefg	dadgfdecbgbacgadbeebabbfefegabfceaecgbbcdgcaae	0	f807f585-de76-25c5-5bdf-762496399e58
encode	abcdefg	832bb7e7-0a24-1e3b-0dc1-8ebe1968e497		becfgbagfgfdgdadbcbafdeegacadfgdfbgacacdaccead
decode	abcdefg	becfgbagfgfdgdadbcbafdeegacadfgdfbgacacdaccead	0	832bb7e7-0a24-1e3b-0dc1-8ebe1968e497
encode	abcdefg	ec1ab911-ef9c-3ac6-6b12-74eb9b731a6f		cgdegfecdgdafgfbgbgbfbeaegdcdbaddfbdcfdddbabbd
decode	abcdefg	cgdegfecdgdafgfbgbgbfbeaegdcdbaddfbdcfdddbabbd	0	ec1ab911-ef9c-3ac6-6b12-74eb9b731a6f
encode	abcdefg	21ff6ba8-fb39-c1ee-4332-a58612e98b25		acgefggaddeeffgddecafbefadeeaadcbfgfadbgggaeee
decode	abcdefg	acgefggaddeeffgddecafbefadeeaadcbfgfadbgggaeee	0	21ff6ba8-fb39-c1ee-4332-a58612e98b25
encode	abcdefg	2d21352d-a73a-4f3f-7eb9-e430daa9e3be		adgdbggebecdddgcccddagbegcdcdaecagefffcbgcdfaa
decode	abcdefg	adgdbggebecdddgcccddagbegcdcdaecagefffcbgcdfaa	0	2d21352d-a73a-4f3f-7eb9-e430daa9e3be
encode	abcdefg	9e9fa2f8-e222-65f0-75eb-613834dc22ce		bgfdfgeagfebgdabaeaedeafbfecgeacdcfeaafgcaafac
decode	abcdefg	bgfdfgeagfebgdabaeaedeafbfecgeacdcfeaafgcaafac	0	9e9fa2f8-e222-65f0-75eb-613834dc22ce
encode	abcdefg	dd7a22dc-0da3-3378-eb76-7dcbf3f81278		cfbfedfegeacacfgcaddgcafdceafbcdabfdegagafdaee
decode	abcdefg	cfbfedfegeacacfgcaddgcafdceafbcdabfdegagafdaee	0	dd7a22dc-0da3-3378-eb76-7dcbf3f81278
encode	abcdefg	c44cf7a8-ae78-510d-0989-91724128c4da		cdadceebgecffedececagaefebfeecacbfefceegafabee
decode	abcdefg	cdadceebgecffedececagaefebfeecacbfefceegafabee	0	c44cf7a8-ae78-510d-0989-91724128c4da
encode	abcdefg	0132f4fc-ce57-fa9b-389c-be3459046905		aaafafccbeffffffbfabfcbefebddbcdeeafcdfgeeedfc
decode	abcdefg	aaafafccbeffffffbfabfcbefebddbcdeeafcdfgeeedfc	0	0132f4fc-ce57-fa9b-389c-be3459046905
encode	abcdefg	32c70ee6-0017-2eee-e92f-ef716847f71d		aecgcdaddfgcegfaegabgebbeafcbcggdeafbeadfgaedf
decode	abcdefg	aecgcdaddfgcegfaegabgebbeafcbcggdeafbeadfgaedf	0	32c70ee6-0017-2eee-e92f-ef716847f71d
encode	abcdefg	c1d061c4-7111-958d-2341-4344204be538		ccfgfddbddadcbdcffdgafbfeabgaefffcdafbbeedaeeb
decode	abcdefg	ccfgfddbddadcbdcffdgafbfeabgaefffcdafbbeedaeeb	0	c1d061c4-7111-958d-2341-4344204be538
encode	abcdefg	ebf79719-f156-63a4-90ea-329d886a894c		cgdecegfecgbcccafdafefggacfbfgbcaeagbbacfcadfe
decode	abcdefg	cgdecegfecgbcccafdafefggacfbfgbcaeagbbacfcadfe	0	ebf79719-f156-63a4-90ea-329d886a894c
encode	abcdefg	c3908836-7a36-18b2-479e-0622b80ec84a		cdaabegdgdbeggcfdgfddgacaabggegecbeeebfbbbadcg
decode	abcdefg	cdaabegdgdbeggcfdgfddgacaabggegecbeeebfbbbadcg	0	c3908836-7a36-18b2-479e-0622b80ec84a
encode	abcdefg	59834188-fdb9-1e48-251e-eab2fa60a745		bafdceggeaddgeccdfagaeeagaecbcfbgafccgbdfdacga
decode	abcdefg	bafdceggeaddgeccdfagaeeagaecbcfbgafccgbdfdacga	0	59834188-fdb9-1e48-251e-eab2fa60a745
encode	abcdefg	01fe0ad7-cc10-6ecc-c7f8-3ed9f02e11cb		aabbdcgeefgcfaagabbcdeaddagbgadcdbcaggfecfddbe
decode	abcdefg	aabbdcgeefgcfaagabbcdeaddagbgadcdbcaggfecfddbe	0	01fe0ad7-cc10-6ecc-c7f8-3ed9f02e11cb
encode	abcdefg	5a78ab15-74d6-5d92-94cd-66aa684ebd68		bagadcagdbabcgcgbgfecfeabaeebddebecgfgbeebebcd
decode	abcdefg	bagadcagdbabcgcgbgfecfeabaeebddebecgfgbeebebcd	0	5a78ab15-74d6-5d92-94cd-66aa684ebd68
encode	abcdefg	74b9b30e-c10e-3333-e11b-097246056073		bdbacccbafgabagfgageaagdceeacgecbececccgeefdce
decode	abcdefg	bdbacccbafgabagfgageaagdceeacgecbececccgeefdce	0	74b9b30e-c10e-3333-e11b-097246056073
encode	abcdefg	bcf973cb-3035-d9a7-6077-40e669057459		ccdabbadgbffcfgcggffabdfbcggeagccfgefdefgffbdd
decode	abcdefg	ccdabbadgbffcfgcggffabdfbcggeagccfgefdefgffbdd	0	bcf973cb-3035-d9a7-6077-40e669057459
encode	abcdefg	71c51737-ae4b-2c7b-db9d-c7afbf67ef39		bcgbfbbgdaeccaefegaddgebagfgdbgeeafcafcebegfcc
decode	abcdefg	bcgbfbbgdaeccaefegaddgebagfgdbgeeafcafcebegfcc	0	71c51737-ae4b-2c7b-db9d-c7afbf67ef39
encode	abcdefg	944b1975-a97e-c482-2fd8-ba9d46fcbd61		bfgbffgcbcdgbeccfeabfaabfcdcaffddeegaedbfdbbcd
decode	abcdefg	bfgbffgcbcdgbeccfeabfaabfcdcaffddeegaedbfdbbcd	0	944b1975-a97e-c482-2fd8-ba9d46fcbd61
encode	abcdefg	9571bea7-9826-7d1f-862a-b29860181401		bfggfbbcdbagefaeadedbceebgdaefcfabefggbdgfbcac
decode	abcdefg	bfggfbbcdbagefaeadedbceebgdaefcfabefggbdgfbcac	0	9571bea7-9826-7d1f-862a-b29860181401
encode	abcdefg	6555df78-105c-43ee-4e95-4544cf3a273d		bbfefcbgdgegdgbacgeefadadggdbfadccacbaebfbacge
decode	abcdefg	bbfefcbgdgegdgbacgeefadadggdbfadccacbaebfbacge	0	6555df78-105c-43ee-4e95-4544cf3a273d
encode	abcdefg	20713dfa-4b38-686d-a278-23fc51443cdc		acffbeagggacgcabaafdfccbbbegdfccgfgegbeaafgbcc
decode	abcdefg	acffbeagggacgcabaafdfccbbbegdfccgfgegbeaafgbcc	0	20713dfa-4b38-686d-a278-23fc51443cdc
encode	abcdefg	2ada57d1-196c-9a62-1e3d-9bc87e75daf8		adfaeaebddebcbbbecebbeeagfeeegceafefdffcgfbede
decode	abcdefg	adfaeaebddebcbbbecebbeeagfeeegceafefdffcgfbede	0	2ada57d1-196c-9a62-1e3d-9bc87e75daf8
encode	abcdefg	94d4c5a4-6458-cccf-d1ba-c72dab303624		bfgeagbbegbgdcafafgfbabdggbccadbbebadfebdbfede
decode	abcdefg	bfgeagbbegbgdcafafgfbabdggbccadbbebadfebdbfede	0	94d4c5a4-6458-cccf-d1ba-c72dab303624
encode	abcdefg	cf2b9e17-3d6c-af62-c0ac-301822f7ba24		ceaaefgdffdcbbaafgbbfabddefgaffceefacbdcabffab
decode	abcdefg	ceaaefgdffdcbbaafgbbfabddefgaffceefacbdcabffab	0	cf2b9e17-3d6c-af62-c0ac-301822f7ba24
encode	abcdefg	064ea6c4-328a-3e5a-4dd3-7d15e737f2ac		aadfgafdfbaddbfeadddgcebaaggabfdgfgdddcdcccdeb
decode	abcdefg	aadfgafdfbaddbfeadddgcebaaggabfdgfgdddcdcccdeb	0	064ea6c4-328a-3e5a-4dd3-7d15e737f2ac
encode	abcdefg	386f4bae-5d11-a60c-3618-5629790da674		aegcdbbabfccaeedcecgebcfcebeaegbaafbceaaccegge
decode	abcdefg	aegcdbbabfccaeedcecgebcfcebeaegbaafbceaaccegge	0	386f4bae-5d11-a60c-3618-5629790da674
encode	abcdefg	cda91d7d-adfd-c9e9-c7df-2d1325d07509		cdgbbffagbeafeecbgacdbgfgdcgbegcaefgdgadagbebd
decode	abcdefg	cdgbbffagbeafeecbgacdbgfgdcgbegcaefgdgadagbebd	0	cda91d7d-adfd-c9e9-c7df-2d1325d07509
encode	abcdefg	26928d19-806c-59b8-4cf8-d9331b5f0136		adcdccgefebecedcggfgbbaadebfbgfabdbgccdgdcbecb
decode	abcdefg	adcdccgefebecedcggfgbbaadebfbgfabdbgccdgdcbecb	0	26928d19-806c-59b8-4cf8-d9331b5f0136
encode	abcdefg	24d80424-3bb0-d437-b8a2-0a2712ee418a		adbcggacfcabcdddfagfbegbfgbeegfegadeafbccggcfe
decode	abcdefg	adbcggacfcabcdddfagfbegbfgbeegfegadeafbccggcfe	0	24d80424-3bb0-d437-b8a2-0a2712ee418a
encode	abcdefg	76bf4c10-2b41-df16-9252-5e5f75bd9b40		bdcbgecgfaefeeacfdcafcdbaebfcccgafadacfdbadgbd
decode	abcdefg	bdcbgecgfaefeeacfdcafcdbaebfcccgafadacfdbadgbd	0	76bf4c10-2b41-df16-9252-5e5f75bd9b40
encode	abcdefg	732ded96-7532-72ca-9d19-0f7d042a31e6		bdaafbdffddddfbedffdbabaefcbcfgdfffbefacbddgde
decode	abcdefg	bdaafbdffddddfbedffdbabaefcbcfgdfffbefacbddgde	0	732ded96-7532-72ca-9d19-0f7d042a31e6
encode	abcdefg	1de78dec-50c6-2233-0e10-8573106398f8		acebcgcageeagaecdedgfegebbgcfeffacggadcgdgaggf
decode	abcdefg	acebcgcageeagaecdedgfegebbgcfeffacggadcgdgaggf	0	1de78dec-50c6-2233-0e10-8573106398f8
encode	abcdefg	a8eef74c-8c0e-c5e2-1770-3dd15888ff0f		caeffdabeddbggdbbfdfbdgbabdfebcaabdegcacbcccea
decode	abcdefg	caeffdabeddbggdbbfdfbdgbabdfebcaabdegcacbcccea	0	a8eef74c-8c0e-c5e2-1770-3dd15888ff0f
encode	abcdefg	6e337e16-380a-3aba-0fd5-2714228a097f		bceadfbdccfdgabdadbedcfccffdcgcgcbfaecabadbfef
decode	abcdefg	bceadfbdccfdgabdadbedcfccffdcgcgcbfaecabadbfef	0	6e337e16-380a-3aba-0fd5-2714228a097f
encode	abcdefg	818bba57-fe8c-0ee1-b3c2-98349a47b658		bebfgegbdfgaaafbagdbbececdbgffcebedaefddaabfdf
decode	abcdefg	bebfgegbdfgaaafbagdbbececdbgffcebedaefddaabfdf	0	818bba57-fe8c-0ee1-b3c2-98349a47b658
encode	abcdefg	3031a396-40cf-5648-a30c-15e2bdf85ea8		aebccceefacaegddddbbgcegbeaccbdcfeafaaddfbfbad
decode	abcdefg	aebccceefacaegddddbbgcegbeaccbdcfeafaaddfbfbad	0	3031a396-40cf-5648-a30c-15e2bdf85ea8
encode	abcdefg	3f2ced98-1c1b-a90d-3bf1-8f3182c51a29		afddbbdagagfgeaaefcbegfcbcbedgcfgbedgfbecgggfe
decode	abcdefg	afddbbdagagfgeaaefcbegfcbcbedgcfgbedgfbecgggfe	0	3f2ced98-1c1b-a90d-3bf1-8f3182c51a29
encode	abcdefg	d90bdee7-fffa-928b-f708-0c6a8ce25de6		cegafcfdfecfbfefaebbebbbfaafgffdbadgeadffafgdb
decode	abcdefg	cegafcfdfecfbfefaebbebbbfaafgffdbadgeadffafgdb	0	d90bdee7-fffa-928b-f708-0c6a8ce25de6
encode	abcdefg	15dae584-abbd-539e-c958-a64251fcf5dc		abgcaffddbabbfbaagbgbbfegebbfefaaccfbgdfgbfgdd
decode	abcdefg	abgcaffddbabbfbaagbgbbfegebbfefaaccfbgdfgbfgdd	0	15dae584-abbd-539e-c958-a64251fcf5dc
encode	abcdefg	1294f6bc-8e61-19d3-148d-b01a20c49ee9		abecbbdaaaabfadcfaabcafbgcaadaeceaaefaddeaefda
decode	abcdefg	abecbbdaaaabfadcfaabcafbgcaadaeceaaefaddeaefda	0	1294f6bc-8e61-19d3-148d-b01a20c49ee9
encode	abcdefg	d367e19e-1edd-8027-6320-430fc872aa41		cecefbbbfggeaeadcaeeabedebddadefdddafadbaegfad
decode	abcdefg	cecefbbbfggeaeadcaeeabedebddadefdddafadbaegfad	0	d367e19e-1edd-8027-6320-430fc872aa41
encode	abcdefg	9e9e373f-a68b-6ae2-91aa-1a8d78ad1263		bgfdffdabceadfaaaafcfbdecgdfbbdddcaafaefdbabeg
decode	abcdefg	bgfdffdabceadfaaaafcfbdecgdfbbdddcaafaefdbabeg	0	9e9e373f-a68b-6ae2-91aa-1a8d78ad1263
encode	abcdefg	8a2df9a4-6cc1-a882-712d-59f4a6733597		bfaafbcffcbfbaeeagaabfcaebgfggbaccbgegdgdbdegg
decode	abcdefg	bfaafbcffcbfbaeeagaabfcaebgfggbaccbgegdgdbdegg	0	8a2df9a4-6cc1-a882-712d-59f4a6733597
encode	abcdefg	c25c3c5d-c2b8-66a1-6c4e-5193e8309296		ccgcafdebagfdgbbdgedagfcgccccecfadfcbbbabaacgd
decode	abcdefg	ccgcafdebagfdgbbdgedagfcgccccecfadfcbbbabaacgd	0	c25c3c5d-c2b8-66a1-6c4e-5193e8309296
encode	abcdefg	e05feed2-e961-2cfa-58fb-a2632004fffc		cfddggfcfabcefeaedgcgbgddgbdfaceebcagbadcebecc
decode	abcdefg	cfddggfcfabcefeaedgcgbgddgbdfaceebcagbadcebecc	0	e05feed2-e961-2cfa-58fb-a2632004fffc
encode	abcdefg	ba18c6e0-c017-7cfb-74b7-b60d3c66a5ed		ccbbgccafcdfebgabafgcdeeegabfgegffbbefccbefcaf
decode	abcdefg	ccbbgccafcdfebgabafgcdeeegabfgegffbbefccbefcaf	0	ba18c6e0-c017-7cfb-74b7-b60d3c66a5ed
encode	abcdefg	5b52c43a-b571-0773-0fe2-4eddc241a100		bageaeggffdbaaaacgdcgfdgdebeagbaabecgcbbbcgcbe
decode	abcdefg	bageaeggffdbaaaacgdcgfdgdebeagbaabecgcbbbcgcbe	0	5b52c43a-b571-0773-0fe2-4eddc241a100
encode	abcdefg	3066aa10-822e-c3aa-62ec-ad2349c3a597		aebdbdgcedggggdfggbcbgababeaafbfaaceggbfcfadcd
decode	abcdefg	aebdbdgcedggggdfggbcbgababeaafbfaaceggbfcfadcd	0	3066aa10-822e-c3aa-62ec-ad2349c3a597
encode	abcdefg	6fd9d14c-7abe-37a1-2b76-05250989a118		bcfadgecfdccedagfadafebcebaecffdaacgabdbgdgcac
decode	abcdefg	bcfadgecfdccedagfadafebcebaecffdaacgabdbgdgcac	0	6fd9d14c-7abe-37a1-2b76-05250989a118
encode	abcdefg	a09526ae-2b84-2b3c-ef3e-cabbb094bcbe		bggfbceagbbggebgaebbacbffbgfggcdgfegcabecbafca
decode	abcdefg	bggfbceagbbggebgaebbacbffbgfggcdgfegcabecbafca	0	a09526ae-2b84-2b3c-ef3e-cabbb094bcbe
encode	abcdefg	dcf13412-ca03-b609-94d2-ea38b042aa25		cfbdceaggggfceeefcddeagcfadgcadfbgfgbfaeaffafd
decode	abcdefg	cfbdceaggggfceeefcddeagcfadgcadfbgfgbfaeaffafd	0	dcf13412-ca03-b609-94d2-ea38b042aa25
encode	abcdefg	e749a760-23cd-5eb9-3fd4-64b5962ef661		cgafdbabbadbbdfbbfgdbeadebcfccfffaafdcfaagccgf
decode	abcdefg	cgafdbabbadbbdfbbfgdbeadebcfccfffaafdcfaagccgf	0	e749a760-23cd-5eb9-3fd4-64b5962ef661
encode	abcdefg	5f5f2e9a-5e95-8be1-1346-c94277348fba		bbcacdbdfebggbbfgcfbggbgcfbbgddeabfebcgdfecebc
decode	abcdefg	bbcacdbdfebggbbfgcfbggbgcfbbgddeabfebcgdfecebc	0	5f5f2e9a-5e95-8be1-1346-c94277348fba
encode	abcdefg	ca2c834c-3b00-9994-5cb3-e9b7993336f2		cdeacffdfebgffgggfaddgeacabbabbbgcbbfgdeddgacc
decode	abcdefg	cdeacffdfebgffgggfaddgeacabbabbbgcbbfgdeddgacc	0	ca2c834c-3b00-9994-5cb3-e9b7993336f2
encode	abcdefg	ecd5faac-0095-c1c1-a887-7104cde6765f		cgebaeccdbgagdafaceefbcacbfdaddeafaecaaebaacgf
decode	abcdefg	cgebaeccdbgagdafaceefbcacbfdaddeafaecaaebaacgf	0	ecd5faac-0095-c1c1-a887-7104cde6765f
encode	abcdefg	ce538341-1164-9b90-3f70-b66ea42dfdeb		cdgeaeegafbgdbdffgaeeagebeabddadcaeeadafcfccbg
decode	abcdefg	cdgeaeegafbgdbdffgaeeagebeabddadcaeeadafcfccbg	0	ce538341-1164-9b90-3f70-b66ea42dfdeb
encode	abcdefg	fa459da3-ca26-c5ed-3e58-66d0911d3c2a		dafcccdbabgedgbeaeeceedegeedadggcfgceaaceffcba
decode	abcdefg	dafcccdbabgedgbeaeeceedegeedadggcfgceaaceffcba	0	fa459da3-ca26-c5ed-3e58-66d0911d3c2a
encode	abcdefg	a59ca711-9fb7-743a-d20a-bb7bb82265e1		cacfeceadbbbfefffadfffegeefdgfcaedeffddcaffgfb
decode	abcdefg	cacfeceadbbbfefffadfffegeefdgfcaedeffddcaffgfb	0	a59ca711-9fb7-743a-d20a-bb7bb82265e1
encode	abcdefg	9483f859-3bbd-6bba-40f9-7dda740730d3		bfgcfdbgfdfcdegcfadccegaefadaddgdcaggegdfbggcg
decode	abcdefg	bfgcfdbgfdfcdegcfadccegaefadaddgdcaggegdfbggcg	0	9483f859-3bbd-6bba-40f9-7dda740730d3
encode	abcdefg	0f40f629-4e8e-00be-7b81-575b2e2048c6		abcbggebcbfgecgbggfacdbegbecfbgeebfgdeafadfcac
decode	abcdefg	abcbggebcbfgecgbggfacdbegbecfbgeebfgdeafadfcac	0	0f40f629-4e8e-00be-7b81-575b2e2048c6
encode	abcdefg	240c48d8-76bf-8626-2cb1-143e5a99ecf2		adageagcdcdfbgcafccedfdeadaeddabecebbebeafgeba
decode	abcdefg	adageagcdcdfbgcafccedfdeadaeddabecebbebeafgeba	0	240c48d8-76bf-8626-2cb1-143e5a99ecf2
encode	abcdefg	757ad146-2bd6-21be-6d7a-5ac9c6754380		bdbddffebgafbfecbeeaadcgccgfcafbcffffeffdabedb
decode	abcdefg	bdbddffebgafbfecbeeaadcgccgfcafbcffffeffdabedb	0	757ad146-2bd6-21be-6d7a-5ac9c6754380
encode	abcdefg	107b67cf-e6e1-00ef-eb1c-6abe71229d9f		abdabeabfbfbefgafdedbgccdgbccbegfcgcabdaedccbg
decode	abcdefg	abdabeabfbfbefgafdedbgccdgbccbegfcgcabdaedccbg	0	107b67cf-e6e1-00ef-eb1c-6abe71229d9f
encode	abcdefg	730e9ee8-95a4-c32d-2885-d5d6771e65aa		bdaabeaafabgcgbeeggdbeddcdbaccbcfbbgbbgdbdbcbd
decode	abcdefg	bdaabeaafabgcgbeeggdbeddcdbaccbcfbbgbbgdbdbcbd	0	730e9ee8-95a4-c32d-2885-d5d6771e65aa
encode	abcdefg	181ce625-019a-cb45-6df8-d6c0fddc2eec		acaefbbagbagaddaebcgfbgegbgbdabdgbdeccfdddbcgf
decode	abcdefg	acaefbbagbagaddaebcgfbgegbgbdabdgbdeccfdddbcgf	0	181ce625-019a-cb45-6df8-d6c0fddc2eec
encode	abcdefg	4ec456be-d2d3-6a8d-8a6a-4416065d3c50		agfgebdffdaefceedabeadbdgadafeddcggcaeffegeece
decode	abcdefg	agfgebdffdaefceedabeadbdgadafeddcggcaeffegeece	0	4ec456be-d2d3-6a8d-8a6a-4416065d3c50
encode	abcdefg	4399e6f4-084c-eaab-9359-f889e8804352		afgbabcgcfggffegeadbecdfcdgfdbadbcccfdgcgbgcgb
decode	abcdefg	afgbabcgcfggffegeadbecdfcdgfdbadbcccfdgcgbgcgb	0	4399e6f4-084c-eaab-9359-f889e8804352
encode	abcdefg	4da8cbed-47cb-ef2d-afb4-cad417202a98		agfbgbcbbdagbcccegeffdbaacedddadgfcecdddacbgag
decode	abcdefg	agfbgbcbbdagbcccegeffdbaacedddadgfcecdddacbgag	0	4da8cbed-47cb-ef2d-afb4-cad417202a98
encode	abcdefg	ec904f5d-19ba-f2cd-affd-b40951ff80f9		cgdggddedabbdgbdgcdffgacgaeggedgacgfgdeeabefbf
decode	abcdefg	cgdggddedabbdgbdgcdffgacgaeggedgacgfgdeeabefbf	0	ec904f5d-19ba-f2cd-affd-b40951ff80f9
encode	abcdefg	d03ff679-7799-d1d8-b8f6-1a9144bc738d		ceafcacafeagdbfbgabcfffdfcdadfgefaeedffgdgcced
decode	abcdefg	ceafcacafeagdbfbgabcfffdfcdadfgefaeedffgdgcced	0	d03ff679-7799-d1d8-b8f6-1a9144bc738d
encode	abcdefg	923e3ad9-79a2-ac25-b459-fcb23d67db3d		bffaaefgggfdgabdgcbedddcddbbebbecbgdfbefddegec
decode	abcdefg	bffaaefgggfdgabdgcbedddcddbbebbecbgdfbefddegec	0	923e3ad9-79a2-ac25-b459-fcb23d67db3d
encode	abcdefg	c15ea235-cad6-46f7-2cd0-c30cd7ee35a3		ccfegbegababfgfacgffgdcbabaaaddfgdgeefedebgfcg
decode	abcdefg	ccfegbegababfgfacgffgdcbabaaaddfgdgeefedebgfcg	0	c15ea235-cad6-46f7-2cd0-c30cd7ee35a3
encode	abcdefg	910b44b6-11da-84b0-621c-4c030dd99a81		bfebggdeeabafafcfbgcadacebeefcdefaeeedcgbgfega
decode	abcdefg	bfebggdeeabafafcfbgcadacebeefcdefaeeedcgbgfega	0	910b44b6-11da-84b0-621c-4c030dd99a81
encode	abcdefg	b3f19aac-3de4-2d85-264d-6a9c4bfd2179		cbedefegecgfddbgbbeaadfdagefffedcgbcgdbccedced
decode	abcdefg	cbedefegecgfddbgbbeaadfdagefffedcgbcgdbccedced	0	b3f19aac-3de4-2d85-264d-6a9c4bfd2179
encode	abcdefg	25c83392-161e-c397-d179-f691bc5e06ba		adbggfgdfbecadfdaffggdbgfbfbggdcegbcabfcdafaad
decode	abcdefg	adbggfgdfbecadfdaffggdbgfbfbggdcegbcabfcdafaad	0	25c83392-161e-c397-d179-f691bc5e06ba
encode	abcdefg	07c551fd-adb1-ddad-d26f-66256b774674		aaefafccfeabgfdeefgbgacgcgafacfcefbcfaaceeaafc
decode	abcdefg	aaefafccfeabgfdeefgbgacgcgafacfcefbcfaaceeaafc	0	07c551fd-adb1-ddad-d26f-66256b774674
encode	abcdefg	45bfec2c-ad19-9c2f-5b76-4a089401e4b4		agadbbgfeeacbeffddccgbeeceeacdcgagbbeafeacffca
decode	abcdefg	agadbbgfeeacbeffddccgbeeceeacdcgagbbeafeacffca	0	45bfec2c-ad19-9c2f-5b76-4a089401e4b4
encode	abcdefg	39864c9c-d045-9abb-de9c-0eb379fa1f0b		afaaaeefdbcbffceecedcabcdddacefaageccaccddgcag
decode	abcdefg	afaaaeefdbcbffceecedcabcdddacefaageccaccddgcag	0	39864c9c-d045-9abb-de9c-0eb379fa1f0b
encode	abcdefg	1c0d7c4b-562e-5802-e02c-a016981dd176		acdadeeffdebbbaccdcdeaedcaeacbgdaaccbedgdedggb
decode	abcdefg	acdadeeffdebbbaccdcdeaedcaeacbgdaaccbedgdedggb	0	1c0d7c4b-562e-5802-e02c-a016981dd176
encode	abcdefg	11a06d62-a1b9-9584-276e-ee871314818f		abdfafaaagccfgggaeggbfbeaeeebacgafebfgefgagaag
decode	abcdefg	abdfafaaagccfgggaeggbfbeaeeebacgafebfgefgagaag	0	11a06d62-a1b9-9584-276e-ee871314818f
encode	abcdefg	aca3ff94-939b-fdd3-c455-2ad1bf98cbfc		cbaadgggfabcfgbgcbeabeedagddggfggccdfdccdcgegc
decode	abcdefg	cbaadgggfabcfgbgcbeabeedagddggfggccdfdccdcgegc	0	aca3ff94-939b-fdd3-c455-2ad1bf98cbfc
encode	abcdefg	dfe3a2dc-03dc-6da5-53ff-c397ea1558c3		cfdbgdcffadafeeeeafbfegcfbabdcadefeeafadcbeged
decode	abcdefg	cfdbgdcffadafeeeeafbfegcfbabdcadefeeafadcbeged	0	dfe3a2dc-03dc-6da5-53ff-c397ea1558c3
encode	abcdefg	03dcc0a8-1d57-907e-0d12-dbbb5c2dbc32		aaccdbcdccabcfceacabegfbaaegcfdceffeabecbebdae
decode	abcdefg	aaccdbcdccabcfceacabegfbaaegcfdceffeabecbebdae	0	03dcc0a8-1d57-907e-0d12-dbbb5c2dbc32
encode	abcdefg	14e20063-f7d0-358c-eccb-553407c9a581		abfegffecgacbfcgbgcdecgefbcdbdcdgbeegbebfgfeee
decode	abcdefg	abfegffecgacbfcgbgcdecgefbcdbdcdgbeegbebfgfeee	0	14e20063-f7d0-358c-eccb-553407c9a581
encode	abcdefg	19091975-d1ba-fef7-2390-fd12f637b1ab		acbbeefdedagadbaffdgfaggbaefeafcggfceadefcbfce
decode	abcdefg	acbbeefdedagadbaffdgfaggbaefeafcggfceadefcbfce	0	19091975-d1ba-fef7-2390-fd12f637b1ab
encode	abcdefg	14cf7682-28e6-1131-07ee-92a73987e80d		abfeeeefebaadeaebdfeagfbafdcegfacgdbgfgcaegefe
decode	abcdefg	abfeeeefebaadeaebdfeagfbafdcegfacgdbgfgcaegefe	0	14cf7682-28e6-1131-07ee-92a73987e80d
encode	abcdefg	57488896-7e78-30ad-8dbb-8f8b33957a16		baeagbdgadbdddaegeabedafgecccdfgcbdfbcdaegcccc
decode	abcdefg	baeagbdgadbdddaegeabedafgecccdfgcbdfbcdaegcccc	0	57488896-7e78-30ad-8dbb-8f8b33957a16
encode	abcdefg	a3837bb3-0528-b133-e9b3-88d0e9547241		cabdefddfbcdfebdbedfgbbgdafdgdaacbagfcadaeaacg
decode	abcdefg	cabdefddfbcdfebdbedfgbbgdafdgdaacbagfcadaeaacg	0	a3837bb3-0528-b133-e9b3-88d0e9547241
encode	abcdefg	13f0a38a-c220-fc4a-6e6e-14c0cfffcf27		abfagegfcdggacaabdgeebcbbdefdccabddafaafagaaac
decode	abcdefg	abfagegfcdggacaabdgeebcbbdefdccabddafaafagaaac	0	13f0a38a-c220-fc4a-6e6e-14c0cfffcf27
encode	abcdefg	2dcf2779-9cef-2fcd-6dba-da967c9f0fcd		adggbbfebgbcaacedbafccaceedafdabfebfbbdffffcdd
decode	abcdefg	adggbbfebgbcaacedbafccaceedafdabfebfbbdffffcdd	0	2dcf2779-9cef-2fcd-6dba-da967c9f0fcd
encode	abcdefg	1a6b1cb1-c4d9-b655-946d-467a2b5b23c6		accadgddbfebgccdfgdcgeccffbbfafbedaedgbgaecagb
decode	abcdefg	accadgddbfebgccdfgdcgeccffbbfafbedaedgbgaecagb	0	1a6b1cb1-c4d9-b655-946d-467a2b5b23c6
encode	abcdefg	b2101e16-52a0-3473-8061-8d2f537997f0		cbdcefacacccfafgaffaedgfeggceffdcbgbafeafegcee
decode	abcdefg	cbdcefacacccfafgaffaedgfeggceffdcbgbafeafegcee	0	b2101e16-52a0-3473-8061-8d2f537997f0
encode	abcdefg	4c09c771-87e0-4ca2-bc41-5855beae8c97		agebgffgfdcafgggebabfaaggbcacbcacgecbbbdcgfbag
decode	abcdefg	agebgffgfdcafgggebabfaaggbcacbcacgecbbbdcgfbag	0	4c09c771-87e0-4ca2-bc41-5855beae8c97
encode	abcdefg	462b3a5d-7180-d8e6-5fa4-90415c17ad42		agaegfdceeddafgdeeadceegbagbcdddgacbgfabcgfdcf
decode	abcdefg	agaegfdceeddafgdeeadceegbagbcdddgacbgfabcgfdcf	0	462b3a5d-7180-d8e6-5fa4-90415c17ad42
encode	abcdefg	60dffa7a-d90d-98e6-911f-9a0a4ea39263		bbcgfcabdgfddebdcaffgecdcafggbdgeggcgdgagccbdg
decode	abcdefg	bbcgfcabdgfddebdcaffgecdcafggbdgeggcgdgagccbdg	0	60dffa7a-d90d-98e6-911f-9a0a4ea39263
encode	abcdefg	fb5808a7-f331-a585-9c76-6f9ab43fcb16		dafggcbegggfdadecgfbdafaddgcdbdgggfaddgccebfga
decode	abcdefg	dafggcbegggfdadecgfbdafaddgcdbdgggfaddgccebfga	0	fb5808a7-f331-a585-9c76-6f9ab43fcb16
encode	abcdefg	8978823d-a10a-3173-b290-dbb95d888206		begefacgbdfdeccbgfbbcaggdadcffebcbecgfcegbgcec
decode	abcdefg	begefacgbdfdeccbgfbbcaggdadcffebcbecgfcegbgcec	0	8978823d-a10a-3173-b290-dbb95d888206
encode	abcdefg	99c50741-141b-5f78-0891-6277d9e471e5		bgcebbbdcebdafedgeeafgdfddgcdcgafbgdedebafgfab
decode	abcdefg	bgcebbbdcebdafedgeeafgdfddgcdcgafbgdedebafgfab	0	99c50741-141b-5f78-0891-6277d9e471e5
encode	abcdefg	0b9a8488-f114-6d51-a6d4-8fce4c131453		abaadadfbddfbgfbfgfdeabadccdcdeebedddegacacfbf
decode	abcdefg	abaadadfbddfbgfbfgfdeabadccdcdeebedddegacacfbf	0	0b9a8488-f114-6d51-a6d4-8fce4c131453
encode	abcdefg	495fd9cf-38b9-6920-4285-4195268bec93		agceecfacfcbeeddaagddcaaebbbbfbcddeegagfadfddd
decode	abcdefg	agceecfacfcbeeddaagddcaaebbbbfbcddeegagfadfddd	0	495fd9cf-38b9-6920-4285-4195268bec93
encode	abcdefg	be5cb613-078e-a81b-0e9b-cf769472aaa8		ccdgadfecbecbbcbagfdceefbbbabcgfedcececedfedbe
decode	abcdefg	ccdgadfecbecbbcbagfdceefbbbabcgfedcececedfedbe	0	be5cb613-078e-a81b-0e9b-cf769472aaa8
encode	abcdefg	b987f276-65b6-26a3-7361-5c2fb1a2a720		ccagddbcbfdfeeaffegffcdecafcdfgdfdfebfdabdbbcc
decode	abcdefg	ccagddbcbfdfeeaffegffcdecafcdfgdfdfebfdabdbbcc	0	b987f276-65b6-26a3-7361-5c2fb1a2a720
encode	abcdefg	c82ab88a-7a70-7bf3-f0fe-e0a036a635f9		cdcffgfdbgbeddabcggcbfdcffbbgagcgdcaacfgabgfdb
decode	abcdefg	cdcffgfdbgbeddabcggcbfdcffbbgagcgdcaacfgabgfdb	0	c82ab88a-7a70-7bf3-f0fe-e0a036a635f9
encode	abcdefg	0454be84-7a9b-3a82-d633-ba1cc0062675		aacedbbdcaaddgefgebfebagceaddggacebbebaeeegcbb
decode	abcdefg	aacedbbdcaaddgefgebfebagceaddggacebbebaeeegcbb	0	0454be84-7a9b-3a82-d633-ba1cc0062675
encode	abcdefg	b6c080be-081b-91d9-0e70-7273a957de81		cbgbedggceggegefccefaabggbceeaadcbgffadcaeacgb
decode	abcdefg	cbgbedggceggegefccefaabggbceeaadcbgffadcaeacgb	0	b6c080be-081b-91d9-0e70-7273a957de81
encode	abcdefg	eb3ae1f4-47c3-7eaf-f4f9-f6d1af15174a		cgdbbfadfaebceefgdeadgaedfeegabcfgedeabgcfcecf
decode	abcdefg	cgdbbfadfaebceefgdeadgaedfeegabcfgedeabgcfcecf	0	eb3ae1f4-47c3-7eaf-f4f9-f6d1af15174a
encode	abcdefg	72d199fa-6e01-d929-8a24-e64968b9d7b9		bcggbdbfccfdcadefffcdfbcegadgcgbddgefbbaffagac
decode	abcdefg	bcggbdbfccfdcadefffcdfbcegadgcgbddgefbbaffagac	0	72d199fa-6e01-d929-8a24-e64968b9d7b9
encode	abcdefg	003d4118-f44d-f1ca-84f9-30ddece15efe		aaabaagefcegaeabdbafdedegaecgdbcbbcfdbefecaecg
decode	abcdefg	aaabaagefcegaeabdbafdedegaecgdbcbbcfdbefecaecg	0	003d4118-f44d-f1ca-84f9-30ddece15efe
encode	abcdefg	463c15c0-f570-3781-6b25-f78f4838d2b0		agafbfbebgfdgdgecdfefcdgffegaaabdefcfdebebeccd
decode	abcdefg	agafbfbebgfdgdgecdfefcdgffegaaabdefcfdebebeccd	0	463c15c0-f570-3781-6b25-f78f4838d2b0
encode	abcdefg	fb7eae77-97f7-6eda-1deb-5b8f02756781		dagadffccfbcdcefcadaeegddeffefgebfgfgcdfdcfdcd
decode	abcdefg	dagadffccfbcdcefcadaeegddeffefgebfgfgcdfdcfdcd	0	fb7eae77-97f7-6eda-1deb-5b8f02756781
encode	abcdefg	d72c875c-066f-968f-76f2-244578833081		ceegfdgagdbdgcdcbdbfffeebfbccdfgbcfbgfcfefdeeb
decode	abcdefg	ceegfdgagdbdgcdcbdbfffeebfbccdfgbcfbgfcfefdeeb	0	d72c875c-066f-968f-76f2-244578833081
encode_pad	abcdefg	535d05ce-5a75-b000-006a-f5e42abd553d	1	babfbcbaggbgdcdagbfcfaffgdaegbffbedbebdaagaddb
encode_pad	abcdefg	28412e78-874a-56ce-7738-da3241a1204e	5	ddddebaagbeacgefaagbbfdgfdcaceedabgddafcegbdc
encode_pad	abcdefg	b3fda7d6-19ef-721a-3ed1-9f9a74ad7f65	22	cbedgbdfbdebafgagecacbadcegfefcffgdbdadeeffbba
encode_pad	abcdefg	099af3ea-d667-add7-b5f9-02968e89c746	40	ffgdccefccdfbdgffdabfbdcccebfbadfdcaabdgbdeb
decode	abcdefg	a	0	00000000-0000-0000-0000-000000000000
decode	abcdefg	adg	0	00000000-0000-0000-0000-00000000001b
decode	abcdefg	adggbce	0	00000000-0000-0000-0000-000000010588
decode	abcdefg	cbfccefffefafgfefadbafdfacfbeaebgcfgfccecbggda	1	2dd0289c-fa7f-0cfe-b678-337e14af1779
uuid_name	23456789ABCDEFGHJKLMNPQRSTUVWXYZabcdefghijkmnopqrstuvwxyz	example.com		exu3DTbj2ncsn9tLdLWspw
uuid_name	23456789ABCDEFGHJKLMNPQRSTUVWXYZabcdefghijkmnopqrstuvwxyz	http://www.example.com/		nzUQAfy7CW4Dd4kzLguPSV
uuid_name	23456789ABCDEFGHJKLMNPQRSTUVWXYZabcdefghijkmnopqrstuvwxyz	HTTP://www.example.com/		N9ZezvXJcoXvKzwiNmGYmH
uuid_name	23456789ABCDEFGHJKLMNPQRSTUVWXYZabcdefghijkmnopqrstuvwxyz	https://example.org/path?q=1		4oYvqGxNA3FPCMYriPYLVf
uuid_name	23456789ABCDEFGHJKLMNPQRSTUVWXYZabcdefghijkmnopqrstuvwxyz	sub.domain.example.net		MTLa9canL2iaHARXUhjcR8
uuid_name	0123456789abcdef	example.com		cfbff0d193755685968c48ce8b15ae17
uuid_name	0123456789abcdef	http://www.example.com/		fcde3c852270590f9e7cee003d65e0e2
uuid_name	0123456789abcdef	HTTP://www.example.com/		7127832fc6dd5d86a4d32b108235f612
uuid_name	0123456789abcdef	https://example.org/path?q=1		0fbb4d508293569a8709c2f877c0a513
uuid_name	0123456789abcdef	sub.domain.example.net		6d493f86eeae5e6a90701966aa1245c1
int_to_string	0123456789abcdef	0		
int_to_string	0123456789abcdef	1		1
string_to_int	0123456789abcdef	1		1
int_to_string	0123456789abcdef	15		f
string_to_int	0123456789abcdef	f		15
int_to_string	0123456789abcdef	16		10
string_to_int	0123456789abcdef	10		16
int_to_string	0123456789abcdef	255		ff
string_to_int	0123456789abcdef	ff		255
int_to_string	0123456789abcdef	256		100
string_to_int	0123456789abcdef	100		256
int_to_string	0123456789abcdef	65535		ffff
string_to_int	0123456789abcdef	ffff		65535
int_to_string	0123456789abcdef	18446744073709551616		10000000000000000
string_to_int	0123456789abcdef	10000000000000000		18446744073709551616
int_to_string	0123456789abcdef	340282366920938463463374607431768211455		ffffffffffffffffffffffffffffffff
string_to_int	0123456789abcdef	ffffffffffffffffffffffffffffffff		340282366920938463463374607431768211455
int_to_string_pad	0123456789abcdef	16	8	00000010
int_to_string_pad	0123456789abcdef	0	4	0000
int_to_string_pad	0123456789abcdef	255	2	ff
